solid meshmagick
  facet normal   -1.000000e+00  -0.000000e+00   0.000000e+00
    outer loop
      vertex  -6.700000e-01  -4.457143e-01   1.450000e-01
      vertex  -6.700000e-01  -4.800000e-01   1.200000e-01
      vertex  -6.700000e-01  -4.800000e-01   1.700000e-01
    endloop
  endfacet
  facet normal   -1.000000e+00   0.000000e+00   0.000000e+00
    outer loop
      vertex  -6.700000e-01  -4.457143e-01   1.450000e-01
      vertex  -6.700000e-01  -4.800000e-01   1.700000e-01
      vertex  -6.700000e-01  -4.114286e-01   1.700000e-01
    endloop
  endfacet
  facet normal   -1.000000e+00   0.000000e+00  -0.000000e+00
    outer loop
      vertex  -6.700000e-01  -4.457143e-01   1.450000e-01
      vertex  -6.700000e-01  -4.114286e-01   1.200000e-01
      vertex  -6.700000e-01  -4.800000e-01   1.200000e-01
    endloop
  endfacet
  facet normal   -1.000000e+00   0.000000e+00   0.000000e+00
    outer loop
      vertex  -6.700000e-01   4.457143e-01   1.450000e-01
      vertex  -6.700000e-01   4.800000e-01   1.700000e-01
      vertex  -6.700000e-01   4.800000e-01   1.200000e-01
    endloop
  endfacet
  facet normal   -1.000000e+00   0.000000e+00   0.000000e+00
    outer loop
      vertex  -6.700000e-01   4.457143e-01   1.450000e-01
      vertex  -6.700000e-01   4.114286e-01   1.700000e-01
      vertex  -6.700000e-01   4.800000e-01   1.700000e-01
    endloop
  endfacet
  facet normal   -1.000000e+00   0.000000e+00  -0.000000e+00
    outer loop
      vertex  -6.700000e-01   4.457143e-01   1.450000e-01
      vertex  -6.700000e-01   4.800000e-01   1.200000e-01
      vertex  -6.700000e-01   4.114286e-01   1.200000e-01
    endloop
  endfacet
  facet normal   -1.000000e+00   0.000000e+00   0.000000e+00
    outer loop
      vertex  -6.700000e-01  -3.771429e-01   1.450000e-01
      vertex  -6.700000e-01  -4.114286e-01   1.700000e-01
      vertex  -6.700000e-01  -3.428571e-01   1.700000e-01
    endloop
  endfacet
  facet normal   -1.000000e+00   0.000000e+00   0.000000e+00
    outer loop
      vertex  -6.700000e-01  -4.457143e-01   1.450000e-01
      vertex  -6.700000e-01  -4.114286e-01   1.700000e-01
      vertex  -6.700000e-01  -4.114286e-01   1.200000e-01
    endloop
  endfacet
  facet normal   -1.000000e+00  -0.000000e+00   0.000000e+00
    outer loop
      vertex  -6.700000e-01  -3.771429e-01   1.450000e-01
      vertex  -6.700000e-01  -4.114286e-01   1.200000e-01
      vertex  -6.700000e-01  -4.114286e-01   1.700000e-01
    endloop
  endfacet
  facet normal   -1.000000e+00   0.000000e+00   0.000000e+00
    outer loop
      vertex  -6.700000e-01  -3.085714e-01   1.450000e-01
      vertex  -6.700000e-01  -3.428571e-01   1.700000e-01
      vertex  -6.700000e-01  -2.742857e-01   1.700000e-01
    endloop
  endfacet
  facet normal   -1.000000e+00   0.000000e+00   0.000000e+00
    outer loop
      vertex  -6.700000e-01  -3.771429e-01   1.450000e-01
      vertex  -6.700000e-01  -3.428571e-01   1.700000e-01
      vertex  -6.700000e-01  -3.428571e-01   1.200000e-01
    endloop
  endfacet
  facet normal   -1.000000e+00  -0.000000e+00   0.000000e+00
    outer loop
      vertex  -6.700000e-01  -3.085714e-01   1.450000e-01
      vertex  -6.700000e-01  -3.428571e-01   1.200000e-01
      vertex  -6.700000e-01  -3.428571e-01   1.700000e-01
    endloop
  endfacet
  facet normal   -1.000000e+00   0.000000e+00   0.000000e+00
    outer loop
      vertex  -6.700000e-01  -2.400000e-01   1.450000e-01
      vertex  -6.700000e-01  -2.742857e-01   1.700000e-01
      vertex  -6.700000e-01  -2.057143e-01   1.700000e-01
    endloop
  endfacet
  facet normal   -1.000000e+00  -0.000000e+00   0.000000e+00
    outer loop
      vertex  -6.700000e-01  -2.400000e-01   1.450000e-01
      vertex  -6.700000e-01  -2.742857e-01   1.200000e-01
      vertex  -6.700000e-01  -2.742857e-01   1.700000e-01
    endloop
  endfacet
  facet normal   -1.000000e+00   0.000000e+00   0.000000e+00
    outer loop
      vertex  -6.700000e-01  -3.085714e-01   1.450000e-01
      vertex  -6.700000e-01  -2.742857e-01   1.700000e-01
      vertex  -6.700000e-01  -2.742857e-01   1.200000e-01
    endloop
  endfacet
  facet normal   -1.000000e+00   0.000000e+00   0.000000e+00
    outer loop
      vertex  -6.700000e-01  -1.714286e-01   1.450000e-01
      vertex  -6.700000e-01  -2.057143e-01   1.700000e-01
      vertex  -6.700000e-01  -1.371429e-01   1.700000e-01
    endloop
  endfacet
  facet normal   -1.000000e+00   0.000000e+00   0.000000e+00
    outer loop
      vertex  -6.700000e-01  -2.400000e-01   1.450000e-01
      vertex  -6.700000e-01  -2.057143e-01   1.700000e-01
      vertex  -6.700000e-01  -2.057143e-01   1.200000e-01
    endloop
  endfacet
  facet normal   -1.000000e+00  -0.000000e+00   0.000000e+00
    outer loop
      vertex  -6.700000e-01  -1.714286e-01   1.450000e-01
      vertex  -6.700000e-01  -2.057143e-01   1.200000e-01
      vertex  -6.700000e-01  -2.057143e-01   1.700000e-01
    endloop
  endfacet
  facet normal   -1.000000e+00   0.000000e+00   0.000000e+00
    outer loop
      vertex  -6.700000e-01  -1.028571e-01   1.450000e-01
      vertex  -6.700000e-01  -1.371429e-01   1.700000e-01
      vertex  -6.700000e-01  -6.857143e-02   1.700000e-01
    endloop
  endfacet
  facet normal   -1.000000e+00  -0.000000e+00   0.000000e+00
    outer loop
      vertex  -6.700000e-01  -1.028571e-01   1.450000e-01
      vertex  -6.700000e-01  -1.371429e-01   1.200000e-01
      vertex  -6.700000e-01  -1.371429e-01   1.700000e-01
    endloop
  endfacet
  facet normal   -1.000000e+00   0.000000e+00   0.000000e+00
    outer loop
      vertex  -6.700000e-01  -1.714286e-01   1.450000e-01
      vertex  -6.700000e-01  -1.371429e-01   1.700000e-01
      vertex  -6.700000e-01  -1.371429e-01   1.200000e-01
    endloop
  endfacet
  facet normal   -1.000000e+00   0.000000e+00   0.000000e+00
    outer loop
      vertex  -6.700000e-01  -3.428571e-02   1.450000e-01
      vertex  -6.700000e-01  -6.857143e-02   1.700000e-01
      vertex  -6.700000e-01  -1.276756e-15   1.700000e-01
    endloop
  endfacet
  facet normal   -1.000000e+00   0.000000e+00   0.000000e+00
    outer loop
      vertex  -6.700000e-01  -1.028571e-01   1.450000e-01
      vertex  -6.700000e-01  -6.857143e-02   1.700000e-01
      vertex  -6.700000e-01  -6.857143e-02   1.200000e-01
    endloop
  endfacet
  facet normal   -1.000000e+00  -0.000000e+00   0.000000e+00
    outer loop
      vertex  -6.700000e-01  -3.428571e-02   1.450000e-01
      vertex  -6.700000e-01  -6.857143e-02   1.200000e-01
      vertex  -6.700000e-01  -6.857143e-02   1.700000e-01
    endloop
  endfacet
  facet normal   -1.000000e+00   0.000000e+00   0.000000e+00
    outer loop
      vertex  -6.700000e-01   3.428571e-02   1.450000e-01
      vertex  -6.700000e-01  -1.276756e-15   1.700000e-01
      vertex  -6.700000e-01   6.857143e-02   1.700000e-01
    endloop
  endfacet
  facet normal   -1.000000e+00  -0.000000e+00   0.000000e+00
    outer loop
      vertex  -6.700000e-01   3.428571e-02   1.450000e-01
      vertex  -6.700000e-01  -1.276756e-15   1.200000e-01
      vertex  -6.700000e-01  -1.276756e-15   1.700000e-01
    endloop
  endfacet
  facet normal   -1.000000e+00   0.000000e+00   0.000000e+00
    outer loop
      vertex  -6.700000e-01  -3.428571e-02   1.450000e-01
      vertex  -6.700000e-01  -1.276756e-15   1.700000e-01
      vertex  -6.700000e-01  -1.276756e-15   1.200000e-01
    endloop
  endfacet
  facet normal   -1.000000e+00   0.000000e+00   0.000000e+00
    outer loop
      vertex  -6.700000e-01   1.028571e-01   1.450000e-01
      vertex  -6.700000e-01   6.857143e-02   1.700000e-01
      vertex  -6.700000e-01   1.371429e-01   1.700000e-01
    endloop
  endfacet
  facet normal   -1.000000e+00  -0.000000e+00   0.000000e+00
    outer loop
      vertex  -6.700000e-01   1.028571e-01   1.450000e-01
      vertex  -6.700000e-01   6.857143e-02   1.200000e-01
      vertex  -6.700000e-01   6.857143e-02   1.700000e-01
    endloop
  endfacet
  facet normal   -1.000000e+00   0.000000e+00   0.000000e+00
    outer loop
      vertex  -6.700000e-01   3.428571e-02   1.450000e-01
      vertex  -6.700000e-01   6.857143e-02   1.700000e-01
      vertex  -6.700000e-01   6.857143e-02   1.200000e-01
    endloop
  endfacet
  facet normal   -1.000000e+00   0.000000e+00   0.000000e+00
    outer loop
      vertex  -6.700000e-01   1.714286e-01   1.450000e-01
      vertex  -6.700000e-01   1.371429e-01   1.700000e-01
      vertex  -6.700000e-01   2.057143e-01   1.700000e-01
    endloop
  endfacet
  facet normal   -1.000000e+00  -0.000000e+00   0.000000e+00
    outer loop
      vertex  -6.700000e-01   1.714286e-01   1.450000e-01
      vertex  -6.700000e-01   1.371429e-01   1.200000e-01
      vertex  -6.700000e-01   1.371429e-01   1.700000e-01
    endloop
  endfacet
  facet normal   -1.000000e+00   0.000000e+00   0.000000e+00
    outer loop
      vertex  -6.700000e-01   1.028571e-01   1.450000e-01
      vertex  -6.700000e-01   1.371429e-01   1.700000e-01
      vertex  -6.700000e-01   1.371429e-01   1.200000e-01
    endloop
  endfacet
  facet normal   -1.000000e+00   0.000000e+00   0.000000e+00
    outer loop
      vertex  -6.700000e-01   2.400000e-01   1.450000e-01
      vertex  -6.700000e-01   2.057143e-01   1.700000e-01
      vertex  -6.700000e-01   2.742857e-01   1.700000e-01
    endloop
  endfacet
  facet normal   -1.000000e+00  -0.000000e+00   0.000000e+00
    outer loop
      vertex  -6.700000e-01   2.400000e-01   1.450000e-01
      vertex  -6.700000e-01   2.057143e-01   1.200000e-01
      vertex  -6.700000e-01   2.057143e-01   1.700000e-01
    endloop
  endfacet
  facet normal   -1.000000e+00   0.000000e+00   0.000000e+00
    outer loop
      vertex  -6.700000e-01   1.714286e-01   1.450000e-01
      vertex  -6.700000e-01   2.057143e-01   1.700000e-01
      vertex  -6.700000e-01   2.057143e-01   1.200000e-01
    endloop
  endfacet
  facet normal   -1.000000e+00   0.000000e+00   0.000000e+00
    outer loop
      vertex  -6.700000e-01   3.085714e-01   1.450000e-01
      vertex  -6.700000e-01   2.742857e-01   1.700000e-01
      vertex  -6.700000e-01   3.428571e-01   1.700000e-01
    endloop
  endfacet
  facet normal   -1.000000e+00   0.000000e+00   0.000000e+00
    outer loop
      vertex  -6.700000e-01   2.400000e-01   1.450000e-01
      vertex  -6.700000e-01   2.742857e-01   1.700000e-01
      vertex  -6.700000e-01   2.742857e-01   1.200000e-01
    endloop
  endfacet
  facet normal   -1.000000e+00  -0.000000e+00   0.000000e+00
    outer loop
      vertex  -6.700000e-01   3.085714e-01   1.450000e-01
      vertex  -6.700000e-01   2.742857e-01   1.200000e-01
      vertex  -6.700000e-01   2.742857e-01   1.700000e-01
    endloop
  endfacet
  facet normal   -1.000000e+00   0.000000e+00   0.000000e+00
    outer loop
      vertex  -6.700000e-01   3.771429e-01   1.450000e-01
      vertex  -6.700000e-01   3.428571e-01   1.700000e-01
      vertex  -6.700000e-01   4.114286e-01   1.700000e-01
    endloop
  endfacet
  facet normal   -1.000000e+00   0.000000e+00   0.000000e+00
    outer loop
      vertex  -6.700000e-01   3.085714e-01   1.450000e-01
      vertex  -6.700000e-01   3.428571e-01   1.700000e-01
      vertex  -6.700000e-01   3.428571e-01   1.200000e-01
    endloop
  endfacet
  facet normal   -1.000000e+00  -0.000000e+00   0.000000e+00
    outer loop
      vertex  -6.700000e-01   3.771429e-01   1.450000e-01
      vertex  -6.700000e-01   3.428571e-01   1.200000e-01
      vertex  -6.700000e-01   3.428571e-01   1.700000e-01
    endloop
  endfacet
  facet normal   -1.000000e+00   0.000000e+00   0.000000e+00
    outer loop
      vertex  -6.700000e-01   3.771429e-01   1.450000e-01
      vertex  -6.700000e-01   4.114286e-01   1.700000e-01
      vertex  -6.700000e-01   4.114286e-01   1.200000e-01
    endloop
  endfacet
  facet normal   -1.000000e+00  -0.000000e+00   0.000000e+00
    outer loop
      vertex  -6.700000e-01   4.457143e-01   1.450000e-01
      vertex  -6.700000e-01   4.114286e-01   1.200000e-01
      vertex  -6.700000e-01   4.114286e-01   1.700000e-01
    endloop
  endfacet
  facet normal   -1.000000e+00   0.000000e+00  -0.000000e+00
    outer loop
      vertex  -6.700000e-01  -3.771429e-01   1.450000e-01
      vertex  -6.700000e-01  -3.428571e-01   1.200000e-01
      vertex  -6.700000e-01  -4.114286e-01   1.200000e-01
    endloop
  endfacet
  facet normal   -1.000000e+00   0.000000e+00  -0.000000e+00
    outer loop
      vertex  -6.700000e-01  -3.085714e-01   1.450000e-01
      vertex  -6.700000e-01  -2.742857e-01   1.200000e-01
      vertex  -6.700000e-01  -3.428571e-01   1.200000e-01
    endloop
  endfacet
  facet normal   -1.000000e+00   0.000000e+00  -0.000000e+00
    outer loop
      vertex  -6.700000e-01  -2.400000e-01   1.450000e-01
      vertex  -6.700000e-01  -2.057143e-01   1.200000e-01
      vertex  -6.700000e-01  -2.742857e-01   1.200000e-01
    endloop
  endfacet
  facet normal   -1.000000e+00   0.000000e+00  -0.000000e+00
    outer loop
      vertex  -6.700000e-01  -1.714286e-01   1.450000e-01
      vertex  -6.700000e-01  -1.371429e-01   1.200000e-01
      vertex  -6.700000e-01  -2.057143e-01   1.200000e-01
    endloop
  endfacet
  facet normal   -1.000000e+00   0.000000e+00  -0.000000e+00
    outer loop
      vertex  -6.700000e-01  -1.028571e-01   1.450000e-01
      vertex  -6.700000e-01  -6.857143e-02   1.200000e-01
      vertex  -6.700000e-01  -1.371429e-01   1.200000e-01
    endloop
  endfacet
  facet normal   -1.000000e+00   0.000000e+00  -0.000000e+00
    outer loop
      vertex  -6.700000e-01  -3.428571e-02   1.450000e-01
      vertex  -6.700000e-01  -1.276756e-15   1.200000e-01
      vertex  -6.700000e-01  -6.857143e-02   1.200000e-01
    endloop
  endfacet
  facet normal   -1.000000e+00   0.000000e+00  -0.000000e+00
    outer loop
      vertex  -6.700000e-01   3.428571e-02   1.450000e-01
      vertex  -6.700000e-01   6.857143e-02   1.200000e-01
      vertex  -6.700000e-01  -1.276756e-15   1.200000e-01
    endloop
  endfacet
  facet normal   -1.000000e+00   0.000000e+00  -0.000000e+00
    outer loop
      vertex  -6.700000e-01   1.028571e-01   1.450000e-01
      vertex  -6.700000e-01   1.371429e-01   1.200000e-01
      vertex  -6.700000e-01   6.857143e-02   1.200000e-01
    endloop
  endfacet
  facet normal   -1.000000e+00   0.000000e+00  -0.000000e+00
    outer loop
      vertex  -6.700000e-01   1.714286e-01   1.450000e-01
      vertex  -6.700000e-01   2.057143e-01   1.200000e-01
      vertex  -6.700000e-01   1.371429e-01   1.200000e-01
    endloop
  endfacet
  facet normal   -1.000000e+00   0.000000e+00  -0.000000e+00
    outer loop
      vertex  -6.700000e-01   2.400000e-01   1.450000e-01
      vertex  -6.700000e-01   2.742857e-01   1.200000e-01
      vertex  -6.700000e-01   2.057143e-01   1.200000e-01
    endloop
  endfacet
  facet normal   -1.000000e+00   0.000000e+00  -0.000000e+00
    outer loop
      vertex  -6.700000e-01   3.085714e-01   1.450000e-01
      vertex  -6.700000e-01   3.428571e-01   1.200000e-01
      vertex  -6.700000e-01   2.742857e-01   1.200000e-01
    endloop
  endfacet
  facet normal   -1.000000e+00   0.000000e+00  -0.000000e+00
    outer loop
      vertex  -6.700000e-01   3.771429e-01   1.450000e-01
      vertex  -6.700000e-01   4.114286e-01   1.200000e-01
      vertex  -6.700000e-01   3.428571e-01   1.200000e-01
    endloop
  endfacet
  facet normal    1.000000e+00   0.000000e+00   0.000000e+00
    outer loop
      vertex   6.700000e-01  -4.800000e-01   1.700000e-01
      vertex   6.700000e-01  -4.800000e-01   1.200000e-01
      vertex   6.700000e-01  -4.457143e-01   1.450000e-01
    endloop
  endfacet
  facet normal    1.000000e+00   0.000000e+00   0.000000e+00
    outer loop
      vertex   6.700000e-01  -4.114286e-01   1.700000e-01
      vertex   6.700000e-01  -4.800000e-01   1.700000e-01
      vertex   6.700000e-01  -4.457143e-01   1.450000e-01
    endloop
  endfacet
  facet normal    1.000000e+00   0.000000e+00   0.000000e+00
    outer loop
      vertex   6.700000e-01  -4.800000e-01   1.200000e-01
      vertex   6.700000e-01  -4.114286e-01   1.200000e-01
      vertex   6.700000e-01  -4.457143e-01   1.450000e-01
    endloop
  endfacet
  facet normal    1.000000e+00   0.000000e+00  -0.000000e+00
    outer loop
      vertex   6.700000e-01   4.800000e-01   1.200000e-01
      vertex   6.700000e-01   4.800000e-01   1.700000e-01
      vertex   6.700000e-01   4.457143e-01   1.450000e-01
    endloop
  endfacet
  facet normal    1.000000e+00   0.000000e+00   0.000000e+00
    outer loop
      vertex   6.700000e-01   4.800000e-01   1.700000e-01
      vertex   6.700000e-01   4.114286e-01   1.700000e-01
      vertex   6.700000e-01   4.457143e-01   1.450000e-01
    endloop
  endfacet
  facet normal    1.000000e+00   0.000000e+00   0.000000e+00
    outer loop
      vertex   6.700000e-01   4.114286e-01   1.200000e-01
      vertex   6.700000e-01   4.800000e-01   1.200000e-01
      vertex   6.700000e-01   4.457143e-01   1.450000e-01
    endloop
  endfacet
  facet normal    1.000000e+00   0.000000e+00   0.000000e+00
    outer loop
      vertex   6.700000e-01  -3.428571e-01   1.700000e-01
      vertex   6.700000e-01  -4.114286e-01   1.700000e-01
      vertex   6.700000e-01  -3.771429e-01   1.450000e-01
    endloop
  endfacet
  facet normal    1.000000e+00   0.000000e+00  -0.000000e+00
    outer loop
      vertex   6.700000e-01  -4.114286e-01   1.200000e-01
      vertex   6.700000e-01  -4.114286e-01   1.700000e-01
      vertex   6.700000e-01  -4.457143e-01   1.450000e-01
    endloop
  endfacet
  facet normal    1.000000e+00   0.000000e+00   0.000000e+00
    outer loop
      vertex   6.700000e-01  -4.114286e-01   1.700000e-01
      vertex   6.700000e-01  -4.114286e-01   1.200000e-01
      vertex   6.700000e-01  -3.771429e-01   1.450000e-01
    endloop
  endfacet
  facet normal    1.000000e+00   0.000000e+00   0.000000e+00
    outer loop
      vertex   6.700000e-01  -2.742857e-01   1.700000e-01
      vertex   6.700000e-01  -3.428571e-01   1.700000e-01
      vertex   6.700000e-01  -3.085714e-01   1.450000e-01
    endloop
  endfacet
  facet normal    1.000000e+00   0.000000e+00  -0.000000e+00
    outer loop
      vertex   6.700000e-01  -3.428571e-01   1.200000e-01
      vertex   6.700000e-01  -3.428571e-01   1.700000e-01
      vertex   6.700000e-01  -3.771429e-01   1.450000e-01
    endloop
  endfacet
  facet normal    1.000000e+00   0.000000e+00   0.000000e+00
    outer loop
      vertex   6.700000e-01  -3.428571e-01   1.700000e-01
      vertex   6.700000e-01  -3.428571e-01   1.200000e-01
      vertex   6.700000e-01  -3.085714e-01   1.450000e-01
    endloop
  endfacet
  facet normal    1.000000e+00   0.000000e+00   0.000000e+00
    outer loop
      vertex   6.700000e-01  -2.057143e-01   1.700000e-01
      vertex   6.700000e-01  -2.742857e-01   1.700000e-01
      vertex   6.700000e-01  -2.400000e-01   1.450000e-01
    endloop
  endfacet
  facet normal    1.000000e+00   0.000000e+00   0.000000e+00
    outer loop
      vertex   6.700000e-01  -2.742857e-01   1.700000e-01
      vertex   6.700000e-01  -2.742857e-01   1.200000e-01
      vertex   6.700000e-01  -2.400000e-01   1.450000e-01
    endloop
  endfacet
  facet normal    1.000000e+00   0.000000e+00  -0.000000e+00
    outer loop
      vertex   6.700000e-01  -2.742857e-01   1.200000e-01
      vertex   6.700000e-01  -2.742857e-01   1.700000e-01
      vertex   6.700000e-01  -3.085714e-01   1.450000e-01
    endloop
  endfacet
  facet normal    1.000000e+00   0.000000e+00   0.000000e+00
    outer loop
      vertex   6.700000e-01  -1.371429e-01   1.700000e-01
      vertex   6.700000e-01  -2.057143e-01   1.700000e-01
      vertex   6.700000e-01  -1.714286e-01   1.450000e-01
    endloop
  endfacet
  facet normal    1.000000e+00   0.000000e+00  -0.000000e+00
    outer loop
      vertex   6.700000e-01  -2.057143e-01   1.200000e-01
      vertex   6.700000e-01  -2.057143e-01   1.700000e-01
      vertex   6.700000e-01  -2.400000e-01   1.450000e-01
    endloop
  endfacet
  facet normal    1.000000e+00   0.000000e+00   0.000000e+00
    outer loop
      vertex   6.700000e-01  -2.057143e-01   1.700000e-01
      vertex   6.700000e-01  -2.057143e-01   1.200000e-01
      vertex   6.700000e-01  -1.714286e-01   1.450000e-01
    endloop
  endfacet
  facet normal    1.000000e+00   0.000000e+00   0.000000e+00
    outer loop
      vertex   6.700000e-01  -6.857143e-02   1.700000e-01
      vertex   6.700000e-01  -1.371429e-01   1.700000e-01
      vertex   6.700000e-01  -1.028571e-01   1.450000e-01
    endloop
  endfacet
  facet normal    1.000000e+00   0.000000e+00   0.000000e+00
    outer loop
      vertex   6.700000e-01  -1.371429e-01   1.700000e-01
      vertex   6.700000e-01  -1.371429e-01   1.200000e-01
      vertex   6.700000e-01  -1.028571e-01   1.450000e-01
    endloop
  endfacet
  facet normal    1.000000e+00   0.000000e+00  -0.000000e+00
    outer loop
      vertex   6.700000e-01  -1.371429e-01   1.200000e-01
      vertex   6.700000e-01  -1.371429e-01   1.700000e-01
      vertex   6.700000e-01  -1.714286e-01   1.450000e-01
    endloop
  endfacet
  facet normal    1.000000e+00   0.000000e+00   0.000000e+00
    outer loop
      vertex   6.700000e-01  -1.276756e-15   1.700000e-01
      vertex   6.700000e-01  -6.857143e-02   1.700000e-01
      vertex   6.700000e-01  -3.428571e-02   1.450000e-01
    endloop
  endfacet
  facet normal    1.000000e+00   0.000000e+00  -0.000000e+00
    outer loop
      vertex   6.700000e-01  -6.857143e-02   1.200000e-01
      vertex   6.700000e-01  -6.857143e-02   1.700000e-01
      vertex   6.700000e-01  -1.028571e-01   1.450000e-01
    endloop
  endfacet
  facet normal    1.000000e+00   0.000000e+00   0.000000e+00
    outer loop
      vertex   6.700000e-01  -6.857143e-02   1.700000e-01
      vertex   6.700000e-01  -6.857143e-02   1.200000e-01
      vertex   6.700000e-01  -3.428571e-02   1.450000e-01
    endloop
  endfacet
  facet normal    1.000000e+00   0.000000e+00   0.000000e+00
    outer loop
      vertex   6.700000e-01   6.857143e-02   1.700000e-01
      vertex   6.700000e-01  -1.276756e-15   1.700000e-01
      vertex   6.700000e-01   3.428571e-02   1.450000e-01
    endloop
  endfacet
  facet normal    1.000000e+00   0.000000e+00   0.000000e+00
    outer loop
      vertex   6.700000e-01  -1.276756e-15   1.700000e-01
      vertex   6.700000e-01  -1.276756e-15   1.200000e-01
      vertex   6.700000e-01   3.428571e-02   1.450000e-01
    endloop
  endfacet
  facet normal    1.000000e+00   0.000000e+00  -0.000000e+00
    outer loop
      vertex   6.700000e-01  -1.276756e-15   1.200000e-01
      vertex   6.700000e-01  -1.276756e-15   1.700000e-01
      vertex   6.700000e-01  -3.428571e-02   1.450000e-01
    endloop
  endfacet
  facet normal    1.000000e+00   0.000000e+00   0.000000e+00
    outer loop
      vertex   6.700000e-01   1.371429e-01   1.700000e-01
      vertex   6.700000e-01   6.857143e-02   1.700000e-01
      vertex   6.700000e-01   1.028571e-01   1.450000e-01
    endloop
  endfacet
  facet normal    1.000000e+00   0.000000e+00   0.000000e+00
    outer loop
      vertex   6.700000e-01   6.857143e-02   1.700000e-01
      vertex   6.700000e-01   6.857143e-02   1.200000e-01
      vertex   6.700000e-01   1.028571e-01   1.450000e-01
    endloop
  endfacet
  facet normal    1.000000e+00   0.000000e+00  -0.000000e+00
    outer loop
      vertex   6.700000e-01   6.857143e-02   1.200000e-01
      vertex   6.700000e-01   6.857143e-02   1.700000e-01
      vertex   6.700000e-01   3.428571e-02   1.450000e-01
    endloop
  endfacet
  facet normal    1.000000e+00   0.000000e+00   0.000000e+00
    outer loop
      vertex   6.700000e-01   2.057143e-01   1.700000e-01
      vertex   6.700000e-01   1.371429e-01   1.700000e-01
      vertex   6.700000e-01   1.714286e-01   1.450000e-01
    endloop
  endfacet
  facet normal    1.000000e+00   0.000000e+00   0.000000e+00
    outer loop
      vertex   6.700000e-01   1.371429e-01   1.700000e-01
      vertex   6.700000e-01   1.371429e-01   1.200000e-01
      vertex   6.700000e-01   1.714286e-01   1.450000e-01
    endloop
  endfacet
  facet normal    1.000000e+00   0.000000e+00  -0.000000e+00
    outer loop
      vertex   6.700000e-01   1.371429e-01   1.200000e-01
      vertex   6.700000e-01   1.371429e-01   1.700000e-01
      vertex   6.700000e-01   1.028571e-01   1.450000e-01
    endloop
  endfacet
  facet normal    1.000000e+00   0.000000e+00   0.000000e+00
    outer loop
      vertex   6.700000e-01   2.742857e-01   1.700000e-01
      vertex   6.700000e-01   2.057143e-01   1.700000e-01
      vertex   6.700000e-01   2.400000e-01   1.450000e-01
    endloop
  endfacet
  facet normal    1.000000e+00   0.000000e+00   0.000000e+00
    outer loop
      vertex   6.700000e-01   2.057143e-01   1.700000e-01
      vertex   6.700000e-01   2.057143e-01   1.200000e-01
      vertex   6.700000e-01   2.400000e-01   1.450000e-01
    endloop
  endfacet
  facet normal    1.000000e+00   0.000000e+00  -0.000000e+00
    outer loop
      vertex   6.700000e-01   2.057143e-01   1.200000e-01
      vertex   6.700000e-01   2.057143e-01   1.700000e-01
      vertex   6.700000e-01   1.714286e-01   1.450000e-01
    endloop
  endfacet
  facet normal    1.000000e+00   0.000000e+00   0.000000e+00
    outer loop
      vertex   6.700000e-01   3.428571e-01   1.700000e-01
      vertex   6.700000e-01   2.742857e-01   1.700000e-01
      vertex   6.700000e-01   3.085714e-01   1.450000e-01
    endloop
  endfacet
  facet normal    1.000000e+00   0.000000e+00  -0.000000e+00
    outer loop
      vertex   6.700000e-01   2.742857e-01   1.200000e-01
      vertex   6.700000e-01   2.742857e-01   1.700000e-01
      vertex   6.700000e-01   2.400000e-01   1.450000e-01
    endloop
  endfacet
  facet normal    1.000000e+00   0.000000e+00   0.000000e+00
    outer loop
      vertex   6.700000e-01   2.742857e-01   1.700000e-01
      vertex   6.700000e-01   2.742857e-01   1.200000e-01
      vertex   6.700000e-01   3.085714e-01   1.450000e-01
    endloop
  endfacet
  facet normal    1.000000e+00   0.000000e+00   0.000000e+00
    outer loop
      vertex   6.700000e-01   4.114286e-01   1.700000e-01
      vertex   6.700000e-01   3.428571e-01   1.700000e-01
      vertex   6.700000e-01   3.771429e-01   1.450000e-01
    endloop
  endfacet
  facet normal    1.000000e+00   0.000000e+00  -0.000000e+00
    outer loop
      vertex   6.700000e-01   3.428571e-01   1.200000e-01
      vertex   6.700000e-01   3.428571e-01   1.700000e-01
      vertex   6.700000e-01   3.085714e-01   1.450000e-01
    endloop
  endfacet
  facet normal    1.000000e+00   0.000000e+00   0.000000e+00
    outer loop
      vertex   6.700000e-01   3.428571e-01   1.700000e-01
      vertex   6.700000e-01   3.428571e-01   1.200000e-01
      vertex   6.700000e-01   3.771429e-01   1.450000e-01
    endloop
  endfacet
  facet normal    1.000000e+00   0.000000e+00  -0.000000e+00
    outer loop
      vertex   6.700000e-01   4.114286e-01   1.200000e-01
      vertex   6.700000e-01   4.114286e-01   1.700000e-01
      vertex   6.700000e-01   3.771429e-01   1.450000e-01
    endloop
  endfacet
  facet normal    1.000000e+00   0.000000e+00   0.000000e+00
    outer loop
      vertex   6.700000e-01   4.114286e-01   1.700000e-01
      vertex   6.700000e-01   4.114286e-01   1.200000e-01
      vertex   6.700000e-01   4.457143e-01   1.450000e-01
    endloop
  endfacet
  facet normal    1.000000e+00   0.000000e+00   0.000000e+00
    outer loop
      vertex   6.700000e-01  -4.114286e-01   1.200000e-01
      vertex   6.700000e-01  -3.428571e-01   1.200000e-01
      vertex   6.700000e-01  -3.771429e-01   1.450000e-01
    endloop
  endfacet
  facet normal    1.000000e+00   0.000000e+00   0.000000e+00
    outer loop
      vertex   6.700000e-01  -3.428571e-01   1.200000e-01
      vertex   6.700000e-01  -2.742857e-01   1.200000e-01
      vertex   6.700000e-01  -3.085714e-01   1.450000e-01
    endloop
  endfacet
  facet normal    1.000000e+00   0.000000e+00   0.000000e+00
    outer loop
      vertex   6.700000e-01  -2.742857e-01   1.200000e-01
      vertex   6.700000e-01  -2.057143e-01   1.200000e-01
      vertex   6.700000e-01  -2.400000e-01   1.450000e-01
    endloop
  endfacet
  facet normal    1.000000e+00   0.000000e+00   0.000000e+00
    outer loop
      vertex   6.700000e-01  -2.057143e-01   1.200000e-01
      vertex   6.700000e-01  -1.371429e-01   1.200000e-01
      vertex   6.700000e-01  -1.714286e-01   1.450000e-01
    endloop
  endfacet
  facet normal    1.000000e+00   0.000000e+00   0.000000e+00
    outer loop
      vertex   6.700000e-01  -1.371429e-01   1.200000e-01
      vertex   6.700000e-01  -6.857143e-02   1.200000e-01
      vertex   6.700000e-01  -1.028571e-01   1.450000e-01
    endloop
  endfacet
  facet normal    1.000000e+00   0.000000e+00   0.000000e+00
    outer loop
      vertex   6.700000e-01  -6.857143e-02   1.200000e-01
      vertex   6.700000e-01  -1.276756e-15   1.200000e-01
      vertex   6.700000e-01  -3.428571e-02   1.450000e-01
    endloop
  endfacet
  facet normal    1.000000e+00   0.000000e+00   0.000000e+00
    outer loop
      vertex   6.700000e-01  -1.276756e-15   1.200000e-01
      vertex   6.700000e-01   6.857143e-02   1.200000e-01
      vertex   6.700000e-01   3.428571e-02   1.450000e-01
    endloop
  endfacet
  facet normal    1.000000e+00   0.000000e+00   0.000000e+00
    outer loop
      vertex   6.700000e-01   6.857143e-02   1.200000e-01
      vertex   6.700000e-01   1.371429e-01   1.200000e-01
      vertex   6.700000e-01   1.028571e-01   1.450000e-01
    endloop
  endfacet
  facet normal    1.000000e+00   0.000000e+00   0.000000e+00
    outer loop
      vertex   6.700000e-01   1.371429e-01   1.200000e-01
      vertex   6.700000e-01   2.057143e-01   1.200000e-01
      vertex   6.700000e-01   1.714286e-01   1.450000e-01
    endloop
  endfacet
  facet normal    1.000000e+00   0.000000e+00   0.000000e+00
    outer loop
      vertex   6.700000e-01   2.057143e-01   1.200000e-01
      vertex   6.700000e-01   2.742857e-01   1.200000e-01
      vertex   6.700000e-01   2.400000e-01   1.450000e-01
    endloop
  endfacet
  facet normal    1.000000e+00   0.000000e+00   0.000000e+00
    outer loop
      vertex   6.700000e-01   2.742857e-01   1.200000e-01
      vertex   6.700000e-01   3.428571e-01   1.200000e-01
      vertex   6.700000e-01   3.085714e-01   1.450000e-01
    endloop
  endfacet
  facet normal    1.000000e+00   0.000000e+00   0.000000e+00
    outer loop
      vertex   6.700000e-01   3.428571e-01   1.200000e-01
      vertex   6.700000e-01   4.114286e-01   1.200000e-01
      vertex   6.700000e-01   3.771429e-01   1.450000e-01
    endloop
  endfacet
  facet normal   -0.000000e+00  -1.000000e+00   0.000000e+00
    outer loop
      vertex  -6.347368e-01  -4.800000e-01   1.450000e-01
      vertex  -6.700000e-01  -4.800000e-01   1.700000e-01
      vertex  -6.700000e-01  -4.800000e-01   1.200000e-01
    endloop
  endfacet
  facet normal    0.000000e+00  -1.000000e+00   0.000000e+00
    outer loop
      vertex  -6.347368e-01  -4.800000e-01   1.450000e-01
      vertex  -5.994737e-01  -4.800000e-01   1.700000e-01
      vertex  -6.700000e-01  -4.800000e-01   1.700000e-01
    endloop
  endfacet
  facet normal    0.000000e+00  -1.000000e+00  -0.000000e+00
    outer loop
      vertex  -6.347368e-01  -4.800000e-01   1.450000e-01
      vertex  -6.700000e-01  -4.800000e-01   1.200000e-01
      vertex  -5.994737e-01  -4.800000e-01   1.200000e-01
    endloop
  endfacet
  facet normal    0.000000e+00  -1.000000e+00   0.000000e+00
    outer loop
      vertex   6.347368e-01  -4.800000e-01   1.450000e-01
      vertex   6.700000e-01  -4.800000e-01   1.200000e-01
      vertex   6.700000e-01  -4.800000e-01   1.700000e-01
    endloop
  endfacet
  facet normal    0.000000e+00  -1.000000e+00   0.000000e+00
    outer loop
      vertex   6.347368e-01  -4.800000e-01   1.450000e-01
      vertex   6.700000e-01  -4.800000e-01   1.700000e-01
      vertex   5.994737e-01  -4.800000e-01   1.700000e-01
    endloop
  endfacet
  facet normal    0.000000e+00  -1.000000e+00  -0.000000e+00
    outer loop
      vertex   6.347368e-01  -4.800000e-01   1.450000e-01
      vertex   5.994737e-01  -4.800000e-01   1.200000e-01
      vertex   6.700000e-01  -4.800000e-01   1.200000e-01
    endloop
  endfacet
  facet normal    0.000000e+00  -1.000000e+00  -0.000000e+00
    outer loop
      vertex  -5.642105e-01  -4.800000e-01   1.450000e-01
      vertex  -5.994737e-01  -4.800000e-01   1.200000e-01
      vertex  -5.289474e-01  -4.800000e-01   1.200000e-01
    endloop
  endfacet
  facet normal    0.000000e+00  -1.000000e+00   0.000000e+00
    outer loop
      vertex  -6.347368e-01  -4.800000e-01   1.450000e-01
      vertex  -5.994737e-01  -4.800000e-01   1.200000e-01
      vertex  -5.994737e-01  -4.800000e-01   1.700000e-01
    endloop
  endfacet
  facet normal   -0.000000e+00  -1.000000e+00   0.000000e+00
    outer loop
      vertex  -5.642105e-01  -4.800000e-01   1.450000e-01
      vertex  -5.994737e-01  -4.800000e-01   1.700000e-01
      vertex  -5.994737e-01  -4.800000e-01   1.200000e-01
    endloop
  endfacet
  facet normal    0.000000e+00  -1.000000e+00  -0.000000e+00
    outer loop
      vertex  -4.936842e-01  -4.800000e-01   1.450000e-01
      vertex  -5.289474e-01  -4.800000e-01   1.200000e-01
      vertex  -4.584211e-01  -4.800000e-01   1.200000e-01
    endloop
  endfacet
  facet normal   -0.000000e+00  -1.000000e+00   0.000000e+00
    outer loop
      vertex  -4.936842e-01  -4.800000e-01   1.450000e-01
      vertex  -5.289474e-01  -4.800000e-01   1.700000e-01
      vertex  -5.289474e-01  -4.800000e-01   1.200000e-01
    endloop
  endfacet
  facet normal    0.000000e+00  -1.000000e+00   0.000000e+00
    outer loop
      vertex  -5.642105e-01  -4.800000e-01   1.450000e-01
      vertex  -5.289474e-01  -4.800000e-01   1.200000e-01
      vertex  -5.289474e-01  -4.800000e-01   1.700000e-01
    endloop
  endfacet
  facet normal    0.000000e+00  -1.000000e+00  -0.000000e+00
    outer loop
      vertex  -4.231579e-01  -4.800000e-01   1.450000e-01
      vertex  -4.584211e-01  -4.800000e-01   1.200000e-01
      vertex  -3.878947e-01  -4.800000e-01   1.200000e-01
    endloop
  endfacet
  facet normal    0.000000e+00  -1.000000e+00   0.000000e+00
    outer loop
      vertex  -4.936842e-01  -4.800000e-01   1.450000e-01
      vertex  -4.584211e-01  -4.800000e-01   1.200000e-01
      vertex  -4.584211e-01  -4.800000e-01   1.700000e-01
    endloop
  endfacet
  facet normal   -0.000000e+00  -1.000000e+00   0.000000e+00
    outer loop
      vertex  -4.231579e-01  -4.800000e-01   1.450000e-01
      vertex  -4.584211e-01  -4.800000e-01   1.700000e-01
      vertex  -4.584211e-01  -4.800000e-01   1.200000e-01
    endloop
  endfacet
  facet normal    0.000000e+00  -1.000000e+00  -0.000000e+00
    outer loop
      vertex  -3.526316e-01  -4.800000e-01   1.450000e-01
      vertex  -3.878947e-01  -4.800000e-01   1.200000e-01
      vertex  -3.173684e-01  -4.800000e-01   1.200000e-01
    endloop
  endfacet
  facet normal    0.000000e+00  -1.000000e+00   0.000000e+00
    outer loop
      vertex  -4.231579e-01  -4.800000e-01   1.450000e-01
      vertex  -3.878947e-01  -4.800000e-01   1.200000e-01
      vertex  -3.878947e-01  -4.800000e-01   1.700000e-01
    endloop
  endfacet
  facet normal   -0.000000e+00  -1.000000e+00   0.000000e+00
    outer loop
      vertex  -3.526316e-01  -4.800000e-01   1.450000e-01
      vertex  -3.878947e-01  -4.800000e-01   1.700000e-01
      vertex  -3.878947e-01  -4.800000e-01   1.200000e-01
    endloop
  endfacet
  facet normal    0.000000e+00  -1.000000e+00  -0.000000e+00
    outer loop
      vertex  -2.821053e-01  -4.800000e-01   1.450000e-01
      vertex  -3.173684e-01  -4.800000e-01   1.200000e-01
      vertex  -2.468421e-01  -4.800000e-01   1.200000e-01
    endloop
  endfacet
  facet normal    0.000000e+00  -1.000000e+00   0.000000e+00
    outer loop
      vertex  -3.526316e-01  -4.800000e-01   1.450000e-01
      vertex  -3.173684e-01  -4.800000e-01   1.200000e-01
      vertex  -3.173684e-01  -4.800000e-01   1.700000e-01
    endloop
  endfacet
  facet normal   -0.000000e+00  -1.000000e+00   0.000000e+00
    outer loop
      vertex  -2.821053e-01  -4.800000e-01   1.450000e-01
      vertex  -3.173684e-01  -4.800000e-01   1.700000e-01
      vertex  -3.173684e-01  -4.800000e-01   1.200000e-01
    endloop
  endfacet
  facet normal    0.000000e+00  -1.000000e+00  -0.000000e+00
    outer loop
      vertex  -2.115789e-01  -4.800000e-01   1.450000e-01
      vertex  -2.468421e-01  -4.800000e-01   1.200000e-01
      vertex  -1.763158e-01  -4.800000e-01   1.200000e-01
    endloop
  endfacet
  facet normal   -0.000000e+00  -1.000000e+00   0.000000e+00
    outer loop
      vertex  -2.115789e-01  -4.800000e-01   1.450000e-01
      vertex  -2.468421e-01  -4.800000e-01   1.700000e-01
      vertex  -2.468421e-01  -4.800000e-01   1.200000e-01
    endloop
  endfacet
  facet normal    0.000000e+00  -1.000000e+00   0.000000e+00
    outer loop
      vertex  -2.821053e-01  -4.800000e-01   1.450000e-01
      vertex  -2.468421e-01  -4.800000e-01   1.200000e-01
      vertex  -2.468421e-01  -4.800000e-01   1.700000e-01
    endloop
  endfacet
  facet normal    0.000000e+00  -1.000000e+00  -0.000000e+00
    outer loop
      vertex  -1.410526e-01  -4.800000e-01   1.450000e-01
      vertex  -1.763158e-01  -4.800000e-01   1.200000e-01
      vertex  -1.057895e-01  -4.800000e-01   1.200000e-01
    endloop
  endfacet
  facet normal    0.000000e+00  -1.000000e+00   0.000000e+00
    outer loop
      vertex  -2.115789e-01  -4.800000e-01   1.450000e-01
      vertex  -1.763158e-01  -4.800000e-01   1.200000e-01
      vertex  -1.763158e-01  -4.800000e-01   1.700000e-01
    endloop
  endfacet
  facet normal   -0.000000e+00  -1.000000e+00   0.000000e+00
    outer loop
      vertex  -1.410526e-01  -4.800000e-01   1.450000e-01
      vertex  -1.763158e-01  -4.800000e-01   1.700000e-01
      vertex  -1.763158e-01  -4.800000e-01   1.200000e-01
    endloop
  endfacet
  facet normal    0.000000e+00  -1.000000e+00  -0.000000e+00
    outer loop
      vertex  -7.052632e-02  -4.800000e-01   1.450000e-01
      vertex  -1.057895e-01  -4.800000e-01   1.200000e-01
      vertex  -3.526316e-02  -4.800000e-01   1.200000e-01
    endloop
  endfacet
  facet normal    0.000000e+00  -1.000000e+00   0.000000e+00
    outer loop
      vertex  -1.410526e-01  -4.800000e-01   1.450000e-01
      vertex  -1.057895e-01  -4.800000e-01   1.200000e-01
      vertex  -1.057895e-01  -4.800000e-01   1.700000e-01
    endloop
  endfacet
  facet normal   -0.000000e+00  -1.000000e+00   0.000000e+00
    outer loop
      vertex  -7.052632e-02  -4.800000e-01   1.450000e-01
      vertex  -1.057895e-01  -4.800000e-01   1.700000e-01
      vertex  -1.057895e-01  -4.800000e-01   1.200000e-01
    endloop
  endfacet
  facet normal    0.000000e+00  -1.000000e+00  -0.000000e+00
    outer loop
      vertex   0.000000e+00  -4.800000e-01   1.450000e-01
      vertex  -3.526316e-02  -4.800000e-01   1.200000e-01
      vertex   3.526316e-02  -4.800000e-01   1.200000e-01
    endloop
  endfacet
  facet normal   -0.000000e+00  -1.000000e+00   0.000000e+00
    outer loop
      vertex   0.000000e+00  -4.800000e-01   1.450000e-01
      vertex  -3.526316e-02  -4.800000e-01   1.700000e-01
      vertex  -3.526316e-02  -4.800000e-01   1.200000e-01
    endloop
  endfacet
  facet normal    0.000000e+00  -1.000000e+00   0.000000e+00
    outer loop
      vertex  -7.052632e-02  -4.800000e-01   1.450000e-01
      vertex  -3.526316e-02  -4.800000e-01   1.200000e-01
      vertex  -3.526316e-02  -4.800000e-01   1.700000e-01
    endloop
  endfacet
  facet normal    0.000000e+00  -1.000000e+00  -0.000000e+00
    outer loop
      vertex   7.052632e-02  -4.800000e-01   1.450000e-01
      vertex   3.526316e-02  -4.800000e-01   1.200000e-01
      vertex   1.057895e-01  -4.800000e-01   1.200000e-01
    endloop
  endfacet
  facet normal    0.000000e+00  -1.000000e+00   0.000000e+00
    outer loop
      vertex   0.000000e+00  -4.800000e-01   1.450000e-01
      vertex   3.526316e-02  -4.800000e-01   1.200000e-01
      vertex   3.526316e-02  -4.800000e-01   1.700000e-01
    endloop
  endfacet
  facet normal   -0.000000e+00  -1.000000e+00   0.000000e+00
    outer loop
      vertex   7.052632e-02  -4.800000e-01   1.450000e-01
      vertex   3.526316e-02  -4.800000e-01   1.700000e-01
      vertex   3.526316e-02  -4.800000e-01   1.200000e-01
    endloop
  endfacet
  facet normal    0.000000e+00  -1.000000e+00  -0.000000e+00
    outer loop
      vertex   1.410526e-01  -4.800000e-01   1.450000e-01
      vertex   1.057895e-01  -4.800000e-01   1.200000e-01
      vertex   1.763158e-01  -4.800000e-01   1.200000e-01
    endloop
  endfacet
  facet normal    0.000000e+00  -1.000000e+00   0.000000e+00
    outer loop
      vertex   7.052632e-02  -4.800000e-01   1.450000e-01
      vertex   1.057895e-01  -4.800000e-01   1.200000e-01
      vertex   1.057895e-01  -4.800000e-01   1.700000e-01
    endloop
  endfacet
  facet normal   -0.000000e+00  -1.000000e+00   0.000000e+00
    outer loop
      vertex   1.410526e-01  -4.800000e-01   1.450000e-01
      vertex   1.057895e-01  -4.800000e-01   1.700000e-01
      vertex   1.057895e-01  -4.800000e-01   1.200000e-01
    endloop
  endfacet
  facet normal    0.000000e+00  -1.000000e+00  -0.000000e+00
    outer loop
      vertex   2.115789e-01  -4.800000e-01   1.450000e-01
      vertex   1.763158e-01  -4.800000e-01   1.200000e-01
      vertex   2.468421e-01  -4.800000e-01   1.200000e-01
    endloop
  endfacet
  facet normal   -0.000000e+00  -1.000000e+00   0.000000e+00
    outer loop
      vertex   2.115789e-01  -4.800000e-01   1.450000e-01
      vertex   1.763158e-01  -4.800000e-01   1.700000e-01
      vertex   1.763158e-01  -4.800000e-01   1.200000e-01
    endloop
  endfacet
  facet normal    0.000000e+00  -1.000000e+00   0.000000e+00
    outer loop
      vertex   1.410526e-01  -4.800000e-01   1.450000e-01
      vertex   1.763158e-01  -4.800000e-01   1.200000e-01
      vertex   1.763158e-01  -4.800000e-01   1.700000e-01
    endloop
  endfacet
  facet normal    0.000000e+00  -1.000000e+00  -0.000000e+00
    outer loop
      vertex   2.821053e-01  -4.800000e-01   1.450000e-01
      vertex   2.468421e-01  -4.800000e-01   1.200000e-01
      vertex   3.173684e-01  -4.800000e-01   1.200000e-01
    endloop
  endfacet
  facet normal    0.000000e+00  -1.000000e+00   0.000000e+00
    outer loop
      vertex   2.115789e-01  -4.800000e-01   1.450000e-01
      vertex   2.468421e-01  -4.800000e-01   1.200000e-01
      vertex   2.468421e-01  -4.800000e-01   1.700000e-01
    endloop
  endfacet
  facet normal   -0.000000e+00  -1.000000e+00   0.000000e+00
    outer loop
      vertex   2.821053e-01  -4.800000e-01   1.450000e-01
      vertex   2.468421e-01  -4.800000e-01   1.700000e-01
      vertex   2.468421e-01  -4.800000e-01   1.200000e-01
    endloop
  endfacet
  facet normal    0.000000e+00  -1.000000e+00  -0.000000e+00
    outer loop
      vertex   3.526316e-01  -4.800000e-01   1.450000e-01
      vertex   3.173684e-01  -4.800000e-01   1.200000e-01
      vertex   3.878947e-01  -4.800000e-01   1.200000e-01
    endloop
  endfacet
  facet normal    0.000000e+00  -1.000000e+00   0.000000e+00
    outer loop
      vertex   2.821053e-01  -4.800000e-01   1.450000e-01
      vertex   3.173684e-01  -4.800000e-01   1.200000e-01
      vertex   3.173684e-01  -4.800000e-01   1.700000e-01
    endloop
  endfacet
  facet normal   -0.000000e+00  -1.000000e+00   0.000000e+00
    outer loop
      vertex   3.526316e-01  -4.800000e-01   1.450000e-01
      vertex   3.173684e-01  -4.800000e-01   1.700000e-01
      vertex   3.173684e-01  -4.800000e-01   1.200000e-01
    endloop
  endfacet
  facet normal    0.000000e+00  -1.000000e+00  -0.000000e+00
    outer loop
      vertex   4.231579e-01  -4.800000e-01   1.450000e-01
      vertex   3.878947e-01  -4.800000e-01   1.200000e-01
      vertex   4.584211e-01  -4.800000e-01   1.200000e-01
    endloop
  endfacet
  facet normal   -0.000000e+00  -1.000000e+00   0.000000e+00
    outer loop
      vertex   4.231579e-01  -4.800000e-01   1.450000e-01
      vertex   3.878947e-01  -4.800000e-01   1.700000e-01
      vertex   3.878947e-01  -4.800000e-01   1.200000e-01
    endloop
  endfacet
  facet normal    0.000000e+00  -1.000000e+00   0.000000e+00
    outer loop
      vertex   3.526316e-01  -4.800000e-01   1.450000e-01
      vertex   3.878947e-01  -4.800000e-01   1.200000e-01
      vertex   3.878947e-01  -4.800000e-01   1.700000e-01
    endloop
  endfacet
  facet normal    0.000000e+00  -1.000000e+00  -0.000000e+00
    outer loop
      vertex   4.936842e-01  -4.800000e-01   1.450000e-01
      vertex   4.584211e-01  -4.800000e-01   1.200000e-01
      vertex   5.289474e-01  -4.800000e-01   1.200000e-01
    endloop
  endfacet
  facet normal    0.000000e+00  -1.000000e+00   0.000000e+00
    outer loop
      vertex   4.231579e-01  -4.800000e-01   1.450000e-01
      vertex   4.584211e-01  -4.800000e-01   1.200000e-01
      vertex   4.584211e-01  -4.800000e-01   1.700000e-01
    endloop
  endfacet
  facet normal   -0.000000e+00  -1.000000e+00   0.000000e+00
    outer loop
      vertex   4.936842e-01  -4.800000e-01   1.450000e-01
      vertex   4.584211e-01  -4.800000e-01   1.700000e-01
      vertex   4.584211e-01  -4.800000e-01   1.200000e-01
    endloop
  endfacet
  facet normal    0.000000e+00  -1.000000e+00  -0.000000e+00
    outer loop
      vertex   5.642105e-01  -4.800000e-01   1.450000e-01
      vertex   5.289474e-01  -4.800000e-01   1.200000e-01
      vertex   5.994737e-01  -4.800000e-01   1.200000e-01
    endloop
  endfacet
  facet normal    0.000000e+00  -1.000000e+00   0.000000e+00
    outer loop
      vertex   4.936842e-01  -4.800000e-01   1.450000e-01
      vertex   5.289474e-01  -4.800000e-01   1.200000e-01
      vertex   5.289474e-01  -4.800000e-01   1.700000e-01
    endloop
  endfacet
  facet normal   -0.000000e+00  -1.000000e+00   0.000000e+00
    outer loop
      vertex   5.642105e-01  -4.800000e-01   1.450000e-01
      vertex   5.289474e-01  -4.800000e-01   1.700000e-01
      vertex   5.289474e-01  -4.800000e-01   1.200000e-01
    endloop
  endfacet
  facet normal   -0.000000e+00  -1.000000e+00   0.000000e+00
    outer loop
      vertex   6.347368e-01  -4.800000e-01   1.450000e-01
      vertex   5.994737e-01  -4.800000e-01   1.700000e-01
      vertex   5.994737e-01  -4.800000e-01   1.200000e-01
    endloop
  endfacet
  facet normal    0.000000e+00  -1.000000e+00   0.000000e+00
    outer loop
      vertex   5.642105e-01  -4.800000e-01   1.450000e-01
      vertex   5.994737e-01  -4.800000e-01   1.200000e-01
      vertex   5.994737e-01  -4.800000e-01   1.700000e-01
    endloop
  endfacet
  facet normal    0.000000e+00  -1.000000e+00   0.000000e+00
    outer loop
      vertex  -5.642105e-01  -4.800000e-01   1.450000e-01
      vertex  -5.289474e-01  -4.800000e-01   1.700000e-01
      vertex  -5.994737e-01  -4.800000e-01   1.700000e-01
    endloop
  endfacet
  facet normal    0.000000e+00  -1.000000e+00   0.000000e+00
    outer loop
      vertex  -4.936842e-01  -4.800000e-01   1.450000e-01
      vertex  -4.584211e-01  -4.800000e-01   1.700000e-01
      vertex  -5.289474e-01  -4.800000e-01   1.700000e-01
    endloop
  endfacet
  facet normal    0.000000e+00  -1.000000e+00   0.000000e+00
    outer loop
      vertex  -4.231579e-01  -4.800000e-01   1.450000e-01
      vertex  -3.878947e-01  -4.800000e-01   1.700000e-01
      vertex  -4.584211e-01  -4.800000e-01   1.700000e-01
    endloop
  endfacet
  facet normal    0.000000e+00  -1.000000e+00   0.000000e+00
    outer loop
      vertex  -3.526316e-01  -4.800000e-01   1.450000e-01
      vertex  -3.173684e-01  -4.800000e-01   1.700000e-01
      vertex  -3.878947e-01  -4.800000e-01   1.700000e-01
    endloop
  endfacet
  facet normal    0.000000e+00  -1.000000e+00   0.000000e+00
    outer loop
      vertex  -2.821053e-01  -4.800000e-01   1.450000e-01
      vertex  -2.468421e-01  -4.800000e-01   1.700000e-01
      vertex  -3.173684e-01  -4.800000e-01   1.700000e-01
    endloop
  endfacet
  facet normal    0.000000e+00  -1.000000e+00   0.000000e+00
    outer loop
      vertex  -2.115789e-01  -4.800000e-01   1.450000e-01
      vertex  -1.763158e-01  -4.800000e-01   1.700000e-01
      vertex  -2.468421e-01  -4.800000e-01   1.700000e-01
    endloop
  endfacet
  facet normal    0.000000e+00  -1.000000e+00   0.000000e+00
    outer loop
      vertex  -1.410526e-01  -4.800000e-01   1.450000e-01
      vertex  -1.057895e-01  -4.800000e-01   1.700000e-01
      vertex  -1.763158e-01  -4.800000e-01   1.700000e-01
    endloop
  endfacet
  facet normal    0.000000e+00  -1.000000e+00   0.000000e+00
    outer loop
      vertex  -7.052632e-02  -4.800000e-01   1.450000e-01
      vertex  -3.526316e-02  -4.800000e-01   1.700000e-01
      vertex  -1.057895e-01  -4.800000e-01   1.700000e-01
    endloop
  endfacet
  facet normal    0.000000e+00  -1.000000e+00   0.000000e+00
    outer loop
      vertex   0.000000e+00  -4.800000e-01   1.450000e-01
      vertex   3.526316e-02  -4.800000e-01   1.700000e-01
      vertex  -3.526316e-02  -4.800000e-01   1.700000e-01
    endloop
  endfacet
  facet normal    0.000000e+00  -1.000000e+00   0.000000e+00
    outer loop
      vertex   7.052632e-02  -4.800000e-01   1.450000e-01
      vertex   1.057895e-01  -4.800000e-01   1.700000e-01
      vertex   3.526316e-02  -4.800000e-01   1.700000e-01
    endloop
  endfacet
  facet normal    0.000000e+00  -1.000000e+00   0.000000e+00
    outer loop
      vertex   1.410526e-01  -4.800000e-01   1.450000e-01
      vertex   1.763158e-01  -4.800000e-01   1.700000e-01
      vertex   1.057895e-01  -4.800000e-01   1.700000e-01
    endloop
  endfacet
  facet normal    0.000000e+00  -1.000000e+00   0.000000e+00
    outer loop
      vertex   2.115789e-01  -4.800000e-01   1.450000e-01
      vertex   2.468421e-01  -4.800000e-01   1.700000e-01
      vertex   1.763158e-01  -4.800000e-01   1.700000e-01
    endloop
  endfacet
  facet normal    0.000000e+00  -1.000000e+00   0.000000e+00
    outer loop
      vertex   2.821053e-01  -4.800000e-01   1.450000e-01
      vertex   3.173684e-01  -4.800000e-01   1.700000e-01
      vertex   2.468421e-01  -4.800000e-01   1.700000e-01
    endloop
  endfacet
  facet normal    0.000000e+00  -1.000000e+00   0.000000e+00
    outer loop
      vertex   3.526316e-01  -4.800000e-01   1.450000e-01
      vertex   3.878947e-01  -4.800000e-01   1.700000e-01
      vertex   3.173684e-01  -4.800000e-01   1.700000e-01
    endloop
  endfacet
  facet normal    0.000000e+00  -1.000000e+00   0.000000e+00
    outer loop
      vertex   4.231579e-01  -4.800000e-01   1.450000e-01
      vertex   4.584211e-01  -4.800000e-01   1.700000e-01
      vertex   3.878947e-01  -4.800000e-01   1.700000e-01
    endloop
  endfacet
  facet normal    0.000000e+00  -1.000000e+00   0.000000e+00
    outer loop
      vertex   4.936842e-01  -4.800000e-01   1.450000e-01
      vertex   5.289474e-01  -4.800000e-01   1.700000e-01
      vertex   4.584211e-01  -4.800000e-01   1.700000e-01
    endloop
  endfacet
  facet normal    0.000000e+00  -1.000000e+00   0.000000e+00
    outer loop
      vertex   5.642105e-01  -4.800000e-01   1.450000e-01
      vertex   5.994737e-01  -4.800000e-01   1.700000e-01
      vertex   5.289474e-01  -4.800000e-01   1.700000e-01
    endloop
  endfacet
  facet normal    0.000000e+00   1.000000e+00   0.000000e+00
    outer loop
      vertex  -6.700000e-01   4.800000e-01   1.200000e-01
      vertex  -6.700000e-01   4.800000e-01   1.700000e-01
      vertex  -6.347368e-01   4.800000e-01   1.450000e-01
    endloop
  endfacet
  facet normal   -0.000000e+00   1.000000e+00   0.000000e+00
    outer loop
      vertex  -6.700000e-01   4.800000e-01   1.700000e-01
      vertex  -5.994737e-01   4.800000e-01   1.700000e-01
      vertex  -6.347368e-01   4.800000e-01   1.450000e-01
    endloop
  endfacet
  facet normal    0.000000e+00   1.000000e+00   0.000000e+00
    outer loop
      vertex  -5.994737e-01   4.800000e-01   1.200000e-01
      vertex  -6.700000e-01   4.800000e-01   1.200000e-01
      vertex  -6.347368e-01   4.800000e-01   1.450000e-01
    endloop
  endfacet
  facet normal    0.000000e+00   1.000000e+00   0.000000e+00
    outer loop
      vertex   6.700000e-01   4.800000e-01   1.700000e-01
      vertex   6.700000e-01   4.800000e-01   1.200000e-01
      vertex   6.347368e-01   4.800000e-01   1.450000e-01
    endloop
  endfacet
  facet normal   -0.000000e+00   1.000000e+00   0.000000e+00
    outer loop
      vertex   5.994737e-01   4.800000e-01   1.700000e-01
      vertex   6.700000e-01   4.800000e-01   1.700000e-01
      vertex   6.347368e-01   4.800000e-01   1.450000e-01
    endloop
  endfacet
  facet normal    0.000000e+00   1.000000e+00   0.000000e+00
    outer loop
      vertex   6.700000e-01   4.800000e-01   1.200000e-01
      vertex   5.994737e-01   4.800000e-01   1.200000e-01
      vertex   6.347368e-01   4.800000e-01   1.450000e-01
    endloop
  endfacet
  facet normal    0.000000e+00   1.000000e+00   0.000000e+00
    outer loop
      vertex  -5.289474e-01   4.800000e-01   1.200000e-01
      vertex  -5.994737e-01   4.800000e-01   1.200000e-01
      vertex  -5.642105e-01   4.800000e-01   1.450000e-01
    endloop
  endfacet
  facet normal    0.000000e+00   1.000000e+00   0.000000e+00
    outer loop
      vertex  -5.994737e-01   4.800000e-01   1.700000e-01
      vertex  -5.994737e-01   4.800000e-01   1.200000e-01
      vertex  -6.347368e-01   4.800000e-01   1.450000e-01
    endloop
  endfacet
  facet normal    0.000000e+00   1.000000e+00   0.000000e+00
    outer loop
      vertex  -5.994737e-01   4.800000e-01   1.200000e-01
      vertex  -5.994737e-01   4.800000e-01   1.700000e-01
      vertex  -5.642105e-01   4.800000e-01   1.450000e-01
    endloop
  endfacet
  facet normal    0.000000e+00   1.000000e+00   0.000000e+00
    outer loop
      vertex  -4.584211e-01   4.800000e-01   1.200000e-01
      vertex  -5.289474e-01   4.800000e-01   1.200000e-01
      vertex  -4.936842e-01   4.800000e-01   1.450000e-01
    endloop
  endfacet
  facet normal    0.000000e+00   1.000000e+00   0.000000e+00
    outer loop
      vertex  -5.289474e-01   4.800000e-01   1.200000e-01
      vertex  -5.289474e-01   4.800000e-01   1.700000e-01
      vertex  -4.936842e-01   4.800000e-01   1.450000e-01
    endloop
  endfacet
  facet normal    0.000000e+00   1.000000e+00   0.000000e+00
    outer loop
      vertex  -5.289474e-01   4.800000e-01   1.700000e-01
      vertex  -5.289474e-01   4.800000e-01   1.200000e-01
      vertex  -5.642105e-01   4.800000e-01   1.450000e-01
    endloop
  endfacet
  facet normal    0.000000e+00   1.000000e+00   0.000000e+00
    outer loop
      vertex  -3.878947e-01   4.800000e-01   1.200000e-01
      vertex  -4.584211e-01   4.800000e-01   1.200000e-01
      vertex  -4.231579e-01   4.800000e-01   1.450000e-01
    endloop
  endfacet
  facet normal    0.000000e+00   1.000000e+00   0.000000e+00
    outer loop
      vertex  -4.584211e-01   4.800000e-01   1.700000e-01
      vertex  -4.584211e-01   4.800000e-01   1.200000e-01
      vertex  -4.936842e-01   4.800000e-01   1.450000e-01
    endloop
  endfacet
  facet normal    0.000000e+00   1.000000e+00   0.000000e+00
    outer loop
      vertex  -4.584211e-01   4.800000e-01   1.200000e-01
      vertex  -4.584211e-01   4.800000e-01   1.700000e-01
      vertex  -4.231579e-01   4.800000e-01   1.450000e-01
    endloop
  endfacet
  facet normal    0.000000e+00   1.000000e+00   0.000000e+00
    outer loop
      vertex  -3.173684e-01   4.800000e-01   1.200000e-01
      vertex  -3.878947e-01   4.800000e-01   1.200000e-01
      vertex  -3.526316e-01   4.800000e-01   1.450000e-01
    endloop
  endfacet
  facet normal    0.000000e+00   1.000000e+00   0.000000e+00
    outer loop
      vertex  -3.878947e-01   4.800000e-01   1.700000e-01
      vertex  -3.878947e-01   4.800000e-01   1.200000e-01
      vertex  -4.231579e-01   4.800000e-01   1.450000e-01
    endloop
  endfacet
  facet normal    0.000000e+00   1.000000e+00   0.000000e+00
    outer loop
      vertex  -3.878947e-01   4.800000e-01   1.200000e-01
      vertex  -3.878947e-01   4.800000e-01   1.700000e-01
      vertex  -3.526316e-01   4.800000e-01   1.450000e-01
    endloop
  endfacet
  facet normal    0.000000e+00   1.000000e+00   0.000000e+00
    outer loop
      vertex  -2.468421e-01   4.800000e-01   1.200000e-01
      vertex  -3.173684e-01   4.800000e-01   1.200000e-01
      vertex  -2.821053e-01   4.800000e-01   1.450000e-01
    endloop
  endfacet
  facet normal    0.000000e+00   1.000000e+00   0.000000e+00
    outer loop
      vertex  -3.173684e-01   4.800000e-01   1.700000e-01
      vertex  -3.173684e-01   4.800000e-01   1.200000e-01
      vertex  -3.526316e-01   4.800000e-01   1.450000e-01
    endloop
  endfacet
  facet normal    0.000000e+00   1.000000e+00   0.000000e+00
    outer loop
      vertex  -3.173684e-01   4.800000e-01   1.200000e-01
      vertex  -3.173684e-01   4.800000e-01   1.700000e-01
      vertex  -2.821053e-01   4.800000e-01   1.450000e-01
    endloop
  endfacet
  facet normal    0.000000e+00   1.000000e+00   0.000000e+00
    outer loop
      vertex  -1.763158e-01   4.800000e-01   1.200000e-01
      vertex  -2.468421e-01   4.800000e-01   1.200000e-01
      vertex  -2.115789e-01   4.800000e-01   1.450000e-01
    endloop
  endfacet
  facet normal    0.000000e+00   1.000000e+00   0.000000e+00
    outer loop
      vertex  -2.468421e-01   4.800000e-01   1.200000e-01
      vertex  -2.468421e-01   4.800000e-01   1.700000e-01
      vertex  -2.115789e-01   4.800000e-01   1.450000e-01
    endloop
  endfacet
  facet normal    0.000000e+00   1.000000e+00   0.000000e+00
    outer loop
      vertex  -2.468421e-01   4.800000e-01   1.700000e-01
      vertex  -2.468421e-01   4.800000e-01   1.200000e-01
      vertex  -2.821053e-01   4.800000e-01   1.450000e-01
    endloop
  endfacet
  facet normal    0.000000e+00   1.000000e+00   0.000000e+00
    outer loop
      vertex  -1.057895e-01   4.800000e-01   1.200000e-01
      vertex  -1.763158e-01   4.800000e-01   1.200000e-01
      vertex  -1.410526e-01   4.800000e-01   1.450000e-01
    endloop
  endfacet
  facet normal    0.000000e+00   1.000000e+00   0.000000e+00
    outer loop
      vertex  -1.763158e-01   4.800000e-01   1.700000e-01
      vertex  -1.763158e-01   4.800000e-01   1.200000e-01
      vertex  -2.115789e-01   4.800000e-01   1.450000e-01
    endloop
  endfacet
  facet normal    0.000000e+00   1.000000e+00   0.000000e+00
    outer loop
      vertex  -1.763158e-01   4.800000e-01   1.200000e-01
      vertex  -1.763158e-01   4.800000e-01   1.700000e-01
      vertex  -1.410526e-01   4.800000e-01   1.450000e-01
    endloop
  endfacet
  facet normal    0.000000e+00   1.000000e+00   0.000000e+00
    outer loop
      vertex  -3.526316e-02   4.800000e-01   1.200000e-01
      vertex  -1.057895e-01   4.800000e-01   1.200000e-01
      vertex  -7.052632e-02   4.800000e-01   1.450000e-01
    endloop
  endfacet
  facet normal    0.000000e+00   1.000000e+00   0.000000e+00
    outer loop
      vertex  -1.057895e-01   4.800000e-01   1.700000e-01
      vertex  -1.057895e-01   4.800000e-01   1.200000e-01
      vertex  -1.410526e-01   4.800000e-01   1.450000e-01
    endloop
  endfacet
  facet normal    0.000000e+00   1.000000e+00   0.000000e+00
    outer loop
      vertex  -1.057895e-01   4.800000e-01   1.200000e-01
      vertex  -1.057895e-01   4.800000e-01   1.700000e-01
      vertex  -7.052632e-02   4.800000e-01   1.450000e-01
    endloop
  endfacet
  facet normal    0.000000e+00   1.000000e+00   0.000000e+00
    outer loop
      vertex   3.526316e-02   4.800000e-01   1.200000e-01
      vertex  -3.526316e-02   4.800000e-01   1.200000e-01
      vertex   0.000000e+00   4.800000e-01   1.450000e-01
    endloop
  endfacet
  facet normal    0.000000e+00   1.000000e+00   0.000000e+00
    outer loop
      vertex  -3.526316e-02   4.800000e-01   1.200000e-01
      vertex  -3.526316e-02   4.800000e-01   1.700000e-01
      vertex   0.000000e+00   4.800000e-01   1.450000e-01
    endloop
  endfacet
  facet normal    0.000000e+00   1.000000e+00   0.000000e+00
    outer loop
      vertex  -3.526316e-02   4.800000e-01   1.700000e-01
      vertex  -3.526316e-02   4.800000e-01   1.200000e-01
      vertex  -7.052632e-02   4.800000e-01   1.450000e-01
    endloop
  endfacet
  facet normal    0.000000e+00   1.000000e+00   0.000000e+00
    outer loop
      vertex   1.057895e-01   4.800000e-01   1.200000e-01
      vertex   3.526316e-02   4.800000e-01   1.200000e-01
      vertex   7.052632e-02   4.800000e-01   1.450000e-01
    endloop
  endfacet
  facet normal    0.000000e+00   1.000000e+00   0.000000e+00
    outer loop
      vertex   3.526316e-02   4.800000e-01   1.700000e-01
      vertex   3.526316e-02   4.800000e-01   1.200000e-01
      vertex   0.000000e+00   4.800000e-01   1.450000e-01
    endloop
  endfacet
  facet normal    0.000000e+00   1.000000e+00   0.000000e+00
    outer loop
      vertex   3.526316e-02   4.800000e-01   1.200000e-01
      vertex   3.526316e-02   4.800000e-01   1.700000e-01
      vertex   7.052632e-02   4.800000e-01   1.450000e-01
    endloop
  endfacet
  facet normal    0.000000e+00   1.000000e+00   0.000000e+00
    outer loop
      vertex   1.763158e-01   4.800000e-01   1.200000e-01
      vertex   1.057895e-01   4.800000e-01   1.200000e-01
      vertex   1.410526e-01   4.800000e-01   1.450000e-01
    endloop
  endfacet
  facet normal    0.000000e+00   1.000000e+00   0.000000e+00
    outer loop
      vertex   1.057895e-01   4.800000e-01   1.700000e-01
      vertex   1.057895e-01   4.800000e-01   1.200000e-01
      vertex   7.052632e-02   4.800000e-01   1.450000e-01
    endloop
  endfacet
  facet normal    0.000000e+00   1.000000e+00   0.000000e+00
    outer loop
      vertex   1.057895e-01   4.800000e-01   1.200000e-01
      vertex   1.057895e-01   4.800000e-01   1.700000e-01
      vertex   1.410526e-01   4.800000e-01   1.450000e-01
    endloop
  endfacet
  facet normal    0.000000e+00   1.000000e+00   0.000000e+00
    outer loop
      vertex   2.468421e-01   4.800000e-01   1.200000e-01
      vertex   1.763158e-01   4.800000e-01   1.200000e-01
      vertex   2.115789e-01   4.800000e-01   1.450000e-01
    endloop
  endfacet
  facet normal    0.000000e+00   1.000000e+00   0.000000e+00
    outer loop
      vertex   1.763158e-01   4.800000e-01   1.200000e-01
      vertex   1.763158e-01   4.800000e-01   1.700000e-01
      vertex   2.115789e-01   4.800000e-01   1.450000e-01
    endloop
  endfacet
  facet normal    0.000000e+00   1.000000e+00   0.000000e+00
    outer loop
      vertex   1.763158e-01   4.800000e-01   1.700000e-01
      vertex   1.763158e-01   4.800000e-01   1.200000e-01
      vertex   1.410526e-01   4.800000e-01   1.450000e-01
    endloop
  endfacet
  facet normal    0.000000e+00   1.000000e+00   0.000000e+00
    outer loop
      vertex   3.173684e-01   4.800000e-01   1.200000e-01
      vertex   2.468421e-01   4.800000e-01   1.200000e-01
      vertex   2.821053e-01   4.800000e-01   1.450000e-01
    endloop
  endfacet
  facet normal    0.000000e+00   1.000000e+00   0.000000e+00
    outer loop
      vertex   2.468421e-01   4.800000e-01   1.700000e-01
      vertex   2.468421e-01   4.800000e-01   1.200000e-01
      vertex   2.115789e-01   4.800000e-01   1.450000e-01
    endloop
  endfacet
  facet normal    0.000000e+00   1.000000e+00   0.000000e+00
    outer loop
      vertex   2.468421e-01   4.800000e-01   1.200000e-01
      vertex   2.468421e-01   4.800000e-01   1.700000e-01
      vertex   2.821053e-01   4.800000e-01   1.450000e-01
    endloop
  endfacet
  facet normal    0.000000e+00   1.000000e+00   0.000000e+00
    outer loop
      vertex   3.878947e-01   4.800000e-01   1.200000e-01
      vertex   3.173684e-01   4.800000e-01   1.200000e-01
      vertex   3.526316e-01   4.800000e-01   1.450000e-01
    endloop
  endfacet
  facet normal    0.000000e+00   1.000000e+00   0.000000e+00
    outer loop
      vertex   3.173684e-01   4.800000e-01   1.700000e-01
      vertex   3.173684e-01   4.800000e-01   1.200000e-01
      vertex   2.821053e-01   4.800000e-01   1.450000e-01
    endloop
  endfacet
  facet normal    0.000000e+00   1.000000e+00   0.000000e+00
    outer loop
      vertex   3.173684e-01   4.800000e-01   1.200000e-01
      vertex   3.173684e-01   4.800000e-01   1.700000e-01
      vertex   3.526316e-01   4.800000e-01   1.450000e-01
    endloop
  endfacet
  facet normal    0.000000e+00   1.000000e+00   0.000000e+00
    outer loop
      vertex   4.584211e-01   4.800000e-01   1.200000e-01
      vertex   3.878947e-01   4.800000e-01   1.200000e-01
      vertex   4.231579e-01   4.800000e-01   1.450000e-01
    endloop
  endfacet
  facet normal    0.000000e+00   1.000000e+00   0.000000e+00
    outer loop
      vertex   3.878947e-01   4.800000e-01   1.200000e-01
      vertex   3.878947e-01   4.800000e-01   1.700000e-01
      vertex   4.231579e-01   4.800000e-01   1.450000e-01
    endloop
  endfacet
  facet normal    0.000000e+00   1.000000e+00   0.000000e+00
    outer loop
      vertex   3.878947e-01   4.800000e-01   1.700000e-01
      vertex   3.878947e-01   4.800000e-01   1.200000e-01
      vertex   3.526316e-01   4.800000e-01   1.450000e-01
    endloop
  endfacet
  facet normal    0.000000e+00   1.000000e+00   0.000000e+00
    outer loop
      vertex   5.289474e-01   4.800000e-01   1.200000e-01
      vertex   4.584211e-01   4.800000e-01   1.200000e-01
      vertex   4.936842e-01   4.800000e-01   1.450000e-01
    endloop
  endfacet
  facet normal    0.000000e+00   1.000000e+00   0.000000e+00
    outer loop
      vertex   4.584211e-01   4.800000e-01   1.700000e-01
      vertex   4.584211e-01   4.800000e-01   1.200000e-01
      vertex   4.231579e-01   4.800000e-01   1.450000e-01
    endloop
  endfacet
  facet normal    0.000000e+00   1.000000e+00   0.000000e+00
    outer loop
      vertex   4.584211e-01   4.800000e-01   1.200000e-01
      vertex   4.584211e-01   4.800000e-01   1.700000e-01
      vertex   4.936842e-01   4.800000e-01   1.450000e-01
    endloop
  endfacet
  facet normal    0.000000e+00   1.000000e+00   0.000000e+00
    outer loop
      vertex   5.994737e-01   4.800000e-01   1.200000e-01
      vertex   5.289474e-01   4.800000e-01   1.200000e-01
      vertex   5.642105e-01   4.800000e-01   1.450000e-01
    endloop
  endfacet
  facet normal    0.000000e+00   1.000000e+00   0.000000e+00
    outer loop
      vertex   5.289474e-01   4.800000e-01   1.700000e-01
      vertex   5.289474e-01   4.800000e-01   1.200000e-01
      vertex   4.936842e-01   4.800000e-01   1.450000e-01
    endloop
  endfacet
  facet normal    0.000000e+00   1.000000e+00   0.000000e+00
    outer loop
      vertex   5.289474e-01   4.800000e-01   1.200000e-01
      vertex   5.289474e-01   4.800000e-01   1.700000e-01
      vertex   5.642105e-01   4.800000e-01   1.450000e-01
    endloop
  endfacet
  facet normal    0.000000e+00   1.000000e+00   0.000000e+00
    outer loop
      vertex   5.994737e-01   4.800000e-01   1.200000e-01
      vertex   5.994737e-01   4.800000e-01   1.700000e-01
      vertex   6.347368e-01   4.800000e-01   1.450000e-01
    endloop
  endfacet
  facet normal    0.000000e+00   1.000000e+00   0.000000e+00
    outer loop
      vertex   5.994737e-01   4.800000e-01   1.700000e-01
      vertex   5.994737e-01   4.800000e-01   1.200000e-01
      vertex   5.642105e-01   4.800000e-01   1.450000e-01
    endloop
  endfacet
  facet normal   -0.000000e+00   1.000000e+00   0.000000e+00
    outer loop
      vertex  -5.994737e-01   4.800000e-01   1.700000e-01
      vertex  -5.289474e-01   4.800000e-01   1.700000e-01
      vertex  -5.642105e-01   4.800000e-01   1.450000e-01
    endloop
  endfacet
  facet normal   -0.000000e+00   1.000000e+00   0.000000e+00
    outer loop
      vertex  -5.289474e-01   4.800000e-01   1.700000e-01
      vertex  -4.584211e-01   4.800000e-01   1.700000e-01
      vertex  -4.936842e-01   4.800000e-01   1.450000e-01
    endloop
  endfacet
  facet normal   -0.000000e+00   1.000000e+00   0.000000e+00
    outer loop
      vertex  -4.584211e-01   4.800000e-01   1.700000e-01
      vertex  -3.878947e-01   4.800000e-01   1.700000e-01
      vertex  -4.231579e-01   4.800000e-01   1.450000e-01
    endloop
  endfacet
  facet normal   -0.000000e+00   1.000000e+00   0.000000e+00
    outer loop
      vertex  -3.878947e-01   4.800000e-01   1.700000e-01
      vertex  -3.173684e-01   4.800000e-01   1.700000e-01
      vertex  -3.526316e-01   4.800000e-01   1.450000e-01
    endloop
  endfacet
  facet normal   -0.000000e+00   1.000000e+00   0.000000e+00
    outer loop
      vertex  -3.173684e-01   4.800000e-01   1.700000e-01
      vertex  -2.468421e-01   4.800000e-01   1.700000e-01
      vertex  -2.821053e-01   4.800000e-01   1.450000e-01
    endloop
  endfacet
  facet normal   -0.000000e+00   1.000000e+00   0.000000e+00
    outer loop
      vertex  -2.468421e-01   4.800000e-01   1.700000e-01
      vertex  -1.763158e-01   4.800000e-01   1.700000e-01
      vertex  -2.115789e-01   4.800000e-01   1.450000e-01
    endloop
  endfacet
  facet normal   -0.000000e+00   1.000000e+00   0.000000e+00
    outer loop
      vertex  -1.763158e-01   4.800000e-01   1.700000e-01
      vertex  -1.057895e-01   4.800000e-01   1.700000e-01
      vertex  -1.410526e-01   4.800000e-01   1.450000e-01
    endloop
  endfacet
  facet normal   -0.000000e+00   1.000000e+00   0.000000e+00
    outer loop
      vertex  -1.057895e-01   4.800000e-01   1.700000e-01
      vertex  -3.526316e-02   4.800000e-01   1.700000e-01
      vertex  -7.052632e-02   4.800000e-01   1.450000e-01
    endloop
  endfacet
  facet normal   -0.000000e+00   1.000000e+00   0.000000e+00
    outer loop
      vertex  -3.526316e-02   4.800000e-01   1.700000e-01
      vertex   3.526316e-02   4.800000e-01   1.700000e-01
      vertex   0.000000e+00   4.800000e-01   1.450000e-01
    endloop
  endfacet
  facet normal   -0.000000e+00   1.000000e+00   0.000000e+00
    outer loop
      vertex   3.526316e-02   4.800000e-01   1.700000e-01
      vertex   1.057895e-01   4.800000e-01   1.700000e-01
      vertex   7.052632e-02   4.800000e-01   1.450000e-01
    endloop
  endfacet
  facet normal   -0.000000e+00   1.000000e+00   0.000000e+00
    outer loop
      vertex   1.057895e-01   4.800000e-01   1.700000e-01
      vertex   1.763158e-01   4.800000e-01   1.700000e-01
      vertex   1.410526e-01   4.800000e-01   1.450000e-01
    endloop
  endfacet
  facet normal   -0.000000e+00   1.000000e+00   0.000000e+00
    outer loop
      vertex   1.763158e-01   4.800000e-01   1.700000e-01
      vertex   2.468421e-01   4.800000e-01   1.700000e-01
      vertex   2.115789e-01   4.800000e-01   1.450000e-01
    endloop
  endfacet
  facet normal   -0.000000e+00   1.000000e+00   0.000000e+00
    outer loop
      vertex   2.468421e-01   4.800000e-01   1.700000e-01
      vertex   3.173684e-01   4.800000e-01   1.700000e-01
      vertex   2.821053e-01   4.800000e-01   1.450000e-01
    endloop
  endfacet
  facet normal   -0.000000e+00   1.000000e+00   0.000000e+00
    outer loop
      vertex   3.173684e-01   4.800000e-01   1.700000e-01
      vertex   3.878947e-01   4.800000e-01   1.700000e-01
      vertex   3.526316e-01   4.800000e-01   1.450000e-01
    endloop
  endfacet
  facet normal   -0.000000e+00   1.000000e+00   0.000000e+00
    outer loop
      vertex   3.878947e-01   4.800000e-01   1.700000e-01
      vertex   4.584211e-01   4.800000e-01   1.700000e-01
      vertex   4.231579e-01   4.800000e-01   1.450000e-01
    endloop
  endfacet
  facet normal   -0.000000e+00   1.000000e+00   0.000000e+00
    outer loop
      vertex   4.584211e-01   4.800000e-01   1.700000e-01
      vertex   5.289474e-01   4.800000e-01   1.700000e-01
      vertex   4.936842e-01   4.800000e-01   1.450000e-01
    endloop
  endfacet
  facet normal   -0.000000e+00   1.000000e+00   0.000000e+00
    outer loop
      vertex   5.289474e-01   4.800000e-01   1.700000e-01
      vertex   5.994737e-01   4.800000e-01   1.700000e-01
      vertex   5.642105e-01   4.800000e-01   1.450000e-01
    endloop
  endfacet
  facet normal    9.357261e-01   3.405765e-01   9.178369e-02
    outer loop
      vertex  -6.433956e-01  -6.507212e-01   8.100000e-01
      vertex  -6.200000e-01  -7.150000e-01   8.100000e-01
      vertex  -6.328481e-01  -6.659638e-01   7.590294e-01
    endloop
  endfacet
  facet normal    9.354615e-01  -3.404802e-01   9.478911e-02
    outer loop
      vertex  -6.200000e-01  -7.150000e-01   8.100000e-01
      vertex  -6.433956e-01  -7.792788e-01   8.100000e-01
      vertex  -6.324581e-01  -7.633365e-01   7.593240e-01
    endloop
  endfacet
  facet normal    9.673467e-01   2.534570e-01   0.000000e+00
    outer loop
      vertex  -6.200000e-01  -7.150000e-01   8.100000e-01
      vertex  -6.200000e-01  -7.150000e-01   7.406667e-01
      vertex  -6.328481e-01  -6.659638e-01   7.590294e-01
    endloop
  endfacet
  facet normal    9.683540e-01  -2.495809e-01   0.000000e+00
    outer loop
      vertex  -6.200000e-01  -7.150000e-01   7.406667e-01
      vertex  -6.200000e-01  -7.150000e-01   8.100000e-01
      vertex  -6.324581e-01  -7.633365e-01   7.593240e-01
    endloop
  endfacet
  facet normal    9.673467e-01   2.534570e-01   0.000000e+00
    outer loop
      vertex  -6.200000e-01  -7.150000e-01  -1.606667e-01
      vertex  -6.200000e-01  -7.150000e-01  -2.300000e-01
      vertex  -6.328481e-01  -6.659638e-01  -1.790294e-01
    endloop
  endfacet
  facet normal    9.683540e-01  -2.495809e-01   0.000000e+00
    outer loop
      vertex  -6.200000e-01  -7.150000e-01  -2.300000e-01
      vertex  -6.200000e-01  -7.150000e-01  -1.606667e-01
      vertex  -6.324581e-01  -7.633365e-01  -1.793240e-01
    endloop
  endfacet
  facet normal    9.357261e-01   3.405765e-01  -9.178369e-02
    outer loop
      vertex  -6.200000e-01  -7.150000e-01  -2.300000e-01
      vertex  -6.433956e-01  -6.507212e-01  -2.300000e-01
      vertex  -6.328481e-01  -6.659638e-01  -1.790294e-01
    endloop
  endfacet
  facet normal    9.354615e-01  -3.404802e-01  -9.478911e-02
    outer loop
      vertex  -6.433956e-01  -7.792788e-01  -2.300000e-01
      vertex  -6.200000e-01  -7.150000e-01  -2.300000e-01
      vertex  -6.324581e-01  -7.633365e-01  -1.793240e-01
    endloop
  endfacet
  facet normal    4.980723e-01   8.626865e-01   8.772648e-02
    outer loop
      vertex  -7.026352e-01  -6.165192e-01   8.100000e-01
      vertex  -6.433956e-01  -6.507212e-01   8.100000e-01
      vertex  -6.727844e-01  -6.268485e-01   7.420967e-01
    endloop
  endfacet
  facet normal    7.116720e-01   6.997710e-01  -6.199650e-02
    outer loop
      vertex  -6.727844e-01  -6.268485e-01   7.420967e-01
      vertex  -6.433956e-01  -6.507212e-01   8.100000e-01
      vertex  -6.328481e-01  -6.659638e-01   7.590294e-01
    endloop
  endfacet
  facet normal   -1.727460e-01   9.796913e-01   1.018024e-01
    outer loop
      vertex  -7.700000e-01  -6.283975e-01   8.100000e-01
      vertex  -7.026352e-01  -6.165192e-01   8.100000e-01
      vertex  -7.373648e-01  -6.165192e-01   7.510681e-01
    endloop
  endfacet
  facet normal    1.457110e-01   9.855935e-01  -8.587020e-02
    outer loop
      vertex  -7.373648e-01  -6.165192e-01   7.510681e-01
      vertex  -7.026352e-01  -6.165192e-01   8.100000e-01
      vertex  -6.727844e-01  -6.268485e-01   7.420967e-01
    endloop
  endfacet
  facet normal   -7.635503e-01   6.406948e-01   8.062969e-02
    outer loop
      vertex  -8.139693e-01  -6.807980e-01   8.100000e-01
      vertex  -7.700000e-01  -6.283975e-01   8.100000e-01
      vertex  -8.003867e-01  -6.555190e-01   7.377550e-01
    endloop
  endfacet
  facet normal   -5.065281e-01   8.554219e-01  -1.080864e-01
    outer loop
      vertex  -7.700000e-01  -6.283975e-01   8.100000e-01
      vertex  -7.373648e-01  -6.165192e-01   7.510681e-01
      vertex  -8.003867e-01  -6.555190e-01   7.377550e-01
    endloop
  endfacet
  facet normal   -9.907947e-01   3.216194e-15   1.353732e-01
    outer loop
      vertex  -8.139693e-01  -7.492020e-01   8.100000e-01
      vertex  -8.139693e-01  -6.807980e-01   8.100000e-01
      vertex  -8.200000e-01  -7.150000e-01   7.658611e-01
    endloop
  endfacet
  facet normal   -9.574417e-01   2.763410e-01  -8.331289e-02
    outer loop
      vertex  -8.139693e-01  -6.807980e-01   8.100000e-01
      vertex  -8.003867e-01  -6.555190e-01   7.377550e-01
      vertex  -8.200000e-01  -7.150000e-01   7.658611e-01
    endloop
  endfacet
  facet normal   -7.620646e-01  -6.394481e-01   1.018024e-01
    outer loop
      vertex  -7.700000e-01  -8.016025e-01   8.100000e-01
      vertex  -8.139693e-01  -7.492020e-01   8.100000e-01
      vertex  -7.966044e-01  -7.792788e-01   7.510681e-01
    endloop
  endfacet
  facet normal   -9.416233e-01  -3.159828e-01  -1.161915e-01
    outer loop
      vertex  -7.966044e-01  -7.792788e-01   7.510681e-01
      vertex  -8.139693e-01  -7.492020e-01   8.100000e-01
      vertex  -8.200000e-01  -7.150000e-01   7.658611e-01
    endloop
  endfacet
  facet normal   -1.722129e-01  -9.766680e-01   1.283060e-01
    outer loop
      vertex  -7.026352e-01  -8.134808e-01   8.100000e-01
      vertex  -7.700000e-01  -8.016025e-01   8.100000e-01
      vertex  -7.373648e-01  -8.134808e-01   7.633857e-01
    endloop
  endfacet
  facet normal   -4.789610e-01  -8.704659e-01  -1.135141e-01
    outer loop
      vertex  -7.700000e-01  -8.016025e-01   8.100000e-01
      vertex  -7.966044e-01  -7.792788e-01   7.510681e-01
      vertex  -7.373648e-01  -8.134808e-01   7.633857e-01
    endloop
  endfacet
  facet normal    4.979251e-01  -8.624315e-01   9.100789e-02
    outer loop
      vertex  -6.433956e-01  -7.792788e-01   8.100000e-01
      vertex  -7.026352e-01  -8.134808e-01   8.100000e-01
      vertex  -6.728278e-01  -8.031747e-01   7.445816e-01
    endloop
  endfacet
  facet normal    1.294870e-01  -9.868769e-01  -9.647336e-02
    outer loop
      vertex  -6.728278e-01  -8.031747e-01   7.445816e-01
      vertex  -7.026352e-01  -8.134808e-01   8.100000e-01
      vertex  -7.373648e-01  -8.134808e-01   7.633857e-01
    endloop
  endfacet
  facet normal    7.129477e-01  -6.981280e-01  -6.574912e-02
    outer loop
      vertex  -6.433956e-01  -7.792788e-01   8.100000e-01
      vertex  -6.728278e-01  -8.031747e-01   7.445816e-01
      vertex  -6.324581e-01  -7.633365e-01   7.593240e-01
    endloop
  endfacet
  facet normal    9.538693e-01   3.002221e-01   0.000000e+00
    outer loop
      vertex  -6.200000e-01  -7.150000e-01  -9.133333e-02
      vertex  -6.200000e-01  -7.150000e-01  -1.606667e-01
      vertex  -6.380267e-01  -6.577255e-01  -1.260000e-01
    endloop
  endfacet
  facet normal    9.565457e-01  -2.915826e-01   0.000000e+00
    outer loop
      vertex  -6.200000e-01  -7.150000e-01  -1.606667e-01
      vertex  -6.200000e-01  -7.150000e-01  -9.133333e-02
      vertex  -6.370041e-01  -7.707824e-01  -1.230030e-01
    endloop
  endfacet
  facet normal    9.611323e-01   2.711992e-01   5.172701e-02
    outer loop
      vertex  -6.380267e-01  -6.577255e-01  -1.260000e-01
      vertex  -6.200000e-01  -7.150000e-01  -1.606667e-01
      vertex  -6.328481e-01  -6.659638e-01  -1.790294e-01
    endloop
  endfacet
  facet normal    9.633569e-01  -2.647941e-01   4.275052e-02
    outer loop
      vertex  -6.200000e-01  -7.150000e-01  -1.606667e-01
      vertex  -6.370041e-01  -7.707824e-01  -1.230030e-01
      vertex  -6.324581e-01  -7.633365e-01  -1.793240e-01
    endloop
  endfacet
  facet normal    9.544713e-01  -2.983028e-01   0.000000e+00
    outer loop
      vertex  -6.200000e-01  -7.150000e-01  -9.133333e-02
      vertex  -6.200000e-01  -7.150000e-01  -2.200000e-02
      vertex  -6.377969e-01  -7.719443e-01  -5.547617e-02
    endloop
  endfacet
  facet normal    9.538557e-01   3.002655e-01   0.000000e+00
    outer loop
      vertex  -6.200000e-01  -7.150000e-01  -2.200000e-02
      vertex  -6.200000e-01  -7.150000e-01  -9.133333e-02
      vertex  -6.380319e-01  -6.577180e-01  -5.677078e-02
    endloop
  endfacet
  facet normal    9.555489e-01  -2.947687e-01   6.147217e-03
    outer loop
      vertex  -6.200000e-01  -7.150000e-01  -9.133333e-02
      vertex  -6.377969e-01  -7.719443e-01  -5.547617e-02
      vertex  -6.370041e-01  -7.707824e-01  -1.230030e-01
    endloop
  endfacet
  facet normal    9.538625e-01   3.002439e-01   3.946092e-05
    outer loop
      vertex  -6.200000e-01  -7.150000e-01  -9.133333e-02
      vertex  -6.380267e-01  -6.577255e-01  -1.260000e-01
      vertex  -6.380319e-01  -6.577180e-01  -5.677078e-02
    endloop
  endfacet
  facet normal    9.537388e-01   3.006364e-01   0.000000e+00
    outer loop
      vertex  -6.200000e-01  -7.150000e-01   4.733333e-02
      vertex  -6.200000e-01  -7.150000e-01  -2.200000e-02
      vertex  -6.380765e-01  -6.576543e-01   1.243801e-02
    endloop
  endfacet
  facet normal    9.540941e-01  -2.995070e-01   0.000000e+00
    outer loop
      vertex  -6.200000e-01  -7.150000e-01  -2.200000e-02
      vertex  -6.200000e-01  -7.150000e-01   4.733333e-02
      vertex  -6.379409e-01  -7.721516e-01   1.295666e-02
    endloop
  endfacet
  facet normal    9.537969e-01   3.004520e-01   3.376428e-04
    outer loop
      vertex  -6.380765e-01  -6.576543e-01   1.243801e-02
      vertex  -6.200000e-01  -7.150000e-01  -2.200000e-02
      vertex  -6.380319e-01  -6.577180e-01  -5.677078e-02
    endloop
  endfacet
  facet normal    9.542860e-01  -2.988929e-01   1.102405e-03
    outer loop
      vertex  -6.377969e-01  -7.719443e-01  -5.547617e-02
      vertex  -6.200000e-01  -7.150000e-01  -2.200000e-02
      vertex  -6.379409e-01  -7.721516e-01   1.295666e-02
    endloop
  endfacet
  facet normal    9.539758e-01  -2.998837e-01   0.000000e+00
    outer loop
      vertex  -6.200000e-01  -7.150000e-01   4.733333e-02
      vertex  -6.200000e-01  -7.150000e-01   1.166667e-01
      vertex  -6.379860e-01  -7.722164e-01   8.206822e-02
    endloop
  endfacet
  facet normal    9.533287e-01   3.019343e-01   0.000000e+00
    outer loop
      vertex  -6.200000e-01  -7.150000e-01   1.166667e-01
      vertex  -6.200000e-01  -7.150000e-01   4.733333e-02
      vertex  -6.382329e-01  -6.574315e-01   8.180299e-02
    endloop
  endfacet
  facet normal    9.540352e-01  -2.996945e-01   3.424860e-04
    outer loop
      vertex  -6.200000e-01  -7.150000e-01   4.733333e-02
      vertex  -6.379860e-01  -7.722164e-01   8.206822e-02
      vertex  -6.379409e-01  -7.721516e-01   1.295666e-02
    endloop
  endfacet
  facet normal    9.535316e-01   3.012906e-01   1.182385e-03
    outer loop
      vertex  -6.200000e-01  -7.150000e-01   4.733333e-02
      vertex  -6.380765e-01  -6.576543e-01   1.243801e-02
      vertex  -6.382329e-01  -6.574315e-01   8.180299e-02
    endloop
  endfacet
  facet normal    9.536826e-01   3.008146e-01   0.000000e+00
    outer loop
      vertex  -6.200000e-01  -7.150000e-01   1.860000e-01
      vertex  -6.200000e-01  -7.150000e-01   1.166667e-01
      vertex  -6.380979e-01  -6.576237e-01   1.512294e-01
    endloop
  endfacet
  facet normal    9.540080e-01  -2.997813e-01   0.000000e+00
    outer loop
      vertex  -6.200000e-01  -7.150000e-01   1.166667e-01
      vertex  -6.200000e-01  -7.150000e-01   1.860000e-01
      vertex  -6.379738e-01  -7.721987e-01   1.514545e-01
    endloop
  endfacet
  facet normal    9.539918e-01  -2.998327e-01  -9.277599e-05
    outer loop
      vertex  -6.379860e-01  -7.722164e-01   8.206822e-02
      vertex  -6.200000e-01  -7.150000e-01   1.166667e-01
      vertex  -6.379738e-01  -7.721987e-01   1.514545e-01
    endloop
  endfacet
  facet normal    9.535058e-01   3.013730e-01  -1.019560e-03
    outer loop
      vertex  -6.380979e-01  -6.576237e-01   1.512294e-01
      vertex  -6.200000e-01  -7.150000e-01   1.166667e-01
      vertex  -6.382329e-01  -6.574315e-01   8.180299e-02
    endloop
  endfacet
  facet normal    9.540299e-01  -2.997116e-01   0.000000e+00
    outer loop
      vertex  -6.200000e-01  -7.150000e-01   1.860000e-01
      vertex  -6.200000e-01  -7.150000e-01   2.553333e-01
      vertex  -6.379654e-01  -7.721868e-01   2.208335e-01
    endloop
  endfacet
  facet normal    9.537496e-01   3.006021e-01   0.000000e+00
    outer loop
      vertex  -6.200000e-01  -7.150000e-01   2.553333e-01
      vertex  -6.200000e-01  -7.150000e-01   1.860000e-01
      vertex  -6.380723e-01  -6.576602e-01   2.205049e-01
    endloop
  endfacet
  facet normal    9.537162e-01   3.007080e-01  -1.933777e-04
    outer loop
      vertex  -6.200000e-01  -7.150000e-01   1.860000e-01
      vertex  -6.380979e-01  -6.576237e-01   1.512294e-01
      vertex  -6.380723e-01  -6.576602e-01   2.205049e-01
    endloop
  endfacet
  facet normal    9.540189e-01  -2.997466e-01  -6.315058e-05
    outer loop
      vertex  -6.379738e-01  -7.721987e-01   1.514545e-01
      vertex  -6.200000e-01  -7.150000e-01   1.860000e-01
      vertex  -6.379654e-01  -7.721868e-01   2.208335e-01
    endloop
  endfacet
  facet normal    9.539723e-01  -2.998947e-01   0.000000e+00
    outer loop
      vertex  -6.200000e-01  -7.150000e-01   2.553333e-01
      vertex  -6.200000e-01  -7.150000e-01   3.246667e-01
      vertex  -6.379874e-01  -7.722183e-01   2.901027e-01
    endloop
  endfacet
  facet normal    9.538693e-01   3.002221e-01   0.000000e+00
    outer loop
      vertex  -6.200000e-01  -7.150000e-01   3.246667e-01
      vertex  -6.200000e-01  -7.150000e-01   2.553333e-01
      vertex  -6.380267e-01  -6.577255e-01   2.900000e-01
    endloop
  endfacet
  facet normal    9.540012e-01  -2.998028e-01   1.661823e-04
    outer loop
      vertex  -6.200000e-01  -7.150000e-01   2.553333e-01
      vertex  -6.379874e-01  -7.722183e-01   2.901027e-01
      vertex  -6.379654e-01  -7.721868e-01   2.208335e-01
    endloop
  endfacet
  facet normal    9.538095e-01   3.004118e-01  -3.444425e-04
    outer loop
      vertex  -6.380267e-01  -6.577255e-01   2.900000e-01
      vertex  -6.200000e-01  -7.150000e-01   2.553333e-01
      vertex  -6.380723e-01  -6.576602e-01   2.205049e-01
    endloop
  endfacet
  facet normal    9.540888e-01  -2.995240e-01   0.000000e+00
    outer loop
      vertex  -6.200000e-01  -7.150000e-01   3.246667e-01
      vertex  -6.200000e-01  -7.150000e-01   3.940000e-01
      vertex  -6.379429e-01  -7.721545e-01   3.592806e-01
    endloop
  endfacet
  facet normal    9.527461e-01   3.037677e-01   0.000000e+00
    outer loop
      vertex  -6.200000e-01  -7.150000e-01   3.940000e-01
      vertex  -6.200000e-01  -7.150000e-01   3.246667e-01
      vertex  -6.384550e-01  -6.571173e-01   3.595306e-01
    endloop
  endfacet
  facet normal    9.540304e-01  -2.997096e-01  -3.366843e-04
    outer loop
      vertex  -6.379874e-01  -7.722183e-01   2.901027e-01
      vertex  -6.200000e-01  -7.150000e-01   3.246667e-01
      vertex  -6.379429e-01  -7.721545e-01   3.592806e-01
    endloop
  endfacet
  facet normal    9.533027e-01   3.019993e-01   3.230709e-03
    outer loop
      vertex  -6.200000e-01  -7.150000e-01   3.246667e-01
      vertex  -6.380267e-01  -6.577255e-01   2.900000e-01
      vertex  -6.384550e-01  -6.571173e-01   3.595306e-01
    endloop
  endfacet
  facet normal    9.531532e-01   3.024880e-01   0.000000e+00
    outer loop
      vertex  -6.200000e-01  -7.150000e-01   4.633333e-01
      vertex  -6.200000e-01  -7.150000e-01   3.940000e-01
      vertex  -6.382998e-01  -6.573365e-01   4.290062e-01
    endloop
  endfacet
  facet normal    9.541008e-01  -2.994857e-01   0.000000e+00
    outer loop
      vertex  -6.200000e-01  -7.150000e-01   3.940000e-01
      vertex  -6.200000e-01  -7.150000e-01   4.633333e-01
      vertex  -6.379383e-01  -7.721479e-01   4.286245e-01
    endloop
  endfacet
  facet normal    9.529472e-01   3.031340e-01  -1.171791e-03
    outer loop
      vertex  -6.382998e-01  -6.573365e-01   4.290062e-01
      vertex  -6.200000e-01  -7.150000e-01   3.940000e-01
      vertex  -6.384550e-01  -6.571173e-01   3.595306e-01
    endloop
  endfacet
  facet normal    9.540948e-01  -2.995048e-01  -3.471296e-05
    outer loop
      vertex  -6.379429e-01  -7.721545e-01   3.592806e-01
      vertex  -6.200000e-01  -7.150000e-01   3.940000e-01
      vertex  -6.379383e-01  -7.721479e-01   4.286245e-01
    endloop
  endfacet
  facet normal    9.541373e-01  -2.993694e-01   0.000000e+00
    outer loop
      vertex  -6.200000e-01  -7.150000e-01   4.633333e-01
      vertex  -6.200000e-01  -7.150000e-01   5.326667e-01
      vertex  -6.379244e-01  -7.721279e-01   4.978695e-01
    endloop
  endfacet
  facet normal    9.533287e-01   3.019343e-01   0.000000e+00
    outer loop
      vertex  -6.200000e-01  -7.150000e-01   5.326667e-01
      vertex  -6.200000e-01  -7.150000e-01   4.633333e-01
      vertex  -6.382329e-01  -6.574315e-01   4.981970e-01
    endloop
  endfacet
  facet normal    9.541191e-01  -2.994274e-01  -1.053696e-04
    outer loop
      vertex  -6.200000e-01  -7.150000e-01   4.633333e-01
      vertex  -6.379244e-01  -7.721279e-01   4.978695e-01
      vertex  -6.379383e-01  -7.721479e-01   4.286245e-01
    endloop
  endfacet
  facet normal    9.532401e-01   3.022136e-01  -5.074150e-04
    outer loop
      vertex  -6.200000e-01  -7.150000e-01   4.633333e-01
      vertex  -6.382998e-01  -6.573365e-01   4.290062e-01
      vertex  -6.382329e-01  -6.574315e-01   4.981970e-01
    endloop
  endfacet
  facet normal    9.537388e-01   3.006364e-01   0.000000e+00
    outer loop
      vertex  -6.200000e-01  -7.150000e-01   6.020000e-01
      vertex  -6.200000e-01  -7.150000e-01   5.326667e-01
      vertex  -6.380765e-01  -6.576543e-01   5.675620e-01
    endloop
  endfacet
  facet normal    9.541083e-01  -2.994617e-01   0.000000e+00
    outer loop
      vertex  -6.200000e-01  -7.150000e-01   5.326667e-01
      vertex  -6.200000e-01  -7.150000e-01   6.020000e-01
      vertex  -6.379355e-01  -7.721438e-01   5.670500e-01
    endloop
  endfacet
  facet normal    9.541227e-01  -2.994159e-01   8.372854e-05
    outer loop
      vertex  -6.379244e-01  -7.721279e-01   4.978695e-01
      vertex  -6.200000e-01  -7.150000e-01   5.326667e-01
      vertex  -6.379355e-01  -7.721438e-01   5.670500e-01
    endloop
  endfacet
  facet normal    9.535316e-01   3.012906e-01  -1.182385e-03
    outer loop
      vertex  -6.380765e-01  -6.576543e-01   5.675620e-01
      vertex  -6.200000e-01  -7.150000e-01   5.326667e-01
      vertex  -6.382329e-01  -6.574315e-01   4.981970e-01
    endloop
  endfacet
  facet normal    9.543073e-01  -2.988271e-01   0.000000e+00
    outer loop
      vertex  -6.200000e-01  -7.150000e-01   6.020000e-01
      vertex  -6.200000e-01  -7.150000e-01   6.713333e-01
      vertex  -6.378595e-01  -7.720346e-01   6.358084e-01
    endloop
  endfacet
  facet normal    9.540502e-01   2.996467e-01   0.000000e+00
    outer loop
      vertex  -6.200000e-01  -7.150000e-01   6.713333e-01
      vertex  -6.200000e-01  -7.150000e-01   6.020000e-01
      vertex  -6.379576e-01  -6.578244e-01   6.368660e-01
    endloop
  endfacet
  facet normal    9.538931e-01   3.001454e-01  -8.987272e-04
    outer loop
      vertex  -6.200000e-01  -7.150000e-01   6.020000e-01
      vertex  -6.380765e-01  -6.576543e-01   5.675620e-01
      vertex  -6.379576e-01  -6.578244e-01   6.368660e-01
    endloop
  endfacet
  facet normal    9.542092e-01  -2.991394e-01  -5.787400e-04
    outer loop
      vertex  -6.200000e-01  -7.150000e-01   6.020000e-01
      vertex  -6.378595e-01  -7.720346e-01   6.358084e-01
      vertex  -6.379355e-01  -7.721438e-01   5.670500e-01
    endloop
  endfacet
  facet normal    9.538693e-01   3.002221e-01   0.000000e+00
    outer loop
      vertex  -6.200000e-01  -7.150000e-01   7.406667e-01
      vertex  -6.200000e-01  -7.150000e-01   6.713333e-01
      vertex  -6.380267e-01  -6.577255e-01   7.060000e-01
    endloop
  endfacet
  facet normal    9.565457e-01  -2.915826e-01   0.000000e+00
    outer loop
      vertex  -6.200000e-01  -7.150000e-01   6.713333e-01
      vertex  -6.200000e-01  -7.150000e-01   7.406667e-01
      vertex  -6.370041e-01  -7.707824e-01   7.030030e-01
    endloop
  endfacet
  facet normal    9.554626e-01  -2.950369e-01  -6.665908e-03
    outer loop
      vertex  -6.378595e-01  -7.720346e-01   6.358084e-01
      vertex  -6.200000e-01  -7.150000e-01   6.713333e-01
      vertex  -6.370041e-01  -7.707824e-01   7.030030e-01
    endloop
  endfacet
  facet normal    9.539599e-01   2.999338e-01   5.234264e-04
    outer loop
      vertex  -6.380267e-01  -6.577255e-01   7.060000e-01
      vertex  -6.200000e-01  -7.150000e-01   6.713333e-01
      vertex  -6.379576e-01  -6.578244e-01   6.368660e-01
    endloop
  endfacet
  facet normal    9.611323e-01   2.711992e-01  -5.172701e-02
    outer loop
      vertex  -6.200000e-01  -7.150000e-01   7.406667e-01
      vertex  -6.380267e-01  -6.577255e-01   7.060000e-01
      vertex  -6.328481e-01  -6.659638e-01   7.590294e-01
    endloop
  endfacet
  facet normal    9.633569e-01  -2.647941e-01  -4.275052e-02
    outer loop
      vertex  -6.370041e-01  -7.707824e-01   7.030030e-01
      vertex  -6.200000e-01  -7.150000e-01   7.406667e-01
      vertex  -6.324581e-01  -7.633365e-01   7.593240e-01
    endloop
  endfacet
  facet normal    4.980650e-01   8.626739e-01  -8.789139e-02
    outer loop
      vertex  -6.433956e-01  -6.507212e-01  -2.300000e-01
      vertex  -7.026352e-01  -6.165192e-01  -2.300000e-01
      vertex  -6.727860e-01  -6.268476e-01  -1.622257e-01
    endloop
  endfacet
  facet normal    7.115731e-01   6.998672e-01   6.204573e-02
    outer loop
      vertex  -6.433956e-01  -6.507212e-01  -2.300000e-01
      vertex  -6.727860e-01  -6.268476e-01  -1.622257e-01
      vertex  -6.328481e-01  -6.659638e-01  -1.790294e-01
    endloop
  endfacet
  facet normal   -1.727460e-01   9.796913e-01  -1.018024e-01
    outer loop
      vertex  -7.026352e-01  -6.165192e-01  -2.300000e-01
      vertex  -7.700000e-01  -6.283975e-01  -2.300000e-01
      vertex  -7.373648e-01  -6.165192e-01  -1.710681e-01
    endloop
  endfacet
  facet normal    1.458567e-01   9.855645e-01   8.595608e-02
    outer loop
      vertex  -7.026352e-01  -6.165192e-01  -2.300000e-01
      vertex  -7.373648e-01  -6.165192e-01  -1.710681e-01
      vertex  -6.727860e-01  -6.268476e-01  -1.622257e-01
    endloop
  endfacet
  facet normal   -7.630719e-01   6.402934e-01  -8.800936e-02
    outer loop
      vertex  -7.700000e-01  -6.283975e-01  -2.300000e-01
      vertex  -8.139693e-01  -6.807980e-01  -2.300000e-01
      vertex  -7.965898e-01  -6.507038e-01  -1.617421e-01
    endloop
  endfacet
  facet normal   -4.864879e-01   8.685794e-01   9.433663e-02
    outer loop
      vertex  -7.373648e-01  -6.165192e-01  -1.710681e-01
      vertex  -7.700000e-01  -6.283975e-01  -2.300000e-01
      vertex  -7.965898e-01  -6.507038e-01  -1.617421e-01
    endloop
  endfacet
  facet normal   -9.916229e-01   3.218882e-15  -1.291669e-01
    outer loop
      vertex  -8.139693e-01  -6.807980e-01  -2.300000e-01
      vertex  -8.139693e-01  -7.492020e-01  -2.300000e-01
      vertex  -8.200000e-01  -7.150000e-01  -1.837016e-01
    endloop
  endfacet
  facet normal   -9.454516e-01   3.084708e-01   1.047240e-01
    outer loop
      vertex  -7.965898e-01  -6.507038e-01  -1.617421e-01
      vertex  -8.139693e-01  -6.807980e-01  -2.300000e-01
      vertex  -8.200000e-01  -7.150000e-01  -1.837016e-01
    endloop
  endfacet
  facet normal   -7.633409e-01  -6.405191e-01  -8.394067e-02
    outer loop
      vertex  -8.139693e-01  -7.492020e-01  -2.300000e-01
      vertex  -7.700000e-01  -8.016025e-01  -2.300000e-01
      vertex  -8.000802e-01  -7.748929e-01  -1.602671e-01
    endloop
  endfacet
  facet normal   -9.549586e-01  -2.841489e-01   8.551835e-02
    outer loop
      vertex  -8.139693e-01  -7.492020e-01  -2.300000e-01
      vertex  -8.000802e-01  -7.748929e-01  -1.602671e-01
      vertex  -8.200000e-01  -7.150000e-01  -1.837016e-01
    endloop
  endfacet
  facet normal   -1.725086e-01  -9.783451e-01  -1.143751e-01
    outer loop
      vertex  -7.700000e-01  -8.016025e-01  -2.300000e-01
      vertex  -7.026352e-01  -8.134808e-01  -2.300000e-01
      vertex  -7.373648e-01  -8.134808e-01  -1.776183e-01
    endloop
  endfacet
  facet normal   -4.973267e-01  -8.599280e-01   1.148477e-01
    outer loop
      vertex  -8.000802e-01  -7.748929e-01  -1.602671e-01
      vertex  -7.700000e-01  -8.016025e-01  -2.300000e-01
      vertex  -7.373648e-01  -8.134808e-01  -1.776183e-01
    endloop
  endfacet
  facet normal    4.953839e-01  -8.580301e-01  -1.355700e-01
    outer loop
      vertex  -7.026352e-01  -8.134808e-01  -2.300000e-01
      vertex  -6.433956e-01  -7.792788e-01  -2.300000e-01
      vertex  -6.700489e-01  -8.016308e-01  -1.859265e-01
    endloop
  endfacet
  facet normal    1.868448e-01  -9.745475e-01   1.238801e-01
    outer loop
      vertex  -7.026352e-01  -8.134808e-01  -2.300000e-01
      vertex  -6.700489e-01  -8.016308e-01  -1.859265e-01
      vertex  -7.373648e-01  -8.134808e-01  -1.776183e-01
    endloop
  endfacet
  facet normal    7.059024e-01  -7.049009e-01   6.940042e-02
    outer loop
      vertex  -6.700489e-01  -8.016308e-01  -1.859265e-01
      vertex  -6.433956e-01  -7.792788e-01  -2.300000e-01
      vertex  -6.324581e-01  -7.633365e-01  -1.793240e-01
    endloop
  endfacet
  facet normal    6.086059e-01  -7.934727e-01  -1.677862e-04
    outer loop
      vertex  -6.379654e-01  -7.721868e-01   2.208335e-01
      vertex  -6.379874e-01  -7.722183e-01   2.901027e-01
      vertex  -6.860128e-01  -8.090472e-01   2.553431e-01
    endloop
  endfacet
  facet normal    6.093460e-01  -7.929043e-01   3.392522e-04
    outer loop
      vertex  -6.379874e-01  -7.722183e-01   2.901027e-01
      vertex  -6.379429e-01  -7.721545e-01   3.592806e-01
      vertex  -6.858561e-01  -8.089904e-01   3.249636e-01
    endloop
  endfacet
  facet normal    6.088590e-01  -7.932781e-01  -7.237049e-04
    outer loop
      vertex  -6.379874e-01  -7.722183e-01   2.901027e-01
      vertex  -6.858561e-01  -8.089904e-01   3.249636e-01
      vertex  -6.860128e-01  -8.090472e-01   2.553431e-01
    endloop
  endfacet
  facet normal    6.116096e-01  -7.911597e-01  -3.420303e-04
    outer loop
      vertex  -6.379409e-01  -7.721516e-01   1.295666e-02
      vertex  -6.379860e-01  -7.722164e-01   8.206822e-02
      vertex  -6.853221e-01  -8.087947e-01   4.735720e-02
    endloop
  endfacet
  facet normal    6.113670e-01  -7.913472e-01   1.863405e-04
    outer loop
      vertex  -6.853221e-01  -8.087947e-01   4.735720e-02
      vertex  -6.379860e-01  -7.722164e-01   8.206822e-02
      vertex  -6.853626e-01  -8.088096e-01   1.167329e-01
    endloop
  endfacet
  facet normal    6.113241e-01  -7.913804e-01   9.263211e-05
    outer loop
      vertex  -6.853626e-01  -8.088096e-01   1.167329e-01
      vertex  -6.379860e-01  -7.722164e-01   8.206822e-02
      vertex  -6.379738e-01  -7.721987e-01   1.514545e-01
    endloop
  endfacet
  facet normal    6.116726e-01  -7.911110e-01  -8.383078e-05
    outer loop
      vertex  -6.379244e-01  -7.721279e-01   4.978695e-01
      vertex  -6.379355e-01  -7.721438e-01   5.670500e-01
      vertex  -6.853619e-01  -8.088094e-01   5.325971e-01
    endloop
  endfacet
  facet normal    6.115559e-01  -7.912012e-01  -3.386670e-04
    outer loop
      vertex  -6.379244e-01  -7.721279e-01   4.978695e-01
      vertex  -6.853619e-01  -8.088094e-01   5.325971e-01
      vertex  -6.854350e-01  -8.088364e-01   4.635695e-01
    endloop
  endfacet
  facet normal    6.113550e-01  -7.913564e-01   1.056202e-04
    outer loop
      vertex  -6.379244e-01  -7.721279e-01   4.978695e-01
      vertex  -6.854350e-01  -8.088364e-01   4.635695e-01
      vertex  -6.379383e-01  -7.721479e-01   4.286245e-01
    endloop
  endfacet
  facet normal    6.103225e-01   7.921529e-01  -3.363920e-04
    outer loop
      vertex  -6.380765e-01  -6.576543e-01   1.243801e-02
      vertex  -6.380319e-01  -6.577180e-01  -5.677078e-02
      vertex  -6.854783e-01  -6.211477e-01  -2.220021e-02
    endloop
  endfacet
  facet normal    6.097943e-01   7.925593e-01   8.147160e-04
    outer loop
      vertex  -6.380765e-01  -6.576543e-01   1.243801e-02
      vertex  -6.854783e-01  -6.211477e-01  -2.220021e-02
      vertex  -6.856548e-01  -6.210830e-01   4.692472e-02
    endloop
  endfacet
  facet normal    6.088875e-01   7.932557e-01  -1.174983e-03
    outer loop
      vertex  -6.380765e-01  -6.576543e-01   1.243801e-02
      vertex  -6.856548e-01  -6.210830e-01   4.692472e-02
      vertex  -6.382329e-01  -6.574315e-01   8.180299e-02
    endloop
  endfacet
  facet normal    6.108631e-01   7.917357e-01   8.962318e-04
    outer loop
      vertex  -6.379576e-01  -6.578244e-01   6.368660e-01
      vertex  -6.380765e-01  -6.576543e-01   5.675620e-01
      vertex  -6.854111e-01  -6.211724e-01   6.021988e-01
    endloop
  endfacet
  facet normal    6.099556e-01   7.924348e-01  -1.080340e-03
    outer loop
      vertex  -6.854111e-01  -6.211724e-01   6.021988e-01
      vertex  -6.380765e-01  -6.576543e-01   5.675620e-01
      vertex  -6.856454e-01  -6.210864e-01   5.330467e-01
    endloop
  endfacet
  facet normal    6.089270e-01   7.932254e-01   1.174796e-03
    outer loop
      vertex  -6.856454e-01  -6.210864e-01   5.330467e-01
      vertex  -6.380765e-01  -6.576543e-01   5.675620e-01
      vertex  -6.382329e-01  -6.574315e-01   4.981970e-01
    endloop
  endfacet
  facet normal   -9.692666e-01  -2.398378e-01  -5.477286e-02
    outer loop
      vertex  -8.195289e-01  -7.053046e-01  -1.208120e-01
      vertex  -8.000802e-01  -7.748929e-01  -1.602671e-01
      vertex  -8.070312e-01  -7.642500e-01  -8.386359e-02
    endloop
  endfacet
  facet normal   -9.535780e-01  -2.964724e-01   5.284903e-02
    outer loop
      vertex  -8.000802e-01  -7.748929e-01  -1.602671e-01
      vertex  -8.195289e-01  -7.053046e-01  -1.208120e-01
      vertex  -8.200000e-01  -7.150000e-01  -1.837016e-01
    endloop
  endfacet
  facet normal   -6.425408e-01  -7.647421e-01   4.807045e-02
    outer loop
      vertex  -8.070312e-01  -7.642500e-01  -8.386359e-02
      vertex  -8.000802e-01  -7.748929e-01  -1.602671e-01
      vertex  -7.574165e-01  -8.077362e-01  -1.124931e-01
    endloop
  endfacet
  facet normal   -5.402368e-01  -8.364073e-01  -9.255815e-02
    outer loop
      vertex  -7.574165e-01  -8.077362e-01  -1.124931e-01
      vertex  -8.000802e-01  -7.748929e-01  -1.602671e-01
      vertex  -7.373648e-01  -8.134808e-01  -1.776183e-01
    endloop
  endfacet
  facet normal   -5.279300e-01  -8.492863e-01   1.639776e-03
    outer loop
      vertex  -7.966044e-01  -7.792788e-01   7.510681e-01
      vertex  -7.963409e-01  -7.795915e-01   6.739311e-01
      vertex  -7.440018e-01  -8.120769e-01   6.995786e-01
    endloop
  endfacet
  facet normal   -9.260310e-01  -3.774439e-01  -1.633139e-03
    outer loop
      vertex  -7.963409e-01  -7.795915e-01   6.739311e-01
      vertex  -7.966044e-01  -7.792788e-01   7.510681e-01
      vertex  -8.197281e-01  -7.223694e-01   7.101192e-01
    endloop
  endfacet
  facet normal   -5.049406e-01  -8.625020e-01   3.354447e-02
    outer loop
      vertex  -7.966044e-01  -7.792788e-01   7.510681e-01
      vertex  -7.440018e-01  -8.120769e-01   6.995786e-01
      vertex  -7.373648e-01  -8.134808e-01   7.633857e-01
    endloop
  endfacet
  facet normal   -9.357489e-01  -3.501890e-01   4.173247e-02
    outer loop
      vertex  -8.197281e-01  -7.223694e-01   7.101192e-01
      vertex  -7.966044e-01  -7.792788e-01   7.510681e-01
      vertex  -8.200000e-01  -7.150000e-01   7.658611e-01
    endloop
  endfacet
  facet normal    6.070212e-01   7.946850e-01   1.019837e-03
    outer loop
      vertex  -6.380979e-01  -6.576237e-01   1.512294e-01
      vertex  -6.382329e-01  -6.574315e-01   8.180299e-02
      vertex  -6.860752e-01  -6.209303e-01   1.155145e-01
    endloop
  endfacet
  facet normal    6.097252e-01   7.926128e-01   1.926270e-04
    outer loop
      vertex  -6.380723e-01  -6.576602e-01   2.205049e-01
      vertex  -6.380979e-01  -6.576237e-01   1.512294e-01
      vertex  -6.855683e-01  -6.211147e-01   1.844340e-01
    endloop
  endfacet
  facet normal    6.086039e-01   7.934707e-01  -2.353773e-03
    outer loop
      vertex  -6.380979e-01  -6.576237e-01   1.512294e-01
      vertex  -6.860752e-01  -6.209303e-01   1.155145e-01
      vertex  -6.855683e-01  -6.211147e-01   1.844340e-01
    endloop
  endfacet
  facet normal    6.072604e-01   7.945027e-01   5.028619e-04
    outer loop
      vertex  -6.382329e-01  -6.574315e-01   4.981970e-01
      vertex  -6.382998e-01  -6.573365e-01   4.290062e-01
      vertex  -6.858569e-01  -6.210093e-01   4.637597e-01
    endloop
  endfacet
  facet normal    6.067009e-01   7.949299e-01  -7.093912e-04
    outer loop
      vertex  -6.858569e-01  -6.210093e-01   4.637597e-01
      vertex  -6.382998e-01  -6.573365e-01   4.290062e-01
      vertex  -6.860108e-01  -6.209535e-01   3.945954e-01
    endloop
  endfacet
  facet normal    6.058493e-01   7.955786e-01   1.157229e-03
    outer loop
      vertex  -6.860108e-01  -6.209535e-01   3.945954e-01
      vertex  -6.382998e-01  -6.573365e-01   4.290062e-01
      vertex  -6.384550e-01  -6.571173e-01   3.595306e-01
    endloop
  endfacet
  facet normal    6.087691e-01   7.933410e-01  -3.189220e-03
    outer loop
      vertex  -6.384550e-01  -6.571173e-01   3.595306e-01
      vertex  -6.380267e-01  -6.577255e-01   2.900000e-01
      vertex  -6.855379e-01  -6.211258e-01   3.253164e-01
    endloop
  endfacet
  facet normal    6.103309e-01   7.921465e-01   3.432870e-04
    outer loop
      vertex  -6.380267e-01  -6.577255e-01   2.900000e-01
      vertex  -6.380723e-01  -6.576602e-01   2.205049e-01
      vertex  -6.854837e-01  -6.211457e-01   2.549498e-01
    endloop
  endfacet
  facet normal    6.103759e-01   7.921119e-01   2.461683e-04
    outer loop
      vertex  -6.855379e-01  -6.211258e-01   3.253164e-01
      vertex  -6.380267e-01  -6.577255e-01   2.900000e-01
      vertex  -6.854837e-01  -6.211457e-01   2.549498e-01
    endloop
  endfacet
  facet normal    1.643334e-01   9.851645e-01  -4.945137e-02
    outer loop
      vertex  -7.373648e-01  -6.165192e-01  -1.710681e-01
      vertex  -6.853582e-01  -6.211920e-01  -9.133336e-02
      vertex  -6.727860e-01  -6.268476e-01  -1.622257e-01
    endloop
  endfacet
  facet normal    1.120596e-02   9.986248e-01   5.121411e-02
    outer loop
      vertex  -6.853582e-01  -6.211920e-01  -9.133336e-02
      vertex  -7.373648e-01  -6.165192e-01  -1.710681e-01
      vertex  -7.501985e-01  -6.196687e-01  -1.068478e-01
    endloop
  endfacet
  facet normal   -5.059756e-01   8.605337e-01  -5.891079e-02
    outer loop
      vertex  -7.373648e-01  -6.165192e-01  -1.710681e-01
      vertex  -7.965898e-01  -6.507038e-01  -1.617421e-01
      vertex  -7.501985e-01  -6.196687e-01  -1.068478e-01
    endloop
  endfacet
  facet normal   -5.350736e-01   8.422530e-01   6.562046e-02
    outer loop
      vertex  -8.003867e-01  -6.555190e-01   7.377550e-01
      vertex  -7.373648e-01  -6.165192e-01   7.510681e-01
      vertex  -7.503475e-01  -6.197161e-01   6.862387e-01
    endloop
  endfacet
  facet normal    1.643983e-01   9.851694e-01   4.913683e-02
    outer loop
      vertex  -6.852659e-01  -6.212261e-01   6.711301e-01
      vertex  -7.373648e-01  -6.165192e-01   7.510681e-01
      vertex  -6.727844e-01  -6.268485e-01   7.420967e-01
    endloop
  endfacet
  facet normal    1.121694e-02   9.986106e-01  -5.148909e-02
    outer loop
      vertex  -7.373648e-01  -6.165192e-01   7.510681e-01
      vertex  -6.852659e-01  -6.212261e-01   6.711301e-01
      vertex  -7.503475e-01  -6.197161e-01   6.862387e-01
    endloop
  endfacet
  facet normal    6.090909e-01  -7.930996e-01  -1.120813e-03
    outer loop
      vertex  -6.377969e-01  -7.719443e-01  -5.547617e-02
      vertex  -6.379409e-01  -7.721516e-01   1.295666e-02
      vertex  -6.860747e-01  -8.090695e-01  -2.116837e-02
    endloop
  endfacet
  facet normal    6.077105e-01  -7.941475e-01  -4.197219e-03
    outer loop
      vertex  -6.377969e-01  -7.719443e-01  -5.547617e-02
      vertex  -6.860747e-01  -8.090695e-01  -2.116837e-02
      vertex  -6.868501e-01  -8.093455e-01  -8.120759e-02
    endloop
  endfacet
  facet normal    6.084689e-01  -7.935510e-01  -6.509966e-03
    outer loop
      vertex  -6.377969e-01  -7.719443e-01  -5.547617e-02
      vertex  -6.868501e-01  -8.093455e-01  -8.120759e-02
      vertex  -6.370041e-01  -7.707824e-01  -1.230030e-01
    endloop
  endfacet
  facet normal    6.121361e-01  -7.907522e-01   5.799293e-04
    outer loop
      vertex  -6.379355e-01  -7.721438e-01   5.670500e-01
      vertex  -6.378595e-01  -7.720346e-01   6.358084e-01
      vertex  -6.853055e-01  -8.087885e-01   6.014828e-01
    endloop
  endfacet
  facet normal    6.144457e-01  -7.889460e-01  -4.546539e-03
    outer loop
      vertex  -6.853055e-01  -8.087885e-01   6.014828e-01
      vertex  -6.378595e-01  -7.720346e-01   6.358084e-01
      vertex  -6.843863e-01  -8.084434e-01   6.658128e-01
    endloop
  endfacet
  facet normal    6.189566e-01  -7.853961e-01   6.755914e-03
    outer loop
      vertex  -6.843863e-01  -8.084434e-01   6.658128e-01
      vertex  -6.378595e-01  -7.720346e-01   6.358084e-01
      vertex  -6.370041e-01  -7.707824e-01   7.030030e-01
    endloop
  endfacet
  facet normal    7.161643e-01  -6.970858e-01  -3.435251e-02
    outer loop
      vertex  -6.370041e-01  -7.707824e-01  -1.230030e-01
      vertex  -6.700489e-01  -8.016308e-01  -1.859265e-01
      vertex  -6.324581e-01  -7.633365e-01  -1.793240e-01
    endloop
  endfacet
  facet normal    5.004792e-01  -8.518027e-01   1.547667e-01
    outer loop
      vertex  -6.700489e-01  -8.016308e-01  -1.859265e-01
      vertex  -6.370041e-01  -7.707824e-01  -1.230030e-01
      vertex  -7.062456e-01  -8.140496e-01  -1.372253e-01
    endloop
  endfacet
  facet normal    1.557722e-01  -9.786906e-01  -1.337899e-01
    outer loop
      vertex  -7.373648e-01  -8.134808e-01  -1.776183e-01
      vertex  -6.700489e-01  -8.016308e-01  -1.859265e-01
      vertex  -7.062456e-01  -8.140496e-01  -1.372253e-01
    endloop
  endfacet
  facet normal    9.074322e-02  -9.944523e-01   5.320064e-02
    outer loop
      vertex  -6.728278e-01  -8.031747e-01   7.445816e-01
      vertex  -7.440018e-01  -8.120769e-01   6.995786e-01
      vertex  -6.843863e-01  -8.084434e-01   6.658128e-01
    endloop
  endfacet
  facet normal    1.470518e-01  -9.884349e-01  -3.704380e-02
    outer loop
      vertex  -7.440018e-01  -8.120769e-01   6.995786e-01
      vertex  -6.728278e-01  -8.031747e-01   7.445816e-01
      vertex  -7.373648e-01  -8.134808e-01   7.633857e-01
    endloop
  endfacet
  facet normal    6.421303e-01  -7.653869e-01  -4.303101e-02
    outer loop
      vertex  -6.728278e-01  -8.031747e-01   7.445816e-01
      vertex  -6.843863e-01  -8.084434e-01   6.658128e-01
      vertex  -6.370041e-01  -7.707824e-01   7.030030e-01
    endloop
  endfacet
  facet normal    6.946426e-01  -7.183027e-01   3.889461e-02
    outer loop
      vertex  -6.728278e-01  -8.031747e-01   7.445816e-01
      vertex  -6.370041e-01  -7.707824e-01   7.030030e-01
      vertex  -6.324581e-01  -7.633365e-01   7.593240e-01
    endloop
  endfacet
  facet normal    6.116495e-01   7.911287e-01  -5.213951e-04
    outer loop
      vertex  -6.380267e-01  -6.577255e-01   7.060000e-01
      vertex  -6.379576e-01  -6.578244e-01   6.368660e-01
      vertex  -6.852659e-01  -6.212261e-01   6.711301e-01
    endloop
  endfacet
  facet normal    6.336092e-01   7.720180e-01  -5.027469e-02
    outer loop
      vertex  -6.380267e-01  -6.577255e-01   7.060000e-01
      vertex  -6.852659e-01  -6.212261e-01   6.711301e-01
      vertex  -6.727844e-01  -6.268485e-01   7.420967e-01
    endloop
  endfacet
  facet normal    6.892027e-01   7.231671e-01   4.504360e-02
    outer loop
      vertex  -6.380267e-01  -6.577255e-01   7.060000e-01
      vertex  -6.727844e-01  -6.268485e-01   7.420967e-01
      vertex  -6.328481e-01  -6.659638e-01   7.590294e-01
    endloop
  endfacet
  facet normal    6.110014e-01   7.916295e-01  -3.928871e-05
    outer loop
      vertex  -6.380319e-01  -6.577180e-01  -5.677078e-02
      vertex  -6.380267e-01  -6.577255e-01  -1.260000e-01
      vertex  -6.853582e-01  -6.211920e-01  -9.133336e-02
    endloop
  endfacet
  facet normal    6.332335e-01   7.722993e-01   5.068617e-02
    outer loop
      vertex  -6.853582e-01  -6.211920e-01  -9.133336e-02
      vertex  -6.380267e-01  -6.577255e-01  -1.260000e-01
      vertex  -6.727860e-01  -6.268476e-01  -1.622257e-01
    endloop
  endfacet
  facet normal    6.892762e-01   7.230982e-01  -4.502572e-02
    outer loop
      vertex  -6.727860e-01  -6.268476e-01  -1.622257e-01
      vertex  -6.380267e-01  -6.577255e-01  -1.260000e-01
      vertex  -6.328481e-01  -6.659638e-01  -1.790294e-01
    endloop
  endfacet
  facet normal    6.117535e-01  -7.910484e-01  -2.616448e-04
    outer loop
      vertex  -6.853619e-01  -8.088094e-01   5.325971e-01
      vertex  -6.379355e-01  -7.721438e-01   5.670500e-01
      vertex  -6.853055e-01  -8.087885e-01   6.014828e-01
    endloop
  endfacet
  facet normal    4.926390e-02  -9.987857e-01   3.379481e-04
    outer loop
      vertex  -6.854350e-01  -8.088364e-01   4.635695e-01
      vertex  -6.853619e-01  -8.088094e-01   5.325971e-01
      vertex  -7.452008e-01  -8.117725e-01   4.981432e-01
    endloop
  endfacet
  facet normal    4.985849e-02  -9.987560e-01  -6.972816e-04
    outer loop
      vertex  -7.452008e-01  -8.117725e-01   4.981432e-01
      vertex  -6.853619e-01  -8.088094e-01   5.325971e-01
      vertex  -7.450450e-01  -8.118130e-01   5.672035e-01
    endloop
  endfacet
  facet normal    5.041279e-02  -9.987284e-01   2.610724e-04
    outer loop
      vertex  -7.450450e-01  -8.118130e-01   5.672035e-01
      vertex  -6.853619e-01  -8.088094e-01   5.325971e-01
      vertex  -6.853055e-01  -8.087885e-01   6.014828e-01
    endloop
  endfacet
  facet normal    4.702763e-02  -9.988873e-01  -3.536405e-03
    outer loop
      vertex  -6.854350e-01  -8.088364e-01   4.635695e-01
      vertex  -7.452008e-01  -8.117725e-01   4.981432e-01
      vertex  -7.459844e-01  -8.115651e-01   4.291211e-01
    endloop
  endfacet
  facet normal    4.497880e-02  -9.989879e-01   7.274995e-05
    outer loop
      vertex  -6.854350e-01  -8.088364e-01   4.635695e-01
      vertex  -7.459844e-01  -8.115651e-01   4.291211e-01
      vertex  -6.854507e-01  -8.088421e-01   3.941279e-01
    endloop
  endfacet
  facet normal    6.112732e-01  -7.914197e-01  -7.205552e-05
    outer loop
      vertex  -6.854350e-01  -8.088364e-01   4.635695e-01
      vertex  -6.854507e-01  -8.088421e-01   3.941279e-01
      vertex  -6.379383e-01  -7.721479e-01   4.286245e-01
    endloop
  endfacet
  facet normal    6.101591e-01  -7.922711e-01  -3.523759e-03
    outer loop
      vertex  -6.379409e-01  -7.721516e-01   1.295666e-02
      vertex  -6.853221e-01  -8.087947e-01   4.735720e-02
      vertex  -6.860747e-01  -8.090695e-01  -2.116837e-02
    endloop
  endfacet
  facet normal    5.015304e-02  -9.987415e-01  -1.862676e-04
    outer loop
      vertex  -6.853221e-01  -8.087947e-01   4.735720e-02
      vertex  -6.853626e-01  -8.088096e-01   1.167329e-01
      vertex  -7.450864e-01  -8.118022e-01   8.179298e-02
    endloop
  endfacet
  facet normal    5.051130e-02  -9.987234e-01   4.370919e-04
    outer loop
      vertex  -6.853221e-01  -8.087947e-01   4.735720e-02
      vertex  -7.450864e-01  -8.118022e-01   8.179298e-02
      vertex  -7.449886e-01  -8.118275e-01   1.273182e-02
    endloop
  endfacet
  facet normal    4.875517e-02  -9.988047e-01   3.470399e-03
    outer loop
      vertex  -6.853221e-01  -8.087947e-01   4.735720e-02
      vertex  -7.449886e-01  -8.118275e-01   1.273182e-02
      vertex  -6.860747e-01  -8.090695e-01  -2.116837e-02
    endloop
  endfacet
  facet normal    4.975422e-02  -9.987614e-01   4.971472e-04
    outer loop
      vertex  -7.450864e-01  -8.118022e-01   8.179298e-02
      vertex  -6.853626e-01  -8.088096e-01   1.167329e-01
      vertex  -7.451975e-01  -8.117734e-01   1.508923e-01
    endloop
  endfacet
  facet normal    4.938992e-02  -9.987796e-01  -1.425585e-04
    outer loop
      vertex  -7.451975e-01  -8.117734e-01   1.508923e-01
      vertex  -6.853626e-01  -8.088096e-01   1.167329e-01
      vertex  -6.853936e-01  -8.088211e-01   1.860831e-01
    endloop
  endfacet
  facet normal    6.113011e-01  -7.913981e-01   1.425755e-04
    outer loop
      vertex  -6.853626e-01  -8.088096e-01   1.167329e-01
      vertex  -6.379738e-01  -7.721987e-01   1.514545e-01
      vertex  -6.853936e-01  -8.088211e-01   1.860831e-01
    endloop
  endfacet
  facet normal    6.107296e-01   7.918390e-01   5.542988e-04
    outer loop
      vertex  -6.854783e-01  -6.211477e-01  -2.220021e-02
      vertex  -6.380319e-01  -6.577180e-01  -5.677078e-02
      vertex  -6.853582e-01  -6.211920e-01  -9.133336e-02
    endloop
  endfacet
  facet normal    4.754402e-02   9.988688e-01  -8.139270e-04
    outer loop
      vertex  -6.856548e-01  -6.210830e-01   4.692472e-02
      vertex  -6.854783e-01  -6.211477e-01  -2.220021e-02
      vertex  -7.453609e-01  -6.182693e-01   1.227948e-02
    endloop
  endfacet
  facet normal    4.690072e-02   9.988977e-01  -1.933579e-03
    outer loop
      vertex  -7.453609e-01  -6.182693e-01   1.227948e-02
      vertex  -6.854783e-01  -6.211477e-01  -2.220021e-02
      vertex  -7.457668e-01  -6.183767e-01  -5.301947e-02
    endloop
  endfacet
  facet normal    4.619995e-02   9.989321e-01  -5.596371e-04
    outer loop
      vertex  -7.457668e-01  -6.183767e-01  -5.301947e-02
      vertex  -6.854783e-01  -6.211477e-01  -2.220021e-02
      vertex  -6.853582e-01  -6.211920e-01  -9.133336e-02
    endloop
  endfacet
  facet normal    4.654316e-02   9.989159e-01   9.147259e-04
    outer loop
      vertex  -6.856548e-01  -6.210830e-01   4.692472e-02
      vertex  -7.453609e-01  -6.182693e-01   1.227948e-02
      vertex  -7.455649e-01  -6.183230e-01   8.133000e-02
    endloop
  endfacet
  facet normal    4.490238e-02   9.989895e-01  -1.948272e-03
    outer loop
      vertex  -6.856548e-01  -6.210830e-01   4.692472e-02
      vertex  -7.455649e-01  -6.183230e-01   8.133000e-02
      vertex  -6.860752e-01  -6.209303e-01   1.155145e-01
    endloop
  endfacet
  facet normal    6.074365e-01   7.943659e-01   1.954751e-03
    outer loop
      vertex  -6.382329e-01  -6.574315e-01   8.180299e-02
      vertex  -6.856548e-01  -6.210830e-01   4.692472e-02
      vertex  -6.860752e-01  -6.209303e-01   1.155145e-01
    endloop
  endfacet
  facet normal    6.115810e-01   7.911815e-01  -6.723233e-04
    outer loop
      vertex  -6.379576e-01  -6.578244e-01   6.368660e-01
      vertex  -6.854111e-01  -6.211724e-01   6.021988e-01
      vertex  -6.852659e-01  -6.212261e-01   6.711301e-01
    endloop
  endfacet
  facet normal    4.813550e-02   9.988402e-01   1.079367e-03
    outer loop
      vertex  -6.854111e-01  -6.211724e-01   6.021988e-01
      vertex  -6.856454e-01  -6.210864e-01   5.330467e-01
      vertex  -7.452865e-01  -6.182498e-01   5.678477e-01
    endloop
  endfacet
  facet normal    4.785347e-02   9.988531e-01   1.572054e-03
    outer loop
      vertex  -6.854111e-01  -6.211724e-01   6.021988e-01
      vertex  -7.452865e-01  -6.182498e-01   5.678477e-01
      vertex  -7.456165e-01  -6.183367e-01   6.330798e-01
    endloop
  endfacet
  facet normal    4.739574e-02   9.988760e-01   6.775663e-04
    outer loop
      vertex  -6.854111e-01  -6.211724e-01   6.021988e-01
      vertex  -7.456165e-01  -6.183367e-01   6.330798e-01
      vertex  -6.852659e-01  -6.212261e-01   6.711301e-01
    endloop
  endfacet
  facet normal    6.079332e-01   7.939876e-01  -9.722703e-04
    outer loop
      vertex  -6.856454e-01  -6.210864e-01   5.330467e-01
      vertex  -6.382329e-01  -6.574315e-01   4.981970e-01
      vertex  -6.858569e-01  -6.210093e-01   4.637597e-01
    endloop
  endfacet
  facet normal    4.553632e-02   9.989622e-01   9.726503e-04
    outer loop
      vertex  -6.856454e-01  -6.210864e-01   5.330467e-01
      vertex  -6.858569e-01  -6.210093e-01   4.637597e-01
      vertex  -7.455599e-01  -6.183217e-01   4.985297e-01
    endloop
  endfacet
  facet normal    4.679682e-02   9.989037e-01  -1.220008e-03
    outer loop
      vertex  -7.452865e-01  -6.182498e-01   5.678477e-01
      vertex  -6.856454e-01  -6.210864e-01   5.330467e-01
      vertex  -7.455599e-01  -6.183217e-01   4.985297e-01
    endloop
  endfacet
  facet normal    4.367146e-02   9.990457e-01   7.086043e-04
    outer loop
      vertex  -6.858569e-01  -6.210093e-01   4.637597e-01
      vertex  -6.860108e-01  -6.209535e-01   3.945954e-01
      vertex  -7.457326e-01  -6.183675e-01   4.293026e-01
    endloop
  endfacet
  facet normal    4.452209e-02   9.990081e-01  -7.724100e-04
    outer loop
      vertex  -6.858569e-01  -6.210093e-01   4.637597e-01
      vertex  -7.457326e-01  -6.183675e-01   4.293026e-01
      vertex  -7.455599e-01  -6.183217e-01   4.985297e-01
    endloop
  endfacet
  facet normal    4.333446e-02   9.990606e-01   1.276008e-04
    outer loop
      vertex  -7.457326e-01  -6.183675e-01   4.293026e-01
      vertex  -6.860108e-01  -6.209535e-01   3.945954e-01
      vertex  -7.457040e-01  -6.183599e-01   3.599407e-01
    endloop
  endfacet
  facet normal    4.467095e-02   9.989994e-01  -2.179114e-03
    outer loop
      vertex  -7.457040e-01  -6.183599e-01   3.599407e-01
      vertex  -6.860108e-01  -6.209535e-01   3.945954e-01
      vertex  -6.855379e-01  -6.211258e-01   3.253164e-01
    endloop
  endfacet
  facet normal    6.063171e-01   7.952200e-01   2.161588e-03
    outer loop
      vertex  -6.860108e-01  -6.209535e-01   3.945954e-01
      vertex  -6.384550e-01  -6.571173e-01   3.595306e-01
      vertex  -6.855379e-01  -6.211258e-01   3.253164e-01
    endloop
  endfacet
  facet normal   -5.355547e-01   8.445005e-01  -1.282547e-04
    outer loop
      vertex  -7.457326e-01  -6.183675e-01   4.293026e-01
      vertex  -7.457040e-01  -6.183599e-01   3.599407e-01
      vertex  -7.964473e-01  -6.505344e-01   3.945733e-01
    endloop
  endfacet
  facet normal   -5.360767e-01   8.441687e-01   9.413539e-04
    outer loop
      vertex  -7.457326e-01  -6.183675e-01   4.293026e-01
      vertex  -7.964473e-01  -6.505344e-01   3.945733e-01
      vertex  -7.965866e-01  -6.507000e-01   4.637282e-01
    endloop
  endfacet
  facet normal   -5.361552e-01   8.441191e-01   7.788561e-04
    outer loop
      vertex  -7.457326e-01  -6.183675e-01   4.293026e-01
      vertex  -7.965866e-01  -6.507000e-01   4.637282e-01
      vertex  -7.455599e-01  -6.183217e-01   4.985297e-01
    endloop
  endfacet
  facet normal   -5.308425e-01   8.474690e-01  -1.557227e-03
    outer loop
      vertex  -7.456165e-01  -6.183367e-01   6.330798e-01
      vertex  -7.452865e-01  -6.182498e-01   5.678477e-01
      vertex  -7.958984e-01  -6.498891e-01   6.023209e-01
    endloop
  endfacet
  facet normal   -5.321333e-01   8.466501e-01  -4.203868e-03
    outer loop
      vertex  -7.958984e-01  -6.498891e-01   6.023209e-01
      vertex  -7.452865e-01  -6.182498e-01   5.678477e-01
      vertex  -7.965232e-01  -6.506245e-01   5.332878e-01
    endloop
  endfacet
  facet normal   -5.347598e-01   8.450032e-01   1.232850e-03
    outer loop
      vertex  -7.965232e-01  -6.506245e-01   5.332878e-01
      vertex  -7.452865e-01  -6.182498e-01   5.678477e-01
      vertex  -7.455599e-01  -6.183217e-01   4.985297e-01
    endloop
  endfacet
  facet normal   -5.354642e-01   8.445579e-01   5.765672e-05
    outer loop
      vertex  -7.964473e-01  -6.505344e-01   3.945733e-01
      vertex  -7.457040e-01  -6.183599e-01   3.599407e-01
      vertex  -7.964387e-01  -6.505243e-01   3.253420e-01
    endloop
  endfacet
  facet normal   -5.332903e-01   8.459209e-01  -4.397080e-03
    outer loop
      vertex  -7.964387e-01  -6.505243e-01   3.253420e-01
      vertex  -7.457040e-01  -6.183599e-01   3.599407e-01
      vertex  -7.447152e-01  -6.181023e-01   2.895769e-01
    endloop
  endfacet
  facet normal    4.841232e-02   9.988180e-01   4.336673e-03
    outer loop
      vertex  -7.447152e-01  -6.181023e-01   2.895769e-01
      vertex  -7.457040e-01  -6.183599e-01   3.599407e-01
      vertex  -6.855379e-01  -6.211258e-01   3.253164e-01
    endloop
  endfacet
  facet normal   -5.390563e-01  -8.422621e-01   3.588559e-03
    outer loop
      vertex  -7.459844e-01  -8.115651e-01   4.291211e-01
      vertex  -7.452008e-01  -8.117725e-01   4.981432e-01
      vertex  -7.970534e-01  -7.787399e-01   4.620957e-01
    endloop
  endfacet
  facet normal   -5.359452e-01  -8.442525e-01   7.147159e-04
    outer loop
      vertex  -7.452008e-01  -8.117725e-01   4.981432e-01
      vertex  -7.450450e-01  -8.118130e-01   5.672035e-01
      vertex  -7.969025e-01  -7.789219e-01   5.330317e-01
    endloop
  endfacet
  facet normal   -5.367802e-01  -8.437215e-01  -1.022751e-03
    outer loop
      vertex  -7.452008e-01  -8.117725e-01   4.981432e-01
      vertex  -7.969025e-01  -7.789219e-01   5.330317e-01
      vertex  -7.970534e-01  -7.787399e-01   4.620957e-01
    endloop
  endfacet
  facet normal    4.656404e-02  -9.989113e-01   2.820973e-03
    outer loop
      vertex  -6.854507e-01  -8.088421e-01   3.941279e-01
      vertex  -7.459844e-01  -8.115651e-01   4.291211e-01
      vertex  -7.453605e-01  -8.117308e-01   3.601405e-01
    endloop
  endfacet
  facet normal   -6.109645e-01  -7.916497e-01  -3.623897e-03
    outer loop
      vertex  -7.459844e-01  -8.115651e-01   4.291211e-01
      vertex  -8.069874e-01  -7.643274e-01   3.946233e-01
      vertex  -7.453605e-01  -8.117308e-01   3.601405e-01
    endloop
  endfacet
  facet normal   -5.782385e-01  -8.110950e-01  -8.812011e-02
    outer loop
      vertex  -8.069874e-01  -7.643274e-01   3.946233e-01
      vertex  -7.459844e-01  -8.115651e-01   4.291211e-01
      vertex  -7.970534e-01  -7.787399e-01   4.620957e-01
    endloop
  endfacet
  facet normal   -5.317590e-01  -8.468566e-01  -8.144566e-03
    outer loop
      vertex  -7.969025e-01  -7.789219e-01   5.330317e-01
      vertex  -7.450450e-01  -8.118130e-01   5.672035e-01
      vertex  -7.957057e-01  -7.803349e-01   6.018140e-01
    endloop
  endfacet
  facet normal   -5.276175e-01  -8.494820e-01   3.053749e-04
    outer loop
      vertex  -7.957057e-01  -7.803349e-01   6.018140e-01
      vertex  -7.450450e-01  -8.118130e-01   5.672035e-01
      vertex  -7.449767e-01  -8.118306e-01   6.360816e-01
    endloop
  endfacet
  facet normal    5.073730e-02  -9.987120e-01  -3.059120e-04
    outer loop
      vertex  -7.449767e-01  -8.118306e-01   6.360816e-01
      vertex  -7.450450e-01  -8.118130e-01   5.672035e-01
      vertex  -6.853055e-01  -8.087885e-01   6.014828e-01
    endloop
  endfacet
  facet normal   -9.552750e-01  -2.955308e-01   1.055030e-02
    outer loop
      vertex  -7.969025e-01  -7.789219e-01   5.330317e-01
      vertex  -7.957057e-01  -7.803349e-01   6.018140e-01
      vertex  -8.194698e-01  -7.047160e-01   5.683033e-01
    endloop
  endfacet
  facet normal   -9.458064e-01  -3.182709e-01   6.445005e-02
    outer loop
      vertex  -7.969025e-01  -7.789219e-01   5.330317e-01
      vertex  -8.194698e-01  -7.047160e-01   5.683033e-01
      vertex  -8.199622e-01  -7.177503e-01   4.967109e-01
    endloop
  endfacet
  facet normal   -9.359349e-01  -3.521713e-01   1.087658e-03
    outer loop
      vertex  -7.969025e-01  -7.789219e-01   5.330317e-01
      vertex  -8.199622e-01  -7.177503e-01   4.967109e-01
      vertex  -7.970534e-01  -7.787399e-01   4.620957e-01
    endloop
  endfacet
  facet normal   -5.294525e-01  -8.483297e-01   4.081025e-03
    outer loop
      vertex  -7.957057e-01  -7.803349e-01   6.018140e-01
      vertex  -7.449767e-01  -8.118306e-01   6.360816e-01
      vertex  -7.963409e-01  -7.795915e-01   6.739311e-01
    endloop
  endfacet
  facet normal   -9.550795e-01  -2.963012e-01  -5.358474e-03
    outer loop
      vertex  -7.957057e-01  -7.803349e-01   6.018140e-01
      vertex  -7.963409e-01  -7.795915e-01   6.739311e-01
      vertex  -8.194431e-01  -7.044607e-01   6.371679e-01
    endloop
  endfacet
  facet normal   -9.541867e-01  -2.992083e-01   1.480003e-03
    outer loop
      vertex  -7.957057e-01  -7.803349e-01   6.018140e-01
      vertex  -8.194431e-01  -7.044607e-01   6.371679e-01
      vertex  -8.194698e-01  -7.047160e-01   5.683033e-01
    endloop
  endfacet
  facet normal   -9.227364e-01   3.854316e-01  -5.763184e-05
    outer loop
      vertex  -7.964473e-01  -6.505344e-01   3.945733e-01
      vertex  -7.964387e-01  -6.505243e-01   3.253420e-01
      vertex  -8.195889e-01  -7.059413e-01   3.597869e-01
    endloop
  endfacet
  facet normal   -9.232242e-01   3.842606e-01  -9.400442e-04
    outer loop
      vertex  -7.965866e-01  -6.507000e-01   4.637282e-01
      vertex  -7.964473e-01  -6.505344e-01   3.945733e-01
      vertex  -8.196015e-01  -7.060813e-01   4.286529e-01
    endloop
  endfacet
  facet normal   -9.228860e-01   3.850728e-01   6.134529e-04
    outer loop
      vertex  -7.964473e-01  -6.505344e-01   3.945733e-01
      vertex  -8.195889e-01  -7.059413e-01   3.597869e-01
      vertex  -8.196015e-01  -7.060813e-01   4.286529e-01
    endloop
  endfacet
  facet normal   -9.227105e-01   3.854937e-01   5.968150e-05
    outer loop
      vertex  -8.195889e-01  -7.059413e-01   3.597869e-01
      vertex  -7.964387e-01  -6.505243e-01   3.253420e-01
      vertex  -8.195876e-01  -7.059276e-01   2.907694e-01
    endloop
  endfacet
  facet normal   -9.228377e-01   3.851884e-01   6.341046e-04
    outer loop
      vertex  -8.195876e-01  -7.059276e-01   2.907694e-01
      vertex  -7.964387e-01  -6.505243e-01   3.253420e-01
      vertex  -7.965329e-01  -6.506360e-01   2.562331e-01
    endloop
  endfacet
  facet normal   -5.314350e-01   8.470988e-01  -6.461247e-04
    outer loop
      vertex  -7.965329e-01  -6.506360e-01   2.562331e-01
      vertex  -7.964387e-01  -6.505243e-01   3.253420e-01
      vertex  -7.447152e-01  -6.181023e-01   2.895769e-01
    endloop
  endfacet
  facet normal   -9.441848e-01   3.294159e-01   5.037538e-04
    outer loop
      vertex  -7.965866e-01  -6.507000e-01   4.637282e-01
      vertex  -8.199622e-01  -7.177503e-01   4.967109e-01
      vertex  -7.965232e-01  -6.506245e-01   5.332878e-01
    endloop
  endfacet
  facet normal   -9.339916e-01   3.529478e-01   5.556569e-02
    outer loop
      vertex  -8.199622e-01  -7.177503e-01   4.967109e-01
      vertex  -7.965866e-01  -6.507000e-01   4.637282e-01
      vertex  -8.196015e-01  -7.060813e-01   4.286529e-01
    endloop
  endfacet
  facet normal   -5.355684e-01   8.444917e-01  -4.281011e-04
    outer loop
      vertex  -7.965866e-01  -6.507000e-01   4.637282e-01
      vertex  -7.965232e-01  -6.506245e-01   5.332878e-01
      vertex  -7.455599e-01  -6.183217e-01   4.985297e-01
    endloop
  endfacet
  facet normal   -9.765749e-01  -2.151780e-01  -6.019153e-05
    outer loop
      vertex  -8.195889e-01  -7.059413e-01   3.597869e-01
      vertex  -8.195876e-01  -7.059276e-01   2.907694e-01
      vertex  -8.065560e-01  -7.650804e-01   3.253720e-01
    endloop
  endfacet
  facet normal   -9.770192e-01  -2.131181e-01  -3.768194e-03
    outer loop
      vertex  -8.195889e-01  -7.059413e-01   3.597869e-01
      vertex  -8.065560e-01  -7.650804e-01   3.253720e-01
      vertex  -8.069874e-01  -7.643274e-01   3.946233e-01
    endloop
  endfacet
  facet normal   -9.774170e-01  -2.113189e-01  -6.088856e-04
    outer loop
      vertex  -8.195889e-01  -7.059413e-01   3.597869e-01
      vertex  -8.069874e-01  -7.643274e-01   3.946233e-01
      vertex  -8.196015e-01  -7.060813e-01   4.286529e-01
    endloop
  endfacet
  facet normal   -9.229960e-01   3.848096e-01  -7.801237e-05
    outer loop
      vertex  -8.195876e-01  -7.059276e-01   2.907694e-01
      vertex  -7.965329e-01  -6.506360e-01   2.562331e-01
      vertex  -8.195892e-01  -7.059455e-01   2.217150e-01
    endloop
  endfacet
  facet normal   -9.769777e-01  -2.133165e-01   3.273716e-03
    outer loop
      vertex  -8.065560e-01  -7.650804e-01   3.253720e-01
      vertex  -8.195876e-01  -7.059276e-01   2.907694e-01
      vertex  -8.069295e-01  -7.644294e-01   2.563514e-01
    endloop
  endfacet
  facet normal   -9.773733e-01  -2.115219e-01   7.792482e-05
    outer loop
      vertex  -8.195876e-01  -7.059276e-01   2.907694e-01
      vertex  -8.195892e-01  -7.059455e-01   2.217150e-01
      vertex  -8.069295e-01  -7.644294e-01   2.563514e-01
    endloop
  endfacet
  facet normal   -9.241835e-01   3.819111e-01   5.359638e-03
    outer loop
      vertex  -8.195892e-01  -7.059455e-01   2.217150e-01
      vertex  -7.965329e-01  -6.506360e-01   2.562331e-01
      vertex  -7.973341e-01  -6.516010e-01   1.868303e-01
    endloop
  endfacet
  facet normal   -5.364070e-01   8.439413e-01  -5.541161e-03
    outer loop
      vertex  -7.973341e-01  -6.516010e-01   1.868303e-01
      vertex  -7.965329e-01  -6.506360e-01   2.562331e-01
      vertex  -7.451530e-01  -6.182150e-01   2.202995e-01
    endloop
  endfacet
  facet normal   -5.326500e-01   8.463333e-01   1.988922e-03
    outer loop
      vertex  -7.451530e-01  -6.182150e-01   2.202995e-01
      vertex  -7.965329e-01  -6.506360e-01   2.562331e-01
      vertex  -7.447152e-01  -6.181023e-01   2.895769e-01
    endloop
  endfacet
  facet normal   -5.277325e-01  -8.494105e-01  -4.360602e-04
    outer loop
      vertex  -7.449886e-01  -8.118275e-01   1.273182e-02
      vertex  -7.450864e-01  -8.118022e-01   8.179298e-02
      vertex  -7.957052e-01  -7.803355e-01   4.734942e-02
    endloop
  endfacet
  facet normal   -5.291428e-01  -8.485327e-01  -4.963896e-04
    outer loop
      vertex  -7.450864e-01  -8.118022e-01   8.179298e-02
      vertex  -7.451975e-01  -8.117734e-01   1.508923e-01
      vertex  -7.958517e-01  -7.801653e-01   1.162900e-01
    endloop
  endfacet
  facet normal   -5.284236e-01  -8.489803e-01   9.725071e-04
    outer loop
      vertex  -7.450864e-01  -8.118022e-01   8.179298e-02
      vertex  -7.958517e-01  -7.801653e-01   1.162900e-01
      vertex  -7.957052e-01  -7.803355e-01   4.734942e-02
    endloop
  endfacet
  facet normal   -5.735932e-01  -8.129111e-01  -1.008282e-01
    outer loop
      vertex  -8.076235e-01  -7.631884e-01  -2.309517e-02
      vertex  -7.449886e-01  -8.118275e-01   1.273182e-02
      vertex  -7.957052e-01  -7.803355e-01   4.734942e-02
    endloop
  endfacet
  facet normal   -6.429005e-01  -7.604590e-01   9.154858e-02
    outer loop
      vertex  -7.449886e-01  -8.118275e-01   1.273182e-02
      vertex  -8.076235e-01  -7.631884e-01  -2.309517e-02
      vertex  -7.614726e-01  -8.059947e-01  -5.457522e-02
    endloop
  endfacet
  facet normal   -2.665067e-03  -9.963184e-01  -8.568874e-02
    outer loop
      vertex  -6.860747e-01  -8.090695e-01  -2.116837e-02
      vertex  -7.449886e-01  -8.118275e-01   1.273182e-02
      vertex  -7.614726e-01  -8.059947e-01  -5.457522e-02
    endloop
  endfacet
  facet normal   -5.298062e-01  -8.481183e-01   8.532349e-04
    outer loop
      vertex  -7.958517e-01  -7.801653e-01   1.162900e-01
      vertex  -7.451975e-01  -8.117734e-01   1.508923e-01
      vertex  -7.959798e-01  -7.800159e-01   1.852297e-01
    endloop
  endfacet
  facet normal   -5.305226e-01  -8.476705e-01  -6.205207e-04
    outer loop
      vertex  -7.959798e-01  -7.800159e-01   1.852297e-01
      vertex  -7.451975e-01  -8.117734e-01   1.508923e-01
      vertex  -7.453359e-01  -8.117372e-01   2.198691e-01
    endloop
  endfacet
  facet normal    4.894126e-02  -9.988015e-01   6.217392e-04
    outer loop
      vertex  -7.453359e-01  -8.117372e-01   2.198691e-01
      vertex  -7.451975e-01  -8.117734e-01   1.508923e-01
      vertex  -6.853936e-01  -8.088211e-01   1.860831e-01
    endloop
  endfacet
  facet normal   -9.191621e-01  -3.938786e-01  -8.540076e-04
    outer loop
      vertex  -7.958517e-01  -7.801653e-01   1.162900e-01
      vertex  -7.959798e-01  -7.800159e-01   1.852297e-01
      vertex  -8.194913e-01  -7.250740e-01   1.505836e-01
    endloop
  endfacet
  facet normal   -9.188312e-01  -3.946503e-01   6.137640e-04
    outer loop
      vertex  -7.958517e-01  -7.801653e-01   1.162900e-01
      vertex  -8.194913e-01  -7.250740e-01   1.505836e-01
      vertex  -8.194769e-01  -7.252149e-01   8.149661e-02
    endloop
  endfacet
  facet normal   -9.184656e-01  -3.954997e-01  -9.759359e-04
    outer loop
      vertex  -7.958517e-01  -7.801653e-01   1.162900e-01
      vertex  -8.194769e-01  -7.252149e-01   8.149661e-02
      vertex  -7.957052e-01  -7.803355e-01   4.734942e-02
    endloop
  endfacet
  facet normal   -5.352503e-01   8.446930e-01  -9.243878e-04
    outer loop
      vertex  -7.455649e-01  -6.183230e-01   8.133000e-02
      vertex  -7.453609e-01  -6.182693e-01   1.227948e-02
      vertex  -7.965717e-01  -6.506822e-01   4.650384e-02
    endloop
  endfacet
  facet normal   -5.327334e-01   8.462720e-01   4.337185e-03
    outer loop
      vertex  -7.965717e-01  -6.506822e-01   4.650384e-02
      vertex  -7.453609e-01  -6.182693e-01   1.227948e-02
      vertex  -7.959272e-01  -6.499227e-01  -2.253647e-02
    endloop
  endfacet
  facet normal   -5.315391e-01   8.470316e-01   1.911993e-03
    outer loop
      vertex  -7.959272e-01  -6.499227e-01  -2.253647e-02
      vertex  -7.453609e-01  -6.182693e-01   1.227948e-02
      vertex  -7.457668e-01  -6.183767e-01  -5.301947e-02
    endloop
  endfacet
  facet normal   -5.385876e-01   8.425485e-01   5.956000e-03
    outer loop
      vertex  -7.455649e-01  -6.183230e-01   8.133000e-02
      vertex  -7.965717e-01  -6.506822e-01   4.650384e-02
      vertex  -7.974448e-01  -6.517362e-01   1.166526e-01
    endloop
  endfacet
  facet normal   -5.419516e-01   8.404091e-01  -1.008555e-03
    outer loop
      vertex  -7.455649e-01  -6.183230e-01   8.133000e-02
      vertex  -7.974448e-01  -6.517362e-01   1.166526e-01
      vertex  -7.457836e-01  -6.183811e-01   1.504184e-01
    endloop
  endfacet
  facet normal    4.322493e-02   9.990649e-01   9.766697e-04
    outer loop
      vertex  -7.455649e-01  -6.183230e-01   8.133000e-02
      vertex  -7.457836e-01  -6.183811e-01   1.504184e-01
      vertex  -6.860752e-01  -6.209303e-01   1.155145e-01
    endloop
  endfacet
  facet normal   -6.079830e-01  -7.939352e-01   4.846294e-03
    outer loop
      vertex  -8.069874e-01  -7.643274e-01   3.946233e-01
      vertex  -8.065560e-01  -7.650804e-01   3.253720e-01
      vertex  -7.453605e-01  -8.117308e-01   3.601405e-01
    endloop
  endfacet
  facet normal   -6.263635e-01  -7.772506e-01   5.958386e-02
    outer loop
      vertex  -7.453605e-01  -8.117308e-01   3.601405e-01
      vertex  -8.065560e-01  -7.650804e-01   3.253720e-01
      vertex  -7.565205e-01  -8.080927e-01   2.902807e-01
    endloop
  endfacet
  facet normal   -6.533288e-01  -7.570657e-01  -3.606227e-03
    outer loop
      vertex  -7.565205e-01  -8.080927e-01   2.902807e-01
      vertex  -8.065560e-01  -7.650804e-01   3.253720e-01
      vertex  -8.069295e-01  -7.644294e-01   2.563514e-01
    endloop
  endfacet
  facet normal   -9.202294e-01   3.913561e-01  -4.284468e-03
    outer loop
      vertex  -7.965717e-01  -6.506822e-01   4.650384e-02
      vertex  -7.959272e-01  -6.499227e-01  -2.253647e-02
      vertex  -8.194951e-01  -7.049640e-01   1.179687e-02
    endloop
  endfacet
  facet normal   -9.568414e-01   2.905126e-01  -7.544109e-03
    outer loop
      vertex  -7.974448e-01  -6.517362e-01   1.166526e-01
      vertex  -7.965717e-01  -6.506822e-01   4.650384e-02
      vertex  -8.194769e-01  -7.252149e-01   8.149661e-02
    endloop
  endfacet
  facet normal   -9.376183e-01   3.337946e-01   9.722698e-02
    outer loop
      vertex  -7.965717e-01  -6.506822e-01   4.650384e-02
      vertex  -8.194951e-01  -7.049640e-01   1.179687e-02
      vertex  -8.194769e-01  -7.252149e-01   8.149661e-02
    endloop
  endfacet
  facet normal   -9.190056e-01   3.942428e-01   1.183464e-03
    outer loop
      vertex  -8.194951e-01  -7.049640e-01   1.179687e-02
      vertex  -7.959272e-01  -6.499227e-01  -2.253647e-02
      vertex  -8.194674e-01  -7.046924e-01  -5.711445e-02
    endloop
  endfacet
  facet normal   -9.195095e-01   3.930530e-01   3.411124e-03
    outer loop
      vertex  -8.194674e-01  -7.046924e-01  -5.711445e-02
      vertex  -7.959272e-01  -6.499227e-01  -2.253647e-02
      vertex  -7.964672e-01  -6.505581e-01  -9.488519e-02
    endloop
  endfacet
  facet normal   -5.338674e-01   8.455612e-01  -3.440956e-03
    outer loop
      vertex  -7.964672e-01  -6.505581e-01  -9.488519e-02
      vertex  -7.959272e-01  -6.499227e-01  -2.253647e-02
      vertex  -7.457668e-01  -6.183767e-01  -5.301947e-02
    endloop
  endfacet
  facet normal   -5.420643e-01   8.403367e-01  -7.645033e-04
    outer loop
      vertex  -7.457836e-01  -6.183811e-01   1.504184e-01
      vertex  -7.974448e-01  -6.517362e-01   1.166526e-01
      vertex  -7.973341e-01  -6.516010e-01   1.868303e-01
    endloop
  endfacet
  facet normal   -9.577637e-01   2.875555e-01  -7.856063e-04
    outer loop
      vertex  -8.194913e-01  -7.250740e-01   1.505836e-01
      vertex  -7.974448e-01  -6.517362e-01   1.166526e-01
      vertex  -8.194769e-01  -7.252149e-01   8.149661e-02
    endloop
  endfacet
  facet normal   -9.575415e-01   2.882938e-01   9.544376e-04
    outer loop
      vertex  -7.974448e-01  -6.517362e-01   1.166526e-01
      vertex  -8.194913e-01  -7.250740e-01   1.505836e-01
      vertex  -7.973341e-01  -6.516010e-01   1.868303e-01
    endloop
  endfacet
  facet normal   -5.402450e-01   8.415028e-01   2.875057e-03
    outer loop
      vertex  -7.457836e-01  -6.183811e-01   1.504184e-01
      vertex  -7.973341e-01  -6.516010e-01   1.868303e-01
      vertex  -7.451530e-01  -6.182150e-01   2.202995e-01
    endloop
  endfacet
  facet normal    4.692604e-02   9.988944e-01  -2.797314e-03
    outer loop
      vertex  -7.457836e-01  -6.183811e-01   1.504184e-01
      vertex  -7.451530e-01  -6.182150e-01   2.202995e-01
      vertex  -6.855683e-01  -6.211147e-01   1.844340e-01
    endloop
  endfacet
  facet normal    4.402525e-02   9.990277e-01   2.348451e-03
    outer loop
      vertex  -6.860752e-01  -6.209303e-01   1.155145e-01
      vertex  -7.457836e-01  -6.183811e-01   1.504184e-01
      vertex  -6.855683e-01  -6.211147e-01   1.844340e-01
    endloop
  endfacet
  facet normal   -5.290530e-01  -8.485751e-01   4.832208e-03
    outer loop
      vertex  -7.963409e-01  -7.795915e-01   6.739311e-01
      vertex  -7.449767e-01  -8.118306e-01   6.360816e-01
      vertex  -7.440018e-01  -8.120769e-01   6.995786e-01
    endloop
  endfacet
  facet normal    5.814647e-02  -9.982967e-01  -4.764478e-03
    outer loop
      vertex  -7.440018e-01  -8.120769e-01   6.995786e-01
      vertex  -7.449767e-01  -8.118306e-01   6.360816e-01
      vertex  -6.843863e-01  -8.084434e-01   6.658128e-01
    endloop
  endfacet
  facet normal    5.356944e-02  -9.985536e-01   4.592503e-03
    outer loop
      vertex  -7.449767e-01  -8.118306e-01   6.360816e-01
      vertex  -6.853055e-01  -8.087885e-01   6.014828e-01
      vertex  -6.843863e-01  -8.084434e-01   6.658128e-01
    endloop
  endfacet
  facet normal   -5.723680e-01  -8.149889e-01   9.048709e-02
    outer loop
      vertex  -7.959798e-01  -7.800159e-01   1.852297e-01
      vertex  -7.453359e-01  -8.117372e-01   2.198691e-01
      vertex  -8.069295e-01  -7.644294e-01   2.563514e-01
    endloop
  endfacet
  facet normal   -9.350009e-01  -3.427989e-01   9.089668e-02
    outer loop
      vertex  -7.959798e-01  -7.800159e-01   1.852297e-01
      vertex  -8.195892e-01  -7.059455e-01   2.217150e-01
      vertex  -8.194913e-01  -7.250740e-01   1.505836e-01
    endloop
  endfacet
  facet normal   -9.609000e-01  -2.616558e-01  -9.059470e-02
    outer loop
      vertex  -8.195892e-01  -7.059455e-01   2.217150e-01
      vertex  -7.959798e-01  -7.800159e-01   1.852297e-01
      vertex  -8.069295e-01  -7.644294e-01   2.563514e-01
    endloop
  endfacet
  facet normal    1.312522e-02  -9.984673e-01   5.376571e-02
    outer loop
      vertex  -7.565205e-01  -8.080927e-01   2.902807e-01
      vertex  -7.453359e-01  -8.117372e-01   2.198691e-01
      vertex  -6.860128e-01  -8.090472e-01   2.553431e-01
    endloop
  endfacet
  facet normal   -6.301507e-01  -7.741491e-01  -6.002661e-02
    outer loop
      vertex  -7.453359e-01  -8.117372e-01   2.198691e-01
      vertex  -7.565205e-01  -8.080927e-01   2.902807e-01
      vertex  -8.069295e-01  -7.644294e-01   2.563514e-01
    endloop
  endfacet
  facet normal    4.699399e-02  -9.988911e-01  -2.840802e-03
    outer loop
      vertex  -7.453359e-01  -8.117372e-01   2.198691e-01
      vertex  -6.853936e-01  -8.088211e-01   1.860831e-01
      vertex  -6.860128e-01  -8.090472e-01   2.553431e-01
    endloop
  endfacet
  facet normal   -5.337730e-01   8.456122e-01   5.137948e-03
    outer loop
      vertex  -7.456165e-01  -6.183367e-01   6.330798e-01
      vertex  -7.958984e-01  -6.498891e-01   6.023209e-01
      vertex  -7.965985e-01  -6.507142e-01   6.653872e-01
    endloop
  endfacet
  facet normal   -5.480802e-01   8.359871e-01  -2.708513e-02
    outer loop
      vertex  -7.456165e-01  -6.183367e-01   6.330798e-01
      vertex  -7.965985e-01  -6.507142e-01   6.653872e-01
      vertex  -7.503475e-01  -6.197161e-01   6.862387e-01
    endloop
  endfacet
  facet normal    2.981710e-02   9.991467e-01   2.857913e-02
    outer loop
      vertex  -6.852659e-01  -6.212261e-01   6.711301e-01
      vertex  -7.456165e-01  -6.183367e-01   6.330798e-01
      vertex  -7.503475e-01  -6.197161e-01   6.862387e-01
    endloop
  endfacet
  facet normal    4.710509e-02  -9.988882e-01   1.865294e-03
    outer loop
      vertex  -6.854507e-01  -8.088421e-01   3.941279e-01
      vertex  -7.453605e-01  -8.117308e-01   3.601405e-01
      vertex  -6.858561e-01  -8.089904e-01   3.249636e-01
    endloop
  endfacet
  facet normal    6.103435e-01  -7.921346e-01  -1.879620e-03
    outer loop
      vertex  -6.379429e-01  -7.721545e-01   3.592806e-01
      vertex  -6.854507e-01  -8.088421e-01   3.941279e-01
      vertex  -6.858561e-01  -8.089904e-01   3.249636e-01
    endloop
  endfacet
  facet normal    6.112246e-01  -7.914572e-01   3.478687e-05
    outer loop
      vertex  -6.854507e-01  -8.088421e-01   3.941279e-01
      vertex  -6.379429e-01  -7.721545e-01   3.592806e-01
      vertex  -6.379383e-01  -7.721479e-01   4.286245e-01
    endloop
  endfacet
  facet normal   -9.193461e-01   3.934173e-01  -5.059073e-03
    outer loop
      vertex  -7.965985e-01  -6.507142e-01   6.653872e-01
      vertex  -7.958984e-01  -6.498891e-01   6.023209e-01
      vertex  -8.194431e-01  -7.044607e-01   6.371679e-01
    endloop
  endfacet
  facet normal   -9.184439e-01   3.955496e-01  -1.110293e-03
    outer loop
      vertex  -8.194431e-01  -7.044607e-01   6.371679e-01
      vertex  -7.958984e-01  -6.498891e-01   6.023209e-01
      vertex  -8.194698e-01  -7.047160e-01   5.683033e-01
    endloop
  endfacet
  facet normal   -9.196159e-01   3.927969e-01   4.138399e-03
    outer loop
      vertex  -8.194698e-01  -7.047160e-01   5.683033e-01
      vertex  -7.958984e-01  -6.498891e-01   6.023209e-01
      vertex  -7.965232e-01  -6.506245e-01   5.332878e-01
    endloop
  endfacet
  facet normal   -9.320798e-01   3.526336e-01   8.292607e-02
    outer loop
      vertex  -8.197281e-01  -7.223694e-01   7.101192e-01
      vertex  -7.965985e-01  -6.507142e-01   6.653872e-01
      vertex  -8.194431e-01  -7.044607e-01   6.371679e-01
    endloop
  endfacet
  facet normal   -9.566680e-01   2.895417e-01  -3.085316e-02
    outer loop
      vertex  -7.965985e-01  -6.507142e-01   6.653872e-01
      vertex  -8.197281e-01  -7.223694e-01   7.101192e-01
      vertex  -8.003867e-01  -6.555190e-01   7.377550e-01
    endloop
  endfacet
  facet normal   -5.643890e-01   8.251230e-01   2.524063e-02
    outer loop
      vertex  -7.965985e-01  -6.507142e-01   6.653872e-01
      vertex  -8.003867e-01  -6.555190e-01   7.377550e-01
      vertex  -7.503475e-01  -6.197161e-01   6.862387e-01
    endloop
  endfacet
  facet normal   -9.799775e-01  -1.991047e-01  -1.179638e-03
    outer loop
      vertex  -8.194951e-01  -7.049640e-01   1.179687e-02
      vertex  -8.194674e-01  -7.046924e-01  -5.711445e-02
      vertex  -8.076235e-01  -7.631884e-01  -2.309517e-02
    endloop
  endfacet
  facet normal   -9.345764e-01  -3.417002e-01  -9.903484e-02
    outer loop
      vertex  -8.194769e-01  -7.252149e-01   8.149661e-02
      vertex  -8.194951e-01  -7.049640e-01   1.179687e-02
      vertex  -7.957052e-01  -7.803355e-01   4.734942e-02
    endloop
  endfacet
  facet normal   -9.614203e-01  -2.561417e-01   1.003119e-01
    outer loop
      vertex  -8.194951e-01  -7.049640e-01   1.179687e-02
      vertex  -8.076235e-01  -7.631884e-01  -2.309517e-02
      vertex  -7.957052e-01  -7.803355e-01   4.734942e-02
    endloop
  endfacet
  facet normal   -9.210846e-01   3.893522e-01  -2.852193e-03
    outer loop
      vertex  -8.194674e-01  -7.046924e-01  -5.711445e-02
      vertex  -7.964672e-01  -6.505581e-01  -9.488519e-02
      vertex  -8.195289e-01  -7.053046e-01  -1.208120e-01
    endloop
  endfacet
  facet normal   -9.786199e-01  -2.056563e-01   2.921978e-03
    outer loop
      vertex  -8.194674e-01  -7.046924e-01  -5.711445e-02
      vertex  -8.195289e-01  -7.053046e-01  -1.208120e-01
      vertex  -8.070312e-01  -7.642500e-01  -8.386359e-02
    endloop
  endfacet
  facet normal   -9.794073e-01  -2.018044e-01  -6.020369e-03
    outer loop
      vertex  -8.194674e-01  -7.046924e-01  -5.711445e-02
      vertex  -8.070312e-01  -7.642500e-01  -8.386359e-02
      vertex  -8.076235e-01  -7.631884e-01  -2.309517e-02
    endloop
  endfacet
  facet normal   -9.217150e-01   3.878670e-01   8.446686e-04
    outer loop
      vertex  -8.195289e-01  -7.053046e-01  -1.208120e-01
      vertex  -7.964672e-01  -6.505581e-01  -9.488519e-02
      vertex  -7.965898e-01  -6.507038e-01  -1.617421e-01
    endloop
  endfacet
  facet normal   -5.505318e-01   8.344309e-01   2.529566e-02
    outer loop
      vertex  -7.964672e-01  -6.505581e-01  -9.488519e-02
      vertex  -7.457668e-01  -6.183767e-01  -5.301947e-02
      vertex  -7.501985e-01  -6.196687e-01  -1.068478e-01
    endloop
  endfacet
  facet normal   -5.553834e-01   8.315940e-01  -7.946423e-04
    outer loop
      vertex  -7.965898e-01  -6.507038e-01  -1.617421e-01
      vertex  -7.964672e-01  -6.505581e-01  -9.488519e-02
      vertex  -7.501985e-01  -6.196687e-01  -1.068478e-01
    endloop
  endfacet
  facet normal   -9.332025e-01   3.561424e-01  -4.791403e-02
    outer loop
      vertex  -8.195289e-01  -7.053046e-01  -1.208120e-01
      vertex  -7.965898e-01  -6.507038e-01  -1.617421e-01
      vertex  -8.200000e-01  -7.150000e-01  -1.837016e-01
    endloop
  endfacet
  facet normal   -6.668333e-01  -7.448105e-01  -2.430299e-02
    outer loop
      vertex  -8.070312e-01  -7.642500e-01  -8.386359e-02
      vertex  -7.574165e-01  -8.077362e-01  -1.124931e-01
      vertex  -7.614726e-01  -8.059947e-01  -5.457522e-02
    endloop
  endfacet
  facet normal   -6.777354e-01  -7.352794e-01   6.240119e-03
    outer loop
      vertex  -8.076235e-01  -7.631884e-01  -2.309517e-02
      vertex  -8.070312e-01  -7.642500e-01  -8.386359e-02
      vertex  -7.614726e-01  -8.059947e-01  -5.457522e-02
    endloop
  endfacet
  facet normal   -3.501407e-02  -9.990060e-01   2.758745e-02
    outer loop
      vertex  -7.574165e-01  -8.077362e-01  -1.124931e-01
      vertex  -6.868501e-01  -8.093455e-01  -8.120759e-02
      vertex  -7.614726e-01  -8.059947e-01  -5.457522e-02
    endloop
  endfacet
  facet normal   -7.033398e-02  -9.917001e-01   1.076295e-01
    outer loop
      vertex  -6.868501e-01  -8.093455e-01  -8.120759e-02
      vertex  -7.574165e-01  -8.077362e-01  -1.124931e-01
      vertex  -7.062456e-01  -8.140496e-01  -1.372253e-01
    endloop
  endfacet
  facet normal   -9.427503e-02  -9.938179e-01   5.863595e-02
    outer loop
      vertex  -7.574165e-01  -8.077362e-01  -1.124931e-01
      vertex  -7.373648e-01  -8.134808e-01  -1.776183e-01
      vertex  -7.062456e-01  -8.140496e-01  -1.372253e-01
    endloop
  endfacet
  facet normal   -9.399743e-01  -3.305368e-01  -8.481587e-02
    outer loop
      vertex  -7.963409e-01  -7.795915e-01   6.739311e-01
      vertex  -8.197281e-01  -7.223694e-01   7.101192e-01
      vertex  -8.194431e-01  -7.044607e-01   6.371679e-01
    endloop
  endfacet
  facet normal   -9.547399e-01   2.942356e-01  -4.355697e-02
    outer loop
      vertex  -8.003867e-01  -6.555190e-01   7.377550e-01
      vertex  -8.197281e-01  -7.223694e-01   7.101192e-01
      vertex  -8.200000e-01  -7.150000e-01   7.658611e-01
    endloop
  endfacet
  facet normal   -9.320936e-01   3.574351e-01  -5.866512e-02
    outer loop
      vertex  -8.199622e-01  -7.177503e-01   4.967109e-01
      vertex  -8.194698e-01  -7.047160e-01   5.683033e-01
      vertex  -7.965232e-01  -6.506245e-01   5.332878e-01
    endloop
  endfacet
  facet normal   -9.405212e-01   3.277524e-01  -8.943332e-02
    outer loop
      vertex  -8.194913e-01  -7.250740e-01   1.505836e-01
      vertex  -8.195892e-01  -7.059455e-01   2.217150e-01
      vertex  -7.973341e-01  -6.516010e-01   1.868303e-01
    endloop
  endfacet
  facet normal   -9.451897e-01  -3.209545e-01  -6.003917e-02
    outer loop
      vertex  -7.970534e-01  -7.787399e-01   4.620957e-01
      vertex  -8.199622e-01  -7.177503e-01   4.967109e-01
      vertex  -8.196015e-01  -7.060813e-01   4.286529e-01
    endloop
  endfacet
  facet normal   -9.620610e-01  -2.588052e-01   8.636248e-02
    outer loop
      vertex  -8.069874e-01  -7.643274e-01   3.946233e-01
      vertex  -7.970534e-01  -7.787399e-01   4.620957e-01
      vertex  -8.196015e-01  -7.060813e-01   4.286529e-01
    endloop
  endfacet
  facet normal    1.392840e-02  -9.984319e-01  -5.422014e-02
    outer loop
      vertex  -7.453605e-01  -8.117308e-01   3.601405e-01
      vertex  -7.565205e-01  -8.080927e-01   2.902807e-01
      vertex  -6.858561e-01  -8.089904e-01   3.249636e-01
    endloop
  endfacet
  facet normal   -1.311718e-02  -9.999136e-01   8.452401e-04
    outer loop
      vertex  -6.858561e-01  -8.089904e-01   3.249636e-01
      vertex  -7.565205e-01  -8.080927e-01   2.902807e-01
      vertex  -6.860128e-01  -8.090472e-01   2.553431e-01
    endloop
  endfacet
  facet normal    5.018132e-02   9.987382e-01  -1.942090e-03
    outer loop
      vertex  -7.451530e-01  -6.182150e-01   2.202995e-01
      vertex  -7.447152e-01  -6.181023e-01   2.895769e-01
      vertex  -6.854837e-01  -6.211457e-01   2.549498e-01
    endloop
  endfacet
  facet normal    4.883528e-02   9.988068e-01   3.816579e-04
    outer loop
      vertex  -6.855683e-01  -6.211147e-01   1.844340e-01
      vertex  -7.451530e-01  -6.182150e-01   2.202995e-01
      vertex  -6.854837e-01  -6.211457e-01   2.549498e-01
    endloop
  endfacet
  facet normal    5.117188e-02   9.986898e-01  -2.434389e-04
    outer loop
      vertex  -7.447152e-01  -6.181023e-01   2.895769e-01
      vertex  -6.855379e-01  -6.211258e-01   3.253164e-01
      vertex  -6.854837e-01  -6.211457e-01   2.549498e-01
    endloop
  endfacet
  facet normal    2.979957e-02   9.992062e-01  -2.643788e-02
    outer loop
      vertex  -7.457668e-01  -6.183767e-01  -5.301947e-02
      vertex  -6.853582e-01  -6.211920e-01  -9.133336e-02
      vertex  -7.501985e-01  -6.196687e-01  -1.068478e-01
    endloop
  endfacet
  facet normal    6.112648e-01  -7.914261e-01   6.312207e-05
    outer loop
      vertex  -6.379738e-01  -7.721987e-01   1.514545e-01
      vertex  -6.379654e-01  -7.721868e-01   2.208335e-01
      vertex  -6.853936e-01  -8.088211e-01   1.860831e-01
    endloop
  endfacet
  facet normal    6.099747e-01  -7.924157e-01   2.867045e-03
    outer loop
      vertex  -6.853936e-01  -8.088211e-01   1.860831e-01
      vertex  -6.379654e-01  -7.721868e-01   2.208335e-01
      vertex  -6.860128e-01  -8.090472e-01   2.553431e-01
    endloop
  endfacet
  facet normal   -4.302472e-02  -9.990607e-01   5.148923e-03
    outer loop
      vertex  -6.868501e-01  -8.093455e-01  -8.120759e-02
      vertex  -6.860747e-01  -8.090695e-01  -2.116837e-02
      vertex  -7.614726e-01  -8.059947e-01  -5.457522e-02
    endloop
  endfacet
  facet normal    5.435727e-01  -8.309655e-01  -1.184273e-01
    outer loop
      vertex  -6.370041e-01  -7.707824e-01  -1.230030e-01
      vertex  -6.868501e-01  -8.093455e-01  -8.120759e-02
      vertex  -7.062456e-01  -8.140496e-01  -1.372253e-01
    endloop
  endfacet
  facet normal    6.099997e-01   7.924016e-01  -3.828670e-04
    outer loop
      vertex  -6.380723e-01  -6.576602e-01   2.205049e-01
      vertex  -6.855683e-01  -6.211147e-01   1.844340e-01
      vertex  -6.854837e-01  -6.211457e-01   2.549498e-01
    endloop
  endfacet
  facet normal    0.000000e+00   0.000000e+00   1.000000e+00
    outer loop
      vertex  -6.200000e-01  -7.150000e-01   8.100000e-01
      vertex  -6.433956e-01  -6.507212e-01   8.100000e-01
      vertex  -6.864809e-01  -7.150000e-01   8.100000e-01
    endloop
  endfacet
  facet normal    0.000000e+00  -0.000000e+00   1.000000e+00
    outer loop
      vertex  -6.433956e-01  -7.792788e-01   8.100000e-01
      vertex  -6.200000e-01  -7.150000e-01   8.100000e-01
      vertex  -6.864809e-01  -7.150000e-01   8.100000e-01
    endloop
  endfacet
  facet normal    0.000000e+00   0.000000e+00   1.000000e+00
    outer loop
      vertex  -6.433956e-01  -6.507212e-01   8.100000e-01
      vertex  -7.026352e-01  -6.165192e-01   8.100000e-01
      vertex  -7.286824e-01  -6.657596e-01   8.100000e-01
    endloop
  endfacet
  facet normal    0.000000e+00  -0.000000e+00   1.000000e+00
    outer loop
      vertex  -6.864809e-01  -7.150000e-01   8.100000e-01
      vertex  -6.433956e-01  -6.507212e-01   8.100000e-01
      vertex  -7.286824e-01  -6.657596e-01   8.100000e-01
    endloop
  endfacet
  facet normal    0.000000e+00   0.000000e+00   1.000000e+00
    outer loop
      vertex  -7.026352e-01  -6.165192e-01   8.100000e-01
      vertex  -7.700000e-01  -6.283975e-01   8.100000e-01
      vertex  -7.286824e-01  -6.657596e-01   8.100000e-01
    endloop
  endfacet
  facet normal    0.000000e+00   0.000000e+00   1.000000e+00
    outer loop
      vertex  -7.700000e-01  -6.283975e-01   8.100000e-01
      vertex  -8.139693e-01  -6.807980e-01   8.100000e-01
      vertex  -7.286824e-01  -6.657596e-01   8.100000e-01
    endloop
  endfacet
  facet normal    0.000000e+00   0.000000e+00   1.000000e+00
    outer loop
      vertex  -8.139693e-01  -6.807980e-01   8.100000e-01
      vertex  -8.139693e-01  -7.492020e-01   8.100000e-01
      vertex  -7.547296e-01  -7.150000e-01   8.100000e-01
    endloop
  endfacet
  facet normal   -0.000000e+00   0.000000e+00   1.000000e+00
    outer loop
      vertex  -8.139693e-01  -6.807980e-01   8.100000e-01
      vertex  -7.547296e-01  -7.150000e-01   8.100000e-01
      vertex  -7.286824e-01  -6.657596e-01   8.100000e-01
    endloop
  endfacet
  facet normal    0.000000e+00   0.000000e+00   1.000000e+00
    outer loop
      vertex  -8.139693e-01  -7.492020e-01   8.100000e-01
      vertex  -7.700000e-01  -8.016025e-01   8.100000e-01
      vertex  -7.286824e-01  -7.642404e-01   8.100000e-01
    endloop
  endfacet
  facet normal    0.000000e+00   0.000000e+00   1.000000e+00
    outer loop
      vertex  -7.547296e-01  -7.150000e-01   8.100000e-01
      vertex  -8.139693e-01  -7.492020e-01   8.100000e-01
      vertex  -7.286824e-01  -7.642404e-01   8.100000e-01
    endloop
  endfacet
  facet normal   -0.000000e+00   0.000000e+00   1.000000e+00
    outer loop
      vertex  -7.700000e-01  -8.016025e-01   8.100000e-01
      vertex  -7.026352e-01  -8.134808e-01   8.100000e-01
      vertex  -7.286824e-01  -7.642404e-01   8.100000e-01
    endloop
  endfacet
  facet normal    0.000000e+00  -0.000000e+00   1.000000e+00
    outer loop
      vertex  -7.026352e-01  -8.134808e-01   8.100000e-01
      vertex  -6.433956e-01  -7.792788e-01   8.100000e-01
      vertex  -7.286824e-01  -7.642404e-01   8.100000e-01
    endloop
  endfacet
  facet normal    0.000000e+00   0.000000e+00   1.000000e+00
    outer loop
      vertex  -6.433956e-01  -7.792788e-01   8.100000e-01
      vertex  -6.864809e-01  -7.150000e-01   8.100000e-01
      vertex  -7.286824e-01  -7.642404e-01   8.100000e-01
    endloop
  endfacet
  facet normal    0.000000e+00   0.000000e+00   1.000000e+00
    outer loop
      vertex  -6.864809e-01  -7.150000e-01   8.100000e-01
      vertex  -7.547296e-01  -7.150000e-01   8.100000e-01
      vertex  -7.286824e-01  -7.642404e-01   8.100000e-01
    endloop
  endfacet
  facet normal   -0.000000e+00   0.000000e+00   1.000000e+00
    outer loop
      vertex  -7.547296e-01  -7.150000e-01   8.100000e-01
      vertex  -6.864809e-01  -7.150000e-01   8.100000e-01
      vertex  -7.286824e-01  -6.657596e-01   8.100000e-01
    endloop
  endfacet
  facet normal    0.000000e+00   0.000000e+00  -1.000000e+00
    outer loop
      vertex  -6.864809e-01  -7.150000e-01  -2.300000e-01
      vertex  -6.433956e-01  -6.507212e-01  -2.300000e-01
      vertex  -6.200000e-01  -7.150000e-01  -2.300000e-01
    endloop
  endfacet
  facet normal    0.000000e+00   0.000000e+00  -1.000000e+00
    outer loop
      vertex  -6.864809e-01  -7.150000e-01  -2.300000e-01
      vertex  -6.200000e-01  -7.150000e-01  -2.300000e-01
      vertex  -6.433956e-01  -7.792788e-01  -2.300000e-01
    endloop
  endfacet
  facet normal    0.000000e+00   0.000000e+00  -1.000000e+00
    outer loop
      vertex  -7.286824e-01  -6.657596e-01  -2.300000e-01
      vertex  -7.026352e-01  -6.165192e-01  -2.300000e-01
      vertex  -6.433956e-01  -6.507212e-01  -2.300000e-01
    endloop
  endfacet
  facet normal    0.000000e+00   0.000000e+00  -1.000000e+00
    outer loop
      vertex  -7.286824e-01  -6.657596e-01  -2.300000e-01
      vertex  -6.433956e-01  -6.507212e-01  -2.300000e-01
      vertex  -6.864809e-01  -7.150000e-01  -2.300000e-01
    endloop
  endfacet
  facet normal    0.000000e+00   0.000000e+00  -1.000000e+00
    outer loop
      vertex  -7.286824e-01  -6.657596e-01  -2.300000e-01
      vertex  -7.700000e-01  -6.283975e-01  -2.300000e-01
      vertex  -7.026352e-01  -6.165192e-01  -2.300000e-01
    endloop
  endfacet
  facet normal   -0.000000e+00   0.000000e+00  -1.000000e+00
    outer loop
      vertex  -7.286824e-01  -6.657596e-01  -2.300000e-01
      vertex  -8.139693e-01  -6.807980e-01  -2.300000e-01
      vertex  -7.700000e-01  -6.283975e-01  -2.300000e-01
    endloop
  endfacet
  facet normal   -0.000000e+00   0.000000e+00  -1.000000e+00
    outer loop
      vertex  -7.547296e-01  -7.150000e-01  -2.300000e-01
      vertex  -8.139693e-01  -7.492020e-01  -2.300000e-01
      vertex  -8.139693e-01  -6.807980e-01  -2.300000e-01
    endloop
  endfacet
  facet normal    0.000000e+00   0.000000e+00  -1.000000e+00
    outer loop
      vertex  -7.286824e-01  -6.657596e-01  -2.300000e-01
      vertex  -7.547296e-01  -7.150000e-01  -2.300000e-01
      vertex  -8.139693e-01  -6.807980e-01  -2.300000e-01
    endloop
  endfacet
  facet normal   -0.000000e+00   0.000000e+00  -1.000000e+00
    outer loop
      vertex  -7.286824e-01  -7.642404e-01  -2.300000e-01
      vertex  -7.700000e-01  -8.016025e-01  -2.300000e-01
      vertex  -8.139693e-01  -7.492020e-01  -2.300000e-01
    endloop
  endfacet
  facet normal    0.000000e+00   0.000000e+00  -1.000000e+00
    outer loop
      vertex  -7.286824e-01  -7.642404e-01  -2.300000e-01
      vertex  -8.139693e-01  -7.492020e-01  -2.300000e-01
      vertex  -7.547296e-01  -7.150000e-01  -2.300000e-01
    endloop
  endfacet
  facet normal    0.000000e+00  -0.000000e+00  -1.000000e+00
    outer loop
      vertex  -7.286824e-01  -7.642404e-01  -2.300000e-01
      vertex  -7.026352e-01  -8.134808e-01  -2.300000e-01
      vertex  -7.700000e-01  -8.016025e-01  -2.300000e-01
    endloop
  endfacet
  facet normal    0.000000e+00   0.000000e+00  -1.000000e+00
    outer loop
      vertex  -7.286824e-01  -7.642404e-01  -2.300000e-01
      vertex  -6.433956e-01  -7.792788e-01  -2.300000e-01
      vertex  -7.026352e-01  -8.134808e-01  -2.300000e-01
    endloop
  endfacet
  facet normal    0.000000e+00   0.000000e+00  -1.000000e+00
    outer loop
      vertex  -7.286824e-01  -7.642404e-01  -2.300000e-01
      vertex  -6.864809e-01  -7.150000e-01  -2.300000e-01
      vertex  -6.433956e-01  -7.792788e-01  -2.300000e-01
    endloop
  endfacet
  facet normal    0.000000e+00   0.000000e+00  -1.000000e+00
    outer loop
      vertex  -7.286824e-01  -7.642404e-01  -2.300000e-01
      vertex  -7.547296e-01  -7.150000e-01  -2.300000e-01
      vertex  -6.864809e-01  -7.150000e-01  -2.300000e-01
    endloop
  endfacet
  facet normal    0.000000e+00  -0.000000e+00  -1.000000e+00
    outer loop
      vertex  -7.286824e-01  -6.657596e-01  -2.300000e-01
      vertex  -6.864809e-01  -7.150000e-01  -2.300000e-01
      vertex  -7.547296e-01  -7.150000e-01  -2.300000e-01
    endloop
  endfacet
  facet normal    9.357261e-01   3.405765e-01   9.178369e-02
    outer loop
      vertex  -6.433956e-01   7.792788e-01   8.100000e-01
      vertex  -6.200000e-01   7.150000e-01   8.100000e-01
      vertex  -6.328481e-01   7.640362e-01   7.590294e-01
    endloop
  endfacet
  facet normal    9.354615e-01  -3.404802e-01   9.478911e-02
    outer loop
      vertex  -6.200000e-01   7.150000e-01   8.100000e-01
      vertex  -6.433956e-01   6.507212e-01   8.100000e-01
      vertex  -6.324581e-01   6.666635e-01   7.593240e-01
    endloop
  endfacet
  facet normal    9.673467e-01   2.534570e-01   0.000000e+00
    outer loop
      vertex  -6.200000e-01   7.150000e-01   8.100000e-01
      vertex  -6.200000e-01   7.150000e-01   7.406667e-01
      vertex  -6.328481e-01   7.640362e-01   7.590294e-01
    endloop
  endfacet
  facet normal    9.683540e-01  -2.495809e-01   0.000000e+00
    outer loop
      vertex  -6.200000e-01   7.150000e-01   7.406667e-01
      vertex  -6.200000e-01   7.150000e-01   8.100000e-01
      vertex  -6.324581e-01   6.666635e-01   7.593240e-01
    endloop
  endfacet
  facet normal    9.673467e-01   2.534570e-01   0.000000e+00
    outer loop
      vertex  -6.200000e-01   7.150000e-01  -1.606667e-01
      vertex  -6.200000e-01   7.150000e-01  -2.300000e-01
      vertex  -6.328481e-01   7.640362e-01  -1.790294e-01
    endloop
  endfacet
  facet normal    9.683540e-01  -2.495809e-01   0.000000e+00
    outer loop
      vertex  -6.200000e-01   7.150000e-01  -2.300000e-01
      vertex  -6.200000e-01   7.150000e-01  -1.606667e-01
      vertex  -6.324581e-01   6.666635e-01  -1.793240e-01
    endloop
  endfacet
  facet normal    9.357261e-01   3.405765e-01  -9.178369e-02
    outer loop
      vertex  -6.200000e-01   7.150000e-01  -2.300000e-01
      vertex  -6.433956e-01   7.792788e-01  -2.300000e-01
      vertex  -6.328481e-01   7.640362e-01  -1.790294e-01
    endloop
  endfacet
  facet normal    9.354615e-01  -3.404802e-01  -9.478911e-02
    outer loop
      vertex  -6.433956e-01   6.507212e-01  -2.300000e-01
      vertex  -6.200000e-01   7.150000e-01  -2.300000e-01
      vertex  -6.324581e-01   6.666635e-01  -1.793240e-01
    endloop
  endfacet
  facet normal    4.980723e-01   8.626865e-01   8.772648e-02
    outer loop
      vertex  -7.026352e-01   8.134808e-01   8.100000e-01
      vertex  -6.433956e-01   7.792788e-01   8.100000e-01
      vertex  -6.727844e-01   8.031515e-01   7.420967e-01
    endloop
  endfacet
  facet normal    7.116720e-01   6.997710e-01  -6.199650e-02
    outer loop
      vertex  -6.727844e-01   8.031515e-01   7.420967e-01
      vertex  -6.433956e-01   7.792788e-01   8.100000e-01
      vertex  -6.328481e-01   7.640362e-01   7.590294e-01
    endloop
  endfacet
  facet normal   -1.727460e-01   9.796913e-01   1.018024e-01
    outer loop
      vertex  -7.700000e-01   8.016025e-01   8.100000e-01
      vertex  -7.026352e-01   8.134808e-01   8.100000e-01
      vertex  -7.373648e-01   8.134808e-01   7.510681e-01
    endloop
  endfacet
  facet normal    1.457110e-01   9.855935e-01  -8.587020e-02
    outer loop
      vertex  -7.373648e-01   8.134808e-01   7.510681e-01
      vertex  -7.026352e-01   8.134808e-01   8.100000e-01
      vertex  -6.727844e-01   8.031515e-01   7.420967e-01
    endloop
  endfacet
  facet normal   -7.635503e-01   6.406948e-01   8.062969e-02
    outer loop
      vertex  -8.139693e-01   7.492020e-01   8.100000e-01
      vertex  -7.700000e-01   8.016025e-01   8.100000e-01
      vertex  -8.003867e-01   7.744810e-01   7.377550e-01
    endloop
  endfacet
  facet normal   -5.065281e-01   8.554219e-01  -1.080864e-01
    outer loop
      vertex  -7.700000e-01   8.016025e-01   8.100000e-01
      vertex  -7.373648e-01   8.134808e-01   7.510681e-01
      vertex  -8.003867e-01   7.744810e-01   7.377550e-01
    endloop
  endfacet
  facet normal   -9.907947e-01   3.216194e-15   1.353732e-01
    outer loop
      vertex  -8.139693e-01   6.807980e-01   8.100000e-01
      vertex  -8.139693e-01   7.492020e-01   8.100000e-01
      vertex  -8.200000e-01   7.150000e-01   7.658611e-01
    endloop
  endfacet
  facet normal   -9.574417e-01   2.763410e-01  -8.331289e-02
    outer loop
      vertex  -8.139693e-01   7.492020e-01   8.100000e-01
      vertex  -8.003867e-01   7.744810e-01   7.377550e-01
      vertex  -8.200000e-01   7.150000e-01   7.658611e-01
    endloop
  endfacet
  facet normal   -7.620646e-01  -6.394481e-01   1.018024e-01
    outer loop
      vertex  -7.700000e-01   6.283975e-01   8.100000e-01
      vertex  -8.139693e-01   6.807980e-01   8.100000e-01
      vertex  -7.966044e-01   6.507212e-01   7.510681e-01
    endloop
  endfacet
  facet normal   -9.416233e-01  -3.159828e-01  -1.161915e-01
    outer loop
      vertex  -7.966044e-01   6.507212e-01   7.510681e-01
      vertex  -8.139693e-01   6.807980e-01   8.100000e-01
      vertex  -8.200000e-01   7.150000e-01   7.658611e-01
    endloop
  endfacet
  facet normal   -1.722129e-01  -9.766680e-01   1.283060e-01
    outer loop
      vertex  -7.026352e-01   6.165192e-01   8.100000e-01
      vertex  -7.700000e-01   6.283975e-01   8.100000e-01
      vertex  -7.373648e-01   6.165192e-01   7.633857e-01
    endloop
  endfacet
  facet normal   -4.789610e-01  -8.704659e-01  -1.135141e-01
    outer loop
      vertex  -7.700000e-01   6.283975e-01   8.100000e-01
      vertex  -7.966044e-01   6.507212e-01   7.510681e-01
      vertex  -7.373648e-01   6.165192e-01   7.633857e-01
    endloop
  endfacet
  facet normal    4.979251e-01  -8.624315e-01   9.100789e-02
    outer loop
      vertex  -6.433956e-01   6.507212e-01   8.100000e-01
      vertex  -7.026352e-01   6.165192e-01   8.100000e-01
      vertex  -6.728278e-01   6.268253e-01   7.445816e-01
    endloop
  endfacet
  facet normal    1.294870e-01  -9.868769e-01  -9.647336e-02
    outer loop
      vertex  -6.728278e-01   6.268253e-01   7.445816e-01
      vertex  -7.026352e-01   6.165192e-01   8.100000e-01
      vertex  -7.373648e-01   6.165192e-01   7.633857e-01
    endloop
  endfacet
  facet normal    7.129477e-01  -6.981280e-01  -6.574912e-02
    outer loop
      vertex  -6.433956e-01   6.507212e-01   8.100000e-01
      vertex  -6.728278e-01   6.268253e-01   7.445816e-01
      vertex  -6.324581e-01   6.666635e-01   7.593240e-01
    endloop
  endfacet
  facet normal    9.538693e-01   3.002221e-01   0.000000e+00
    outer loop
      vertex  -6.200000e-01   7.150000e-01  -9.133333e-02
      vertex  -6.200000e-01   7.150000e-01  -1.606667e-01
      vertex  -6.380267e-01   7.722745e-01  -1.260000e-01
    endloop
  endfacet
  facet normal    9.565457e-01  -2.915826e-01   0.000000e+00
    outer loop
      vertex  -6.200000e-01   7.150000e-01  -1.606667e-01
      vertex  -6.200000e-01   7.150000e-01  -9.133333e-02
      vertex  -6.370041e-01   6.592176e-01  -1.230030e-01
    endloop
  endfacet
  facet normal    9.611323e-01   2.711992e-01   5.172701e-02
    outer loop
      vertex  -6.380267e-01   7.722745e-01  -1.260000e-01
      vertex  -6.200000e-01   7.150000e-01  -1.606667e-01
      vertex  -6.328481e-01   7.640362e-01  -1.790294e-01
    endloop
  endfacet
  facet normal    9.633569e-01  -2.647941e-01   4.275052e-02
    outer loop
      vertex  -6.200000e-01   7.150000e-01  -1.606667e-01
      vertex  -6.370041e-01   6.592176e-01  -1.230030e-01
      vertex  -6.324581e-01   6.666635e-01  -1.793240e-01
    endloop
  endfacet
  facet normal    9.544713e-01  -2.983028e-01   0.000000e+00
    outer loop
      vertex  -6.200000e-01   7.150000e-01  -9.133333e-02
      vertex  -6.200000e-01   7.150000e-01  -2.200000e-02
      vertex  -6.377969e-01   6.580557e-01  -5.547617e-02
    endloop
  endfacet
  facet normal    9.538557e-01   3.002655e-01   0.000000e+00
    outer loop
      vertex  -6.200000e-01   7.150000e-01  -2.200000e-02
      vertex  -6.200000e-01   7.150000e-01  -9.133333e-02
      vertex  -6.380319e-01   7.722820e-01  -5.677078e-02
    endloop
  endfacet
  facet normal    9.555489e-01  -2.947687e-01   6.147217e-03
    outer loop
      vertex  -6.200000e-01   7.150000e-01  -9.133333e-02
      vertex  -6.377969e-01   6.580557e-01  -5.547617e-02
      vertex  -6.370041e-01   6.592176e-01  -1.230030e-01
    endloop
  endfacet
  facet normal    9.538625e-01   3.002439e-01   3.946092e-05
    outer loop
      vertex  -6.200000e-01   7.150000e-01  -9.133333e-02
      vertex  -6.380267e-01   7.722745e-01  -1.260000e-01
      vertex  -6.380319e-01   7.722820e-01  -5.677078e-02
    endloop
  endfacet
  facet normal    9.537388e-01   3.006364e-01   0.000000e+00
    outer loop
      vertex  -6.200000e-01   7.150000e-01   4.733333e-02
      vertex  -6.200000e-01   7.150000e-01  -2.200000e-02
      vertex  -6.380765e-01   7.723457e-01   1.243801e-02
    endloop
  endfacet
  facet normal    9.540941e-01  -2.995070e-01   0.000000e+00
    outer loop
      vertex  -6.200000e-01   7.150000e-01  -2.200000e-02
      vertex  -6.200000e-01   7.150000e-01   4.733333e-02
      vertex  -6.379409e-01   6.578484e-01   1.295666e-02
    endloop
  endfacet
  facet normal    9.537969e-01   3.004520e-01   3.376428e-04
    outer loop
      vertex  -6.380765e-01   7.723457e-01   1.243801e-02
      vertex  -6.200000e-01   7.150000e-01  -2.200000e-02
      vertex  -6.380319e-01   7.722820e-01  -5.677078e-02
    endloop
  endfacet
  facet normal    9.542860e-01  -2.988929e-01   1.102405e-03
    outer loop
      vertex  -6.377969e-01   6.580557e-01  -5.547617e-02
      vertex  -6.200000e-01   7.150000e-01  -2.200000e-02
      vertex  -6.379409e-01   6.578484e-01   1.295666e-02
    endloop
  endfacet
  facet normal    9.539758e-01  -2.998837e-01   0.000000e+00
    outer loop
      vertex  -6.200000e-01   7.150000e-01   4.733333e-02
      vertex  -6.200000e-01   7.150000e-01   1.166667e-01
      vertex  -6.379860e-01   6.577836e-01   8.206822e-02
    endloop
  endfacet
  facet normal    9.533287e-01   3.019343e-01   0.000000e+00
    outer loop
      vertex  -6.200000e-01   7.150000e-01   1.166667e-01
      vertex  -6.200000e-01   7.150000e-01   4.733333e-02
      vertex  -6.382329e-01   7.725685e-01   8.180299e-02
    endloop
  endfacet
  facet normal    9.540352e-01  -2.996945e-01   3.424860e-04
    outer loop
      vertex  -6.200000e-01   7.150000e-01   4.733333e-02
      vertex  -6.379860e-01   6.577836e-01   8.206822e-02
      vertex  -6.379409e-01   6.578484e-01   1.295666e-02
    endloop
  endfacet
  facet normal    9.535316e-01   3.012906e-01   1.182385e-03
    outer loop
      vertex  -6.200000e-01   7.150000e-01   4.733333e-02
      vertex  -6.380765e-01   7.723457e-01   1.243801e-02
      vertex  -6.382329e-01   7.725685e-01   8.180299e-02
    endloop
  endfacet
  facet normal    9.536826e-01   3.008146e-01   0.000000e+00
    outer loop
      vertex  -6.200000e-01   7.150000e-01   1.860000e-01
      vertex  -6.200000e-01   7.150000e-01   1.166667e-01
      vertex  -6.380979e-01   7.723763e-01   1.512294e-01
    endloop
  endfacet
  facet normal    9.540080e-01  -2.997813e-01   0.000000e+00
    outer loop
      vertex  -6.200000e-01   7.150000e-01   1.166667e-01
      vertex  -6.200000e-01   7.150000e-01   1.860000e-01
      vertex  -6.379738e-01   6.578013e-01   1.514545e-01
    endloop
  endfacet
  facet normal    9.539918e-01  -2.998327e-01  -9.277599e-05
    outer loop
      vertex  -6.379860e-01   6.577836e-01   8.206822e-02
      vertex  -6.200000e-01   7.150000e-01   1.166667e-01
      vertex  -6.379738e-01   6.578013e-01   1.514545e-01
    endloop
  endfacet
  facet normal    9.535058e-01   3.013730e-01  -1.019560e-03
    outer loop
      vertex  -6.380979e-01   7.723763e-01   1.512294e-01
      vertex  -6.200000e-01   7.150000e-01   1.166667e-01
      vertex  -6.382329e-01   7.725685e-01   8.180299e-02
    endloop
  endfacet
  facet normal    9.540299e-01  -2.997116e-01   0.000000e+00
    outer loop
      vertex  -6.200000e-01   7.150000e-01   1.860000e-01
      vertex  -6.200000e-01   7.150000e-01   2.553333e-01
      vertex  -6.379654e-01   6.578132e-01   2.208335e-01
    endloop
  endfacet
  facet normal    9.537496e-01   3.006021e-01   0.000000e+00
    outer loop
      vertex  -6.200000e-01   7.150000e-01   2.553333e-01
      vertex  -6.200000e-01   7.150000e-01   1.860000e-01
      vertex  -6.380723e-01   7.723398e-01   2.205049e-01
    endloop
  endfacet
  facet normal    9.537162e-01   3.007080e-01  -1.933777e-04
    outer loop
      vertex  -6.200000e-01   7.150000e-01   1.860000e-01
      vertex  -6.380979e-01   7.723763e-01   1.512294e-01
      vertex  -6.380723e-01   7.723398e-01   2.205049e-01
    endloop
  endfacet
  facet normal    9.540189e-01  -2.997466e-01  -6.315058e-05
    outer loop
      vertex  -6.379738e-01   6.578013e-01   1.514545e-01
      vertex  -6.200000e-01   7.150000e-01   1.860000e-01
      vertex  -6.379654e-01   6.578132e-01   2.208335e-01
    endloop
  endfacet
  facet normal    9.539723e-01  -2.998947e-01   0.000000e+00
    outer loop
      vertex  -6.200000e-01   7.150000e-01   2.553333e-01
      vertex  -6.200000e-01   7.150000e-01   3.246667e-01
      vertex  -6.379874e-01   6.577817e-01   2.901027e-01
    endloop
  endfacet
  facet normal    9.538693e-01   3.002221e-01   0.000000e+00
    outer loop
      vertex  -6.200000e-01   7.150000e-01   3.246667e-01
      vertex  -6.200000e-01   7.150000e-01   2.553333e-01
      vertex  -6.380267e-01   7.722745e-01   2.900000e-01
    endloop
  endfacet
  facet normal    9.540012e-01  -2.998028e-01   1.661823e-04
    outer loop
      vertex  -6.200000e-01   7.150000e-01   2.553333e-01
      vertex  -6.379874e-01   6.577817e-01   2.901027e-01
      vertex  -6.379654e-01   6.578132e-01   2.208335e-01
    endloop
  endfacet
  facet normal    9.538095e-01   3.004118e-01  -3.444425e-04
    outer loop
      vertex  -6.380267e-01   7.722745e-01   2.900000e-01
      vertex  -6.200000e-01   7.150000e-01   2.553333e-01
      vertex  -6.380723e-01   7.723398e-01   2.205049e-01
    endloop
  endfacet
  facet normal    9.540888e-01  -2.995240e-01   0.000000e+00
    outer loop
      vertex  -6.200000e-01   7.150000e-01   3.246667e-01
      vertex  -6.200000e-01   7.150000e-01   3.940000e-01
      vertex  -6.379429e-01   6.578455e-01   3.592806e-01
    endloop
  endfacet
  facet normal    9.527461e-01   3.037677e-01   0.000000e+00
    outer loop
      vertex  -6.200000e-01   7.150000e-01   3.940000e-01
      vertex  -6.200000e-01   7.150000e-01   3.246667e-01
      vertex  -6.384550e-01   7.728827e-01   3.595306e-01
    endloop
  endfacet
  facet normal    9.540304e-01  -2.997096e-01  -3.366843e-04
    outer loop
      vertex  -6.379874e-01   6.577817e-01   2.901027e-01
      vertex  -6.200000e-01   7.150000e-01   3.246667e-01
      vertex  -6.379429e-01   6.578455e-01   3.592806e-01
    endloop
  endfacet
  facet normal    9.533027e-01   3.019993e-01   3.230709e-03
    outer loop
      vertex  -6.200000e-01   7.150000e-01   3.246667e-01
      vertex  -6.380267e-01   7.722745e-01   2.900000e-01
      vertex  -6.384550e-01   7.728827e-01   3.595306e-01
    endloop
  endfacet
  facet normal    9.531532e-01   3.024880e-01   0.000000e+00
    outer loop
      vertex  -6.200000e-01   7.150000e-01   4.633333e-01
      vertex  -6.200000e-01   7.150000e-01   3.940000e-01
      vertex  -6.382998e-01   7.726635e-01   4.290062e-01
    endloop
  endfacet
  facet normal    9.541008e-01  -2.994857e-01   0.000000e+00
    outer loop
      vertex  -6.200000e-01   7.150000e-01   3.940000e-01
      vertex  -6.200000e-01   7.150000e-01   4.633333e-01
      vertex  -6.379383e-01   6.578521e-01   4.286245e-01
    endloop
  endfacet
  facet normal    9.529472e-01   3.031340e-01  -1.171791e-03
    outer loop
      vertex  -6.382998e-01   7.726635e-01   4.290062e-01
      vertex  -6.200000e-01   7.150000e-01   3.940000e-01
      vertex  -6.384550e-01   7.728827e-01   3.595306e-01
    endloop
  endfacet
  facet normal    9.540948e-01  -2.995048e-01  -3.471296e-05
    outer loop
      vertex  -6.379429e-01   6.578455e-01   3.592806e-01
      vertex  -6.200000e-01   7.150000e-01   3.940000e-01
      vertex  -6.379383e-01   6.578521e-01   4.286245e-01
    endloop
  endfacet
  facet normal    9.541373e-01  -2.993694e-01   0.000000e+00
    outer loop
      vertex  -6.200000e-01   7.150000e-01   4.633333e-01
      vertex  -6.200000e-01   7.150000e-01   5.326667e-01
      vertex  -6.379244e-01   6.578721e-01   4.978695e-01
    endloop
  endfacet
  facet normal    9.533287e-01   3.019343e-01   0.000000e+00
    outer loop
      vertex  -6.200000e-01   7.150000e-01   5.326667e-01
      vertex  -6.200000e-01   7.150000e-01   4.633333e-01
      vertex  -6.382329e-01   7.725685e-01   4.981970e-01
    endloop
  endfacet
  facet normal    9.541191e-01  -2.994274e-01  -1.053696e-04
    outer loop
      vertex  -6.200000e-01   7.150000e-01   4.633333e-01
      vertex  -6.379244e-01   6.578721e-01   4.978695e-01
      vertex  -6.379383e-01   6.578521e-01   4.286245e-01
    endloop
  endfacet
  facet normal    9.532401e-01   3.022136e-01  -5.074150e-04
    outer loop
      vertex  -6.200000e-01   7.150000e-01   4.633333e-01
      vertex  -6.382998e-01   7.726635e-01   4.290062e-01
      vertex  -6.382329e-01   7.725685e-01   4.981970e-01
    endloop
  endfacet
  facet normal    9.537388e-01   3.006364e-01   0.000000e+00
    outer loop
      vertex  -6.200000e-01   7.150000e-01   6.020000e-01
      vertex  -6.200000e-01   7.150000e-01   5.326667e-01
      vertex  -6.380765e-01   7.723457e-01   5.675620e-01
    endloop
  endfacet
  facet normal    9.541083e-01  -2.994617e-01   0.000000e+00
    outer loop
      vertex  -6.200000e-01   7.150000e-01   5.326667e-01
      vertex  -6.200000e-01   7.150000e-01   6.020000e-01
      vertex  -6.379355e-01   6.578562e-01   5.670500e-01
    endloop
  endfacet
  facet normal    9.541227e-01  -2.994159e-01   8.372854e-05
    outer loop
      vertex  -6.379244e-01   6.578721e-01   4.978695e-01
      vertex  -6.200000e-01   7.150000e-01   5.326667e-01
      vertex  -6.379355e-01   6.578562e-01   5.670500e-01
    endloop
  endfacet
  facet normal    9.535316e-01   3.012906e-01  -1.182385e-03
    outer loop
      vertex  -6.380765e-01   7.723457e-01   5.675620e-01
      vertex  -6.200000e-01   7.150000e-01   5.326667e-01
      vertex  -6.382329e-01   7.725685e-01   4.981970e-01
    endloop
  endfacet
  facet normal    9.543073e-01  -2.988271e-01   0.000000e+00
    outer loop
      vertex  -6.200000e-01   7.150000e-01   6.020000e-01
      vertex  -6.200000e-01   7.150000e-01   6.713333e-01
      vertex  -6.378595e-01   6.579654e-01   6.358084e-01
    endloop
  endfacet
  facet normal    9.540502e-01   2.996467e-01   0.000000e+00
    outer loop
      vertex  -6.200000e-01   7.150000e-01   6.713333e-01
      vertex  -6.200000e-01   7.150000e-01   6.020000e-01
      vertex  -6.379576e-01   7.721756e-01   6.368660e-01
    endloop
  endfacet
  facet normal    9.538931e-01   3.001454e-01  -8.987272e-04
    outer loop
      vertex  -6.200000e-01   7.150000e-01   6.020000e-01
      vertex  -6.380765e-01   7.723457e-01   5.675620e-01
      vertex  -6.379576e-01   7.721756e-01   6.368660e-01
    endloop
  endfacet
  facet normal    9.542092e-01  -2.991394e-01  -5.787400e-04
    outer loop
      vertex  -6.200000e-01   7.150000e-01   6.020000e-01
      vertex  -6.378595e-01   6.579654e-01   6.358084e-01
      vertex  -6.379355e-01   6.578562e-01   5.670500e-01
    endloop
  endfacet
  facet normal    9.538693e-01   3.002221e-01   0.000000e+00
    outer loop
      vertex  -6.200000e-01   7.150000e-01   7.406667e-01
      vertex  -6.200000e-01   7.150000e-01   6.713333e-01
      vertex  -6.380267e-01   7.722745e-01   7.060000e-01
    endloop
  endfacet
  facet normal    9.565457e-01  -2.915826e-01   0.000000e+00
    outer loop
      vertex  -6.200000e-01   7.150000e-01   6.713333e-01
      vertex  -6.200000e-01   7.150000e-01   7.406667e-01
      vertex  -6.370041e-01   6.592176e-01   7.030030e-01
    endloop
  endfacet
  facet normal    9.554626e-01  -2.950369e-01  -6.665908e-03
    outer loop
      vertex  -6.378595e-01   6.579654e-01   6.358084e-01
      vertex  -6.200000e-01   7.150000e-01   6.713333e-01
      vertex  -6.370041e-01   6.592176e-01   7.030030e-01
    endloop
  endfacet
  facet normal    9.539599e-01   2.999338e-01   5.234264e-04
    outer loop
      vertex  -6.380267e-01   7.722745e-01   7.060000e-01
      vertex  -6.200000e-01   7.150000e-01   6.713333e-01
      vertex  -6.379576e-01   7.721756e-01   6.368660e-01
    endloop
  endfacet
  facet normal    9.611323e-01   2.711992e-01  -5.172701e-02
    outer loop
      vertex  -6.200000e-01   7.150000e-01   7.406667e-01
      vertex  -6.380267e-01   7.722745e-01   7.060000e-01
      vertex  -6.328481e-01   7.640362e-01   7.590294e-01
    endloop
  endfacet
  facet normal    9.633569e-01  -2.647941e-01  -4.275052e-02
    outer loop
      vertex  -6.370041e-01   6.592176e-01   7.030030e-01
      vertex  -6.200000e-01   7.150000e-01   7.406667e-01
      vertex  -6.324581e-01   6.666635e-01   7.593240e-01
    endloop
  endfacet
  facet normal    4.980650e-01   8.626739e-01  -8.789139e-02
    outer loop
      vertex  -6.433956e-01   7.792788e-01  -2.300000e-01
      vertex  -7.026352e-01   8.134808e-01  -2.300000e-01
      vertex  -6.727860e-01   8.031524e-01  -1.622257e-01
    endloop
  endfacet
  facet normal    7.115731e-01   6.998672e-01   6.204573e-02
    outer loop
      vertex  -6.433956e-01   7.792788e-01  -2.300000e-01
      vertex  -6.727860e-01   8.031524e-01  -1.622257e-01
      vertex  -6.328481e-01   7.640362e-01  -1.790294e-01
    endloop
  endfacet
  facet normal   -1.727460e-01   9.796913e-01  -1.018024e-01
    outer loop
      vertex  -7.026352e-01   8.134808e-01  -2.300000e-01
      vertex  -7.700000e-01   8.016025e-01  -2.300000e-01
      vertex  -7.373648e-01   8.134808e-01  -1.710681e-01
    endloop
  endfacet
  facet normal    1.458567e-01   9.855645e-01   8.595608e-02
    outer loop
      vertex  -7.026352e-01   8.134808e-01  -2.300000e-01
      vertex  -7.373648e-01   8.134808e-01  -1.710681e-01
      vertex  -6.727860e-01   8.031524e-01  -1.622257e-01
    endloop
  endfacet
  facet normal   -7.630719e-01   6.402934e-01  -8.800936e-02
    outer loop
      vertex  -7.700000e-01   8.016025e-01  -2.300000e-01
      vertex  -8.139693e-01   7.492020e-01  -2.300000e-01
      vertex  -7.965898e-01   7.792962e-01  -1.617421e-01
    endloop
  endfacet
  facet normal   -4.864879e-01   8.685794e-01   9.433663e-02
    outer loop
      vertex  -7.373648e-01   8.134808e-01  -1.710681e-01
      vertex  -7.700000e-01   8.016025e-01  -2.300000e-01
      vertex  -7.965898e-01   7.792962e-01  -1.617421e-01
    endloop
  endfacet
  facet normal   -9.916229e-01   3.218882e-15  -1.291669e-01
    outer loop
      vertex  -8.139693e-01   7.492020e-01  -2.300000e-01
      vertex  -8.139693e-01   6.807980e-01  -2.300000e-01
      vertex  -8.200000e-01   7.150000e-01  -1.837016e-01
    endloop
  endfacet
  facet normal   -9.454516e-01   3.084708e-01   1.047240e-01
    outer loop
      vertex  -7.965898e-01   7.792962e-01  -1.617421e-01
      vertex  -8.139693e-01   7.492020e-01  -2.300000e-01
      vertex  -8.200000e-01   7.150000e-01  -1.837016e-01
    endloop
  endfacet
  facet normal   -7.633409e-01  -6.405191e-01  -8.394067e-02
    outer loop
      vertex  -8.139693e-01   6.807980e-01  -2.300000e-01
      vertex  -7.700000e-01   6.283975e-01  -2.300000e-01
      vertex  -8.000802e-01   6.551071e-01  -1.602671e-01
    endloop
  endfacet
  facet normal   -9.549586e-01  -2.841489e-01   8.551835e-02
    outer loop
      vertex  -8.139693e-01   6.807980e-01  -2.300000e-01
      vertex  -8.000802e-01   6.551071e-01  -1.602671e-01
      vertex  -8.200000e-01   7.150000e-01  -1.837016e-01
    endloop
  endfacet
  facet normal   -1.725086e-01  -9.783451e-01  -1.143751e-01
    outer loop
      vertex  -7.700000e-01   6.283975e-01  -2.300000e-01
      vertex  -7.026352e-01   6.165192e-01  -2.300000e-01
      vertex  -7.373648e-01   6.165192e-01  -1.776183e-01
    endloop
  endfacet
  facet normal   -4.973267e-01  -8.599280e-01   1.148477e-01
    outer loop
      vertex  -8.000802e-01   6.551071e-01  -1.602671e-01
      vertex  -7.700000e-01   6.283975e-01  -2.300000e-01
      vertex  -7.373648e-01   6.165192e-01  -1.776183e-01
    endloop
  endfacet
  facet normal    4.953839e-01  -8.580301e-01  -1.355700e-01
    outer loop
      vertex  -7.026352e-01   6.165192e-01  -2.300000e-01
      vertex  -6.433956e-01   6.507212e-01  -2.300000e-01
      vertex  -6.700489e-01   6.283692e-01  -1.859265e-01
    endloop
  endfacet
  facet normal    1.868448e-01  -9.745475e-01   1.238801e-01
    outer loop
      vertex  -7.026352e-01   6.165192e-01  -2.300000e-01
      vertex  -6.700489e-01   6.283692e-01  -1.859265e-01
      vertex  -7.373648e-01   6.165192e-01  -1.776183e-01
    endloop
  endfacet
  facet normal    7.059024e-01  -7.049009e-01   6.940042e-02
    outer loop
      vertex  -6.700489e-01   6.283692e-01  -1.859265e-01
      vertex  -6.433956e-01   6.507212e-01  -2.300000e-01
      vertex  -6.324581e-01   6.666635e-01  -1.793240e-01
    endloop
  endfacet
  facet normal    6.086059e-01  -7.934727e-01  -1.677862e-04
    outer loop
      vertex  -6.379654e-01   6.578132e-01   2.208335e-01
      vertex  -6.379874e-01   6.577817e-01   2.901027e-01
      vertex  -6.860128e-01   6.209528e-01   2.553431e-01
    endloop
  endfacet
  facet normal    6.093460e-01  -7.929043e-01   3.392522e-04
    outer loop
      vertex  -6.379874e-01   6.577817e-01   2.901027e-01
      vertex  -6.379429e-01   6.578455e-01   3.592806e-01
      vertex  -6.858561e-01   6.210096e-01   3.249636e-01
    endloop
  endfacet
  facet normal    6.088590e-01  -7.932781e-01  -7.237049e-04
    outer loop
      vertex  -6.379874e-01   6.577817e-01   2.901027e-01
      vertex  -6.858561e-01   6.210096e-01   3.249636e-01
      vertex  -6.860128e-01   6.209528e-01   2.553431e-01
    endloop
  endfacet
  facet normal    6.116096e-01  -7.911597e-01  -3.420303e-04
    outer loop
      vertex  -6.379409e-01   6.578484e-01   1.295666e-02
      vertex  -6.379860e-01   6.577836e-01   8.206822e-02
      vertex  -6.853221e-01   6.212053e-01   4.735720e-02
    endloop
  endfacet
  facet normal    6.113670e-01  -7.913472e-01   1.863405e-04
    outer loop
      vertex  -6.853221e-01   6.212053e-01   4.735720e-02
      vertex  -6.379860e-01   6.577836e-01   8.206822e-02
      vertex  -6.853626e-01   6.211904e-01   1.167329e-01
    endloop
  endfacet
  facet normal    6.113241e-01  -7.913804e-01   9.263211e-05
    outer loop
      vertex  -6.853626e-01   6.211904e-01   1.167329e-01
      vertex  -6.379860e-01   6.577836e-01   8.206822e-02
      vertex  -6.379738e-01   6.578013e-01   1.514545e-01
    endloop
  endfacet
  facet normal    6.116726e-01  -7.911110e-01  -8.383078e-05
    outer loop
      vertex  -6.379244e-01   6.578721e-01   4.978695e-01
      vertex  -6.379355e-01   6.578562e-01   5.670500e-01
      vertex  -6.853619e-01   6.211906e-01   5.325971e-01
    endloop
  endfacet
  facet normal    6.115559e-01  -7.912012e-01  -3.386670e-04
    outer loop
      vertex  -6.379244e-01   6.578721e-01   4.978695e-01
      vertex  -6.853619e-01   6.211906e-01   5.325971e-01
      vertex  -6.854350e-01   6.211636e-01   4.635695e-01
    endloop
  endfacet
  facet normal    6.113550e-01  -7.913564e-01   1.056202e-04
    outer loop
      vertex  -6.379244e-01   6.578721e-01   4.978695e-01
      vertex  -6.854350e-01   6.211636e-01   4.635695e-01
      vertex  -6.379383e-01   6.578521e-01   4.286245e-01
    endloop
  endfacet
  facet normal    6.103225e-01   7.921529e-01  -3.363920e-04
    outer loop
      vertex  -6.380765e-01   7.723457e-01   1.243801e-02
      vertex  -6.380319e-01   7.722820e-01  -5.677078e-02
      vertex  -6.854783e-01   8.088523e-01  -2.220021e-02
    endloop
  endfacet
  facet normal    6.097943e-01   7.925593e-01   8.147160e-04
    outer loop
      vertex  -6.380765e-01   7.723457e-01   1.243801e-02
      vertex  -6.854783e-01   8.088523e-01  -2.220021e-02
      vertex  -6.856548e-01   8.089170e-01   4.692472e-02
    endloop
  endfacet
  facet normal    6.088875e-01   7.932557e-01  -1.174983e-03
    outer loop
      vertex  -6.380765e-01   7.723457e-01   1.243801e-02
      vertex  -6.856548e-01   8.089170e-01   4.692472e-02
      vertex  -6.382329e-01   7.725685e-01   8.180299e-02
    endloop
  endfacet
  facet normal    6.108631e-01   7.917357e-01   8.962318e-04
    outer loop
      vertex  -6.379576e-01   7.721756e-01   6.368660e-01
      vertex  -6.380765e-01   7.723457e-01   5.675620e-01
      vertex  -6.854111e-01   8.088276e-01   6.021988e-01
    endloop
  endfacet
  facet normal    6.099556e-01   7.924348e-01  -1.080340e-03
    outer loop
      vertex  -6.854111e-01   8.088276e-01   6.021988e-01
      vertex  -6.380765e-01   7.723457e-01   5.675620e-01
      vertex  -6.856454e-01   8.089136e-01   5.330467e-01
    endloop
  endfacet
  facet normal    6.089270e-01   7.932254e-01   1.174796e-03
    outer loop
      vertex  -6.856454e-01   8.089136e-01   5.330467e-01
      vertex  -6.380765e-01   7.723457e-01   5.675620e-01
      vertex  -6.382329e-01   7.725685e-01   4.981970e-01
    endloop
  endfacet
  facet normal   -9.692666e-01  -2.398378e-01  -5.477286e-02
    outer loop
      vertex  -8.195289e-01   7.246954e-01  -1.208120e-01
      vertex  -8.000802e-01   6.551071e-01  -1.602671e-01
      vertex  -8.070312e-01   6.657500e-01  -8.386359e-02
    endloop
  endfacet
  facet normal   -9.535780e-01  -2.964724e-01   5.284903e-02
    outer loop
      vertex  -8.000802e-01   6.551071e-01  -1.602671e-01
      vertex  -8.195289e-01   7.246954e-01  -1.208120e-01
      vertex  -8.200000e-01   7.150000e-01  -1.837016e-01
    endloop
  endfacet
  facet normal   -6.425408e-01  -7.647421e-01   4.807045e-02
    outer loop
      vertex  -8.070312e-01   6.657500e-01  -8.386359e-02
      vertex  -8.000802e-01   6.551071e-01  -1.602671e-01
      vertex  -7.574165e-01   6.222638e-01  -1.124931e-01
    endloop
  endfacet
  facet normal   -5.402368e-01  -8.364073e-01  -9.255815e-02
    outer loop
      vertex  -7.574165e-01   6.222638e-01  -1.124931e-01
      vertex  -8.000802e-01   6.551071e-01  -1.602671e-01
      vertex  -7.373648e-01   6.165192e-01  -1.776183e-01
    endloop
  endfacet
  facet normal   -5.279300e-01  -8.492863e-01   1.639776e-03
    outer loop
      vertex  -7.966044e-01   6.507212e-01   7.510681e-01
      vertex  -7.963409e-01   6.504085e-01   6.739311e-01
      vertex  -7.440018e-01   6.179231e-01   6.995786e-01
    endloop
  endfacet
  facet normal   -9.260310e-01  -3.774439e-01  -1.633139e-03
    outer loop
      vertex  -7.963409e-01   6.504085e-01   6.739311e-01
      vertex  -7.966044e-01   6.507212e-01   7.510681e-01
      vertex  -8.197281e-01   7.076306e-01   7.101192e-01
    endloop
  endfacet
  facet normal   -5.049406e-01  -8.625020e-01   3.354447e-02
    outer loop
      vertex  -7.966044e-01   6.507212e-01   7.510681e-01
      vertex  -7.440018e-01   6.179231e-01   6.995786e-01
      vertex  -7.373648e-01   6.165192e-01   7.633857e-01
    endloop
  endfacet
  facet normal   -9.357489e-01  -3.501890e-01   4.173247e-02
    outer loop
      vertex  -8.197281e-01   7.076306e-01   7.101192e-01
      vertex  -7.966044e-01   6.507212e-01   7.510681e-01
      vertex  -8.200000e-01   7.150000e-01   7.658611e-01
    endloop
  endfacet
  facet normal    6.070212e-01   7.946850e-01   1.019837e-03
    outer loop
      vertex  -6.380979e-01   7.723763e-01   1.512294e-01
      vertex  -6.382329e-01   7.725685e-01   8.180299e-02
      vertex  -6.860752e-01   8.090697e-01   1.155145e-01
    endloop
  endfacet
  facet normal    6.097252e-01   7.926128e-01   1.926270e-04
    outer loop
      vertex  -6.380723e-01   7.723398e-01   2.205049e-01
      vertex  -6.380979e-01   7.723763e-01   1.512294e-01
      vertex  -6.855683e-01   8.088853e-01   1.844340e-01
    endloop
  endfacet
  facet normal    6.086039e-01   7.934707e-01  -2.353773e-03
    outer loop
      vertex  -6.380979e-01   7.723763e-01   1.512294e-01
      vertex  -6.860752e-01   8.090697e-01   1.155145e-01
      vertex  -6.855683e-01   8.088853e-01   1.844340e-01
    endloop
  endfacet
  facet normal    6.072604e-01   7.945027e-01   5.028619e-04
    outer loop
      vertex  -6.382329e-01   7.725685e-01   4.981970e-01
      vertex  -6.382998e-01   7.726635e-01   4.290062e-01
      vertex  -6.858569e-01   8.089907e-01   4.637597e-01
    endloop
  endfacet
  facet normal    6.067009e-01   7.949299e-01  -7.093912e-04
    outer loop
      vertex  -6.858569e-01   8.089907e-01   4.637597e-01
      vertex  -6.382998e-01   7.726635e-01   4.290062e-01
      vertex  -6.860108e-01   8.090465e-01   3.945954e-01
    endloop
  endfacet
  facet normal    6.058493e-01   7.955786e-01   1.157229e-03
    outer loop
      vertex  -6.860108e-01   8.090465e-01   3.945954e-01
      vertex  -6.382998e-01   7.726635e-01   4.290062e-01
      vertex  -6.384550e-01   7.728827e-01   3.595306e-01
    endloop
  endfacet
  facet normal    6.087691e-01   7.933410e-01  -3.189220e-03
    outer loop
      vertex  -6.384550e-01   7.728827e-01   3.595306e-01
      vertex  -6.380267e-01   7.722745e-01   2.900000e-01
      vertex  -6.855379e-01   8.088742e-01   3.253164e-01
    endloop
  endfacet
  facet normal    6.103309e-01   7.921465e-01   3.432870e-04
    outer loop
      vertex  -6.380267e-01   7.722745e-01   2.900000e-01
      vertex  -6.380723e-01   7.723398e-01   2.205049e-01
      vertex  -6.854837e-01   8.088543e-01   2.549498e-01
    endloop
  endfacet
  facet normal    6.103759e-01   7.921119e-01   2.461683e-04
    outer loop
      vertex  -6.855379e-01   8.088742e-01   3.253164e-01
      vertex  -6.380267e-01   7.722745e-01   2.900000e-01
      vertex  -6.854837e-01   8.088543e-01   2.549498e-01
    endloop
  endfacet
  facet normal    1.643334e-01   9.851645e-01  -4.945137e-02
    outer loop
      vertex  -7.373648e-01   8.134808e-01  -1.710681e-01
      vertex  -6.853582e-01   8.088080e-01  -9.133336e-02
      vertex  -6.727860e-01   8.031524e-01  -1.622257e-01
    endloop
  endfacet
  facet normal    1.120596e-02   9.986248e-01   5.121411e-02
    outer loop
      vertex  -6.853582e-01   8.088080e-01  -9.133336e-02
      vertex  -7.373648e-01   8.134808e-01  -1.710681e-01
      vertex  -7.501985e-01   8.103313e-01  -1.068478e-01
    endloop
  endfacet
  facet normal   -5.059756e-01   8.605337e-01  -5.891079e-02
    outer loop
      vertex  -7.373648e-01   8.134808e-01  -1.710681e-01
      vertex  -7.965898e-01   7.792962e-01  -1.617421e-01
      vertex  -7.501985e-01   8.103313e-01  -1.068478e-01
    endloop
  endfacet
  facet normal   -5.350736e-01   8.422530e-01   6.562046e-02
    outer loop
      vertex  -8.003867e-01   7.744810e-01   7.377550e-01
      vertex  -7.373648e-01   8.134808e-01   7.510681e-01
      vertex  -7.503475e-01   8.102839e-01   6.862387e-01
    endloop
  endfacet
  facet normal    1.643983e-01   9.851694e-01   4.913683e-02
    outer loop
      vertex  -6.852659e-01   8.087739e-01   6.711301e-01
      vertex  -7.373648e-01   8.134808e-01   7.510681e-01
      vertex  -6.727844e-01   8.031515e-01   7.420967e-01
    endloop
  endfacet
  facet normal    1.121694e-02   9.986106e-01  -5.148909e-02
    outer loop
      vertex  -7.373648e-01   8.134808e-01   7.510681e-01
      vertex  -6.852659e-01   8.087739e-01   6.711301e-01
      vertex  -7.503475e-01   8.102839e-01   6.862387e-01
    endloop
  endfacet
  facet normal    6.090909e-01  -7.930996e-01  -1.120813e-03
    outer loop
      vertex  -6.377969e-01   6.580557e-01  -5.547617e-02
      vertex  -6.379409e-01   6.578484e-01   1.295666e-02
      vertex  -6.860747e-01   6.209305e-01  -2.116837e-02
    endloop
  endfacet
  facet normal    6.077105e-01  -7.941475e-01  -4.197219e-03
    outer loop
      vertex  -6.377969e-01   6.580557e-01  -5.547617e-02
      vertex  -6.860747e-01   6.209305e-01  -2.116837e-02
      vertex  -6.868501e-01   6.206545e-01  -8.120759e-02
    endloop
  endfacet
  facet normal    6.084689e-01  -7.935510e-01  -6.509966e-03
    outer loop
      vertex  -6.377969e-01   6.580557e-01  -5.547617e-02
      vertex  -6.868501e-01   6.206545e-01  -8.120759e-02
      vertex  -6.370041e-01   6.592176e-01  -1.230030e-01
    endloop
  endfacet
  facet normal    6.121361e-01  -7.907522e-01   5.799293e-04
    outer loop
      vertex  -6.379355e-01   6.578562e-01   5.670500e-01
      vertex  -6.378595e-01   6.579654e-01   6.358084e-01
      vertex  -6.853055e-01   6.212115e-01   6.014828e-01
    endloop
  endfacet
  facet normal    6.144457e-01  -7.889460e-01  -4.546539e-03
    outer loop
      vertex  -6.853055e-01   6.212115e-01   6.014828e-01
      vertex  -6.378595e-01   6.579654e-01   6.358084e-01
      vertex  -6.843863e-01   6.215566e-01   6.658128e-01
    endloop
  endfacet
  facet normal    6.189566e-01  -7.853961e-01   6.755914e-03
    outer loop
      vertex  -6.843863e-01   6.215566e-01   6.658128e-01
      vertex  -6.378595e-01   6.579654e-01   6.358084e-01
      vertex  -6.370041e-01   6.592176e-01   7.030030e-01
    endloop
  endfacet
  facet normal    7.161643e-01  -6.970858e-01  -3.435251e-02
    outer loop
      vertex  -6.370041e-01   6.592176e-01  -1.230030e-01
      vertex  -6.700489e-01   6.283692e-01  -1.859265e-01
      vertex  -6.324581e-01   6.666635e-01  -1.793240e-01
    endloop
  endfacet
  facet normal    5.004792e-01  -8.518027e-01   1.547667e-01
    outer loop
      vertex  -6.700489e-01   6.283692e-01  -1.859265e-01
      vertex  -6.370041e-01   6.592176e-01  -1.230030e-01
      vertex  -7.062456e-01   6.159504e-01  -1.372253e-01
    endloop
  endfacet
  facet normal    1.557722e-01  -9.786906e-01  -1.337899e-01
    outer loop
      vertex  -7.373648e-01   6.165192e-01  -1.776183e-01
      vertex  -6.700489e-01   6.283692e-01  -1.859265e-01
      vertex  -7.062456e-01   6.159504e-01  -1.372253e-01
    endloop
  endfacet
  facet normal    9.074322e-02  -9.944523e-01   5.320064e-02
    outer loop
      vertex  -6.728278e-01   6.268253e-01   7.445816e-01
      vertex  -7.440018e-01   6.179231e-01   6.995786e-01
      vertex  -6.843863e-01   6.215566e-01   6.658128e-01
    endloop
  endfacet
  facet normal    1.470518e-01  -9.884349e-01  -3.704380e-02
    outer loop
      vertex  -7.440018e-01   6.179231e-01   6.995786e-01
      vertex  -6.728278e-01   6.268253e-01   7.445816e-01
      vertex  -7.373648e-01   6.165192e-01   7.633857e-01
    endloop
  endfacet
  facet normal    6.421303e-01  -7.653869e-01  -4.303101e-02
    outer loop
      vertex  -6.728278e-01   6.268253e-01   7.445816e-01
      vertex  -6.843863e-01   6.215566e-01   6.658128e-01
      vertex  -6.370041e-01   6.592176e-01   7.030030e-01
    endloop
  endfacet
  facet normal    6.946426e-01  -7.183027e-01   3.889461e-02
    outer loop
      vertex  -6.728278e-01   6.268253e-01   7.445816e-01
      vertex  -6.370041e-01   6.592176e-01   7.030030e-01
      vertex  -6.324581e-01   6.666635e-01   7.593240e-01
    endloop
  endfacet
  facet normal    6.116495e-01   7.911287e-01  -5.213951e-04
    outer loop
      vertex  -6.380267e-01   7.722745e-01   7.060000e-01
      vertex  -6.379576e-01   7.721756e-01   6.368660e-01
      vertex  -6.852659e-01   8.087739e-01   6.711301e-01
    endloop
  endfacet
  facet normal    6.336092e-01   7.720180e-01  -5.027469e-02
    outer loop
      vertex  -6.380267e-01   7.722745e-01   7.060000e-01
      vertex  -6.852659e-01   8.087739e-01   6.711301e-01
      vertex  -6.727844e-01   8.031515e-01   7.420967e-01
    endloop
  endfacet
  facet normal    6.892027e-01   7.231671e-01   4.504360e-02
    outer loop
      vertex  -6.380267e-01   7.722745e-01   7.060000e-01
      vertex  -6.727844e-01   8.031515e-01   7.420967e-01
      vertex  -6.328481e-01   7.640362e-01   7.590294e-01
    endloop
  endfacet
  facet normal    6.110014e-01   7.916295e-01  -3.928871e-05
    outer loop
      vertex  -6.380319e-01   7.722820e-01  -5.677078e-02
      vertex  -6.380267e-01   7.722745e-01  -1.260000e-01
      vertex  -6.853582e-01   8.088080e-01  -9.133336e-02
    endloop
  endfacet
  facet normal    6.332335e-01   7.722993e-01   5.068617e-02
    outer loop
      vertex  -6.853582e-01   8.088080e-01  -9.133336e-02
      vertex  -6.380267e-01   7.722745e-01  -1.260000e-01
      vertex  -6.727860e-01   8.031524e-01  -1.622257e-01
    endloop
  endfacet
  facet normal    6.892762e-01   7.230982e-01  -4.502572e-02
    outer loop
      vertex  -6.727860e-01   8.031524e-01  -1.622257e-01
      vertex  -6.380267e-01   7.722745e-01  -1.260000e-01
      vertex  -6.328481e-01   7.640362e-01  -1.790294e-01
    endloop
  endfacet
  facet normal    6.117535e-01  -7.910484e-01  -2.616448e-04
    outer loop
      vertex  -6.853619e-01   6.211906e-01   5.325971e-01
      vertex  -6.379355e-01   6.578562e-01   5.670500e-01
      vertex  -6.853055e-01   6.212115e-01   6.014828e-01
    endloop
  endfacet
  facet normal    4.926390e-02  -9.987857e-01   3.379481e-04
    outer loop
      vertex  -6.854350e-01   6.211636e-01   4.635695e-01
      vertex  -6.853619e-01   6.211906e-01   5.325971e-01
      vertex  -7.452008e-01   6.182275e-01   4.981432e-01
    endloop
  endfacet
  facet normal    4.985849e-02  -9.987560e-01  -6.972816e-04
    outer loop
      vertex  -7.452008e-01   6.182275e-01   4.981432e-01
      vertex  -6.853619e-01   6.211906e-01   5.325971e-01
      vertex  -7.450450e-01   6.181870e-01   5.672035e-01
    endloop
  endfacet
  facet normal    5.041279e-02  -9.987284e-01   2.610724e-04
    outer loop
      vertex  -7.450450e-01   6.181870e-01   5.672035e-01
      vertex  -6.853619e-01   6.211906e-01   5.325971e-01
      vertex  -6.853055e-01   6.212115e-01   6.014828e-01
    endloop
  endfacet
  facet normal    4.702763e-02  -9.988873e-01  -3.536405e-03
    outer loop
      vertex  -6.854350e-01   6.211636e-01   4.635695e-01
      vertex  -7.452008e-01   6.182275e-01   4.981432e-01
      vertex  -7.459844e-01   6.184349e-01   4.291211e-01
    endloop
  endfacet
  facet normal    4.497880e-02  -9.989879e-01   7.274995e-05
    outer loop
      vertex  -6.854350e-01   6.211636e-01   4.635695e-01
      vertex  -7.459844e-01   6.184349e-01   4.291211e-01
      vertex  -6.854507e-01   6.211579e-01   3.941279e-01
    endloop
  endfacet
  facet normal    6.112732e-01  -7.914197e-01  -7.205552e-05
    outer loop
      vertex  -6.854350e-01   6.211636e-01   4.635695e-01
      vertex  -6.854507e-01   6.211579e-01   3.941279e-01
      vertex  -6.379383e-01   6.578521e-01   4.286245e-01
    endloop
  endfacet
  facet normal    6.101591e-01  -7.922711e-01  -3.523759e-03
    outer loop
      vertex  -6.379409e-01   6.578484e-01   1.295666e-02
      vertex  -6.853221e-01   6.212053e-01   4.735720e-02
      vertex  -6.860747e-01   6.209305e-01  -2.116837e-02
    endloop
  endfacet
  facet normal    5.015304e-02  -9.987415e-01  -1.862676e-04
    outer loop
      vertex  -6.853221e-01   6.212053e-01   4.735720e-02
      vertex  -6.853626e-01   6.211904e-01   1.167329e-01
      vertex  -7.450864e-01   6.181978e-01   8.179298e-02
    endloop
  endfacet
  facet normal    5.051130e-02  -9.987234e-01   4.370919e-04
    outer loop
      vertex  -6.853221e-01   6.212053e-01   4.735720e-02
      vertex  -7.450864e-01   6.181978e-01   8.179298e-02
      vertex  -7.449886e-01   6.181725e-01   1.273182e-02
    endloop
  endfacet
  facet normal    4.875517e-02  -9.988047e-01   3.470399e-03
    outer loop
      vertex  -6.853221e-01   6.212053e-01   4.735720e-02
      vertex  -7.449886e-01   6.181725e-01   1.273182e-02
      vertex  -6.860747e-01   6.209305e-01  -2.116837e-02
    endloop
  endfacet
  facet normal    4.975422e-02  -9.987614e-01   4.971472e-04
    outer loop
      vertex  -7.450864e-01   6.181978e-01   8.179298e-02
      vertex  -6.853626e-01   6.211904e-01   1.167329e-01
      vertex  -7.451975e-01   6.182266e-01   1.508923e-01
    endloop
  endfacet
  facet normal    4.938992e-02  -9.987796e-01  -1.425585e-04
    outer loop
      vertex  -7.451975e-01   6.182266e-01   1.508923e-01
      vertex  -6.853626e-01   6.211904e-01   1.167329e-01
      vertex  -6.853936e-01   6.211789e-01   1.860831e-01
    endloop
  endfacet
  facet normal    6.113011e-01  -7.913981e-01   1.425755e-04
    outer loop
      vertex  -6.853626e-01   6.211904e-01   1.167329e-01
      vertex  -6.379738e-01   6.578013e-01   1.514545e-01
      vertex  -6.853936e-01   6.211789e-01   1.860831e-01
    endloop
  endfacet
  facet normal    6.107296e-01   7.918390e-01   5.542988e-04
    outer loop
      vertex  -6.854783e-01   8.088523e-01  -2.220021e-02
      vertex  -6.380319e-01   7.722820e-01  -5.677078e-02
      vertex  -6.853582e-01   8.088080e-01  -9.133336e-02
    endloop
  endfacet
  facet normal    4.754402e-02   9.988688e-01  -8.139270e-04
    outer loop
      vertex  -6.856548e-01   8.089170e-01   4.692472e-02
      vertex  -6.854783e-01   8.088523e-01  -2.220021e-02
      vertex  -7.453609e-01   8.117307e-01   1.227948e-02
    endloop
  endfacet
  facet normal    4.690072e-02   9.988977e-01  -1.933579e-03
    outer loop
      vertex  -7.453609e-01   8.117307e-01   1.227948e-02
      vertex  -6.854783e-01   8.088523e-01  -2.220021e-02
      vertex  -7.457668e-01   8.116233e-01  -5.301947e-02
    endloop
  endfacet
  facet normal    4.619995e-02   9.989321e-01  -5.596371e-04
    outer loop
      vertex  -7.457668e-01   8.116233e-01  -5.301947e-02
      vertex  -6.854783e-01   8.088523e-01  -2.220021e-02
      vertex  -6.853582e-01   8.088080e-01  -9.133336e-02
    endloop
  endfacet
  facet normal    4.654316e-02   9.989159e-01   9.147259e-04
    outer loop
      vertex  -6.856548e-01   8.089170e-01   4.692472e-02
      vertex  -7.453609e-01   8.117307e-01   1.227948e-02
      vertex  -7.455649e-01   8.116770e-01   8.133000e-02
    endloop
  endfacet
  facet normal    4.490238e-02   9.989895e-01  -1.948272e-03
    outer loop
      vertex  -6.856548e-01   8.089170e-01   4.692472e-02
      vertex  -7.455649e-01   8.116770e-01   8.133000e-02
      vertex  -6.860752e-01   8.090697e-01   1.155145e-01
    endloop
  endfacet
  facet normal    6.074365e-01   7.943659e-01   1.954751e-03
    outer loop
      vertex  -6.382329e-01   7.725685e-01   8.180299e-02
      vertex  -6.856548e-01   8.089170e-01   4.692472e-02
      vertex  -6.860752e-01   8.090697e-01   1.155145e-01
    endloop
  endfacet
  facet normal    6.115810e-01   7.911815e-01  -6.723233e-04
    outer loop
      vertex  -6.379576e-01   7.721756e-01   6.368660e-01
      vertex  -6.854111e-01   8.088276e-01   6.021988e-01
      vertex  -6.852659e-01   8.087739e-01   6.711301e-01
    endloop
  endfacet
  facet normal    4.813550e-02   9.988402e-01   1.079367e-03
    outer loop
      vertex  -6.854111e-01   8.088276e-01   6.021988e-01
      vertex  -6.856454e-01   8.089136e-01   5.330467e-01
      vertex  -7.452865e-01   8.117502e-01   5.678477e-01
    endloop
  endfacet
  facet normal    4.785347e-02   9.988531e-01   1.572054e-03
    outer loop
      vertex  -6.854111e-01   8.088276e-01   6.021988e-01
      vertex  -7.452865e-01   8.117502e-01   5.678477e-01
      vertex  -7.456165e-01   8.116633e-01   6.330798e-01
    endloop
  endfacet
  facet normal    4.739574e-02   9.988760e-01   6.775663e-04
    outer loop
      vertex  -6.854111e-01   8.088276e-01   6.021988e-01
      vertex  -7.456165e-01   8.116633e-01   6.330798e-01
      vertex  -6.852659e-01   8.087739e-01   6.711301e-01
    endloop
  endfacet
  facet normal    6.079332e-01   7.939876e-01  -9.722703e-04
    outer loop
      vertex  -6.856454e-01   8.089136e-01   5.330467e-01
      vertex  -6.382329e-01   7.725685e-01   4.981970e-01
      vertex  -6.858569e-01   8.089907e-01   4.637597e-01
    endloop
  endfacet
  facet normal    4.553632e-02   9.989622e-01   9.726503e-04
    outer loop
      vertex  -6.856454e-01   8.089136e-01   5.330467e-01
      vertex  -6.858569e-01   8.089907e-01   4.637597e-01
      vertex  -7.455599e-01   8.116783e-01   4.985297e-01
    endloop
  endfacet
  facet normal    4.679682e-02   9.989037e-01  -1.220008e-03
    outer loop
      vertex  -7.452865e-01   8.117502e-01   5.678477e-01
      vertex  -6.856454e-01   8.089136e-01   5.330467e-01
      vertex  -7.455599e-01   8.116783e-01   4.985297e-01
    endloop
  endfacet
  facet normal    4.367146e-02   9.990457e-01   7.086043e-04
    outer loop
      vertex  -6.858569e-01   8.089907e-01   4.637597e-01
      vertex  -6.860108e-01   8.090465e-01   3.945954e-01
      vertex  -7.457326e-01   8.116325e-01   4.293026e-01
    endloop
  endfacet
  facet normal    4.452209e-02   9.990081e-01  -7.724100e-04
    outer loop
      vertex  -6.858569e-01   8.089907e-01   4.637597e-01
      vertex  -7.457326e-01   8.116325e-01   4.293026e-01
      vertex  -7.455599e-01   8.116783e-01   4.985297e-01
    endloop
  endfacet
  facet normal    4.333446e-02   9.990606e-01   1.276008e-04
    outer loop
      vertex  -7.457326e-01   8.116325e-01   4.293026e-01
      vertex  -6.860108e-01   8.090465e-01   3.945954e-01
      vertex  -7.457040e-01   8.116401e-01   3.599407e-01
    endloop
  endfacet
  facet normal    4.467095e-02   9.989994e-01  -2.179114e-03
    outer loop
      vertex  -7.457040e-01   8.116401e-01   3.599407e-01
      vertex  -6.860108e-01   8.090465e-01   3.945954e-01
      vertex  -6.855379e-01   8.088742e-01   3.253164e-01
    endloop
  endfacet
  facet normal    6.063171e-01   7.952200e-01   2.161588e-03
    outer loop
      vertex  -6.860108e-01   8.090465e-01   3.945954e-01
      vertex  -6.384550e-01   7.728827e-01   3.595306e-01
      vertex  -6.855379e-01   8.088742e-01   3.253164e-01
    endloop
  endfacet
  facet normal   -5.355547e-01   8.445005e-01  -1.282547e-04
    outer loop
      vertex  -7.457326e-01   8.116325e-01   4.293026e-01
      vertex  -7.457040e-01   8.116401e-01   3.599407e-01
      vertex  -7.964473e-01   7.794656e-01   3.945733e-01
    endloop
  endfacet
  facet normal   -5.360767e-01   8.441687e-01   9.413539e-04
    outer loop
      vertex  -7.457326e-01   8.116325e-01   4.293026e-01
      vertex  -7.964473e-01   7.794656e-01   3.945733e-01
      vertex  -7.965866e-01   7.793000e-01   4.637282e-01
    endloop
  endfacet
  facet normal   -5.361552e-01   8.441191e-01   7.788561e-04
    outer loop
      vertex  -7.457326e-01   8.116325e-01   4.293026e-01
      vertex  -7.965866e-01   7.793000e-01   4.637282e-01
      vertex  -7.455599e-01   8.116783e-01   4.985297e-01
    endloop
  endfacet
  facet normal   -5.308425e-01   8.474690e-01  -1.557227e-03
    outer loop
      vertex  -7.456165e-01   8.116633e-01   6.330798e-01
      vertex  -7.452865e-01   8.117502e-01   5.678477e-01
      vertex  -7.958984e-01   7.801109e-01   6.023209e-01
    endloop
  endfacet
  facet normal   -5.321333e-01   8.466501e-01  -4.203868e-03
    outer loop
      vertex  -7.958984e-01   7.801109e-01   6.023209e-01
      vertex  -7.452865e-01   8.117502e-01   5.678477e-01
      vertex  -7.965232e-01   7.793755e-01   5.332878e-01
    endloop
  endfacet
  facet normal   -5.347598e-01   8.450032e-01   1.232850e-03
    outer loop
      vertex  -7.965232e-01   7.793755e-01   5.332878e-01
      vertex  -7.452865e-01   8.117502e-01   5.678477e-01
      vertex  -7.455599e-01   8.116783e-01   4.985297e-01
    endloop
  endfacet
  facet normal   -5.354642e-01   8.445579e-01   5.765672e-05
    outer loop
      vertex  -7.964473e-01   7.794656e-01   3.945733e-01
      vertex  -7.457040e-01   8.116401e-01   3.599407e-01
      vertex  -7.964387e-01   7.794757e-01   3.253420e-01
    endloop
  endfacet
  facet normal   -5.332903e-01   8.459209e-01  -4.397080e-03
    outer loop
      vertex  -7.964387e-01   7.794757e-01   3.253420e-01
      vertex  -7.457040e-01   8.116401e-01   3.599407e-01
      vertex  -7.447152e-01   8.118977e-01   2.895769e-01
    endloop
  endfacet
  facet normal    4.841232e-02   9.988180e-01   4.336673e-03
    outer loop
      vertex  -7.447152e-01   8.118977e-01   2.895769e-01
      vertex  -7.457040e-01   8.116401e-01   3.599407e-01
      vertex  -6.855379e-01   8.088742e-01   3.253164e-01
    endloop
  endfacet
  facet normal   -5.390563e-01  -8.422621e-01   3.588559e-03
    outer loop
      vertex  -7.459844e-01   6.184349e-01   4.291211e-01
      vertex  -7.452008e-01   6.182275e-01   4.981432e-01
      vertex  -7.970534e-01   6.512601e-01   4.620957e-01
    endloop
  endfacet
  facet normal   -5.359452e-01  -8.442525e-01   7.147159e-04
    outer loop
      vertex  -7.452008e-01   6.182275e-01   4.981432e-01
      vertex  -7.450450e-01   6.181870e-01   5.672035e-01
      vertex  -7.969025e-01   6.510781e-01   5.330317e-01
    endloop
  endfacet
  facet normal   -5.367802e-01  -8.437215e-01  -1.022751e-03
    outer loop
      vertex  -7.452008e-01   6.182275e-01   4.981432e-01
      vertex  -7.969025e-01   6.510781e-01   5.330317e-01
      vertex  -7.970534e-01   6.512601e-01   4.620957e-01
    endloop
  endfacet
  facet normal    4.656404e-02  -9.989113e-01   2.820973e-03
    outer loop
      vertex  -6.854507e-01   6.211579e-01   3.941279e-01
      vertex  -7.459844e-01   6.184349e-01   4.291211e-01
      vertex  -7.453605e-01   6.182692e-01   3.601405e-01
    endloop
  endfacet
  facet normal   -6.109645e-01  -7.916497e-01  -3.623897e-03
    outer loop
      vertex  -7.459844e-01   6.184349e-01   4.291211e-01
      vertex  -8.069874e-01   6.656726e-01   3.946233e-01
      vertex  -7.453605e-01   6.182692e-01   3.601405e-01
    endloop
  endfacet
  facet normal   -5.782385e-01  -8.110950e-01  -8.812011e-02
    outer loop
      vertex  -8.069874e-01   6.656726e-01   3.946233e-01
      vertex  -7.459844e-01   6.184349e-01   4.291211e-01
      vertex  -7.970534e-01   6.512601e-01   4.620957e-01
    endloop
  endfacet
  facet normal   -5.317590e-01  -8.468566e-01  -8.144566e-03
    outer loop
      vertex  -7.969025e-01   6.510781e-01   5.330317e-01
      vertex  -7.450450e-01   6.181870e-01   5.672035e-01
      vertex  -7.957057e-01   6.496651e-01   6.018140e-01
    endloop
  endfacet
  facet normal   -5.276175e-01  -8.494820e-01   3.053749e-04
    outer loop
      vertex  -7.957057e-01   6.496651e-01   6.018140e-01
      vertex  -7.450450e-01   6.181870e-01   5.672035e-01
      vertex  -7.449767e-01   6.181694e-01   6.360816e-01
    endloop
  endfacet
  facet normal    5.073730e-02  -9.987120e-01  -3.059120e-04
    outer loop
      vertex  -7.449767e-01   6.181694e-01   6.360816e-01
      vertex  -7.450450e-01   6.181870e-01   5.672035e-01
      vertex  -6.853055e-01   6.212115e-01   6.014828e-01
    endloop
  endfacet
  facet normal   -9.552750e-01  -2.955308e-01   1.055030e-02
    outer loop
      vertex  -7.969025e-01   6.510781e-01   5.330317e-01
      vertex  -7.957057e-01   6.496651e-01   6.018140e-01
      vertex  -8.194698e-01   7.252840e-01   5.683033e-01
    endloop
  endfacet
  facet normal   -9.458064e-01  -3.182709e-01   6.445005e-02
    outer loop
      vertex  -7.969025e-01   6.510781e-01   5.330317e-01
      vertex  -8.194698e-01   7.252840e-01   5.683033e-01
      vertex  -8.199622e-01   7.122497e-01   4.967109e-01
    endloop
  endfacet
  facet normal   -9.359349e-01  -3.521713e-01   1.087658e-03
    outer loop
      vertex  -7.969025e-01   6.510781e-01   5.330317e-01
      vertex  -8.199622e-01   7.122497e-01   4.967109e-01
      vertex  -7.970534e-01   6.512601e-01   4.620957e-01
    endloop
  endfacet
  facet normal   -5.294525e-01  -8.483297e-01   4.081025e-03
    outer loop
      vertex  -7.957057e-01   6.496651e-01   6.018140e-01
      vertex  -7.449767e-01   6.181694e-01   6.360816e-01
      vertex  -7.963409e-01   6.504085e-01   6.739311e-01
    endloop
  endfacet
  facet normal   -9.550795e-01  -2.963012e-01  -5.358474e-03
    outer loop
      vertex  -7.957057e-01   6.496651e-01   6.018140e-01
      vertex  -7.963409e-01   6.504085e-01   6.739311e-01
      vertex  -8.194431e-01   7.255393e-01   6.371679e-01
    endloop
  endfacet
  facet normal   -9.541867e-01  -2.992083e-01   1.480003e-03
    outer loop
      vertex  -7.957057e-01   6.496651e-01   6.018140e-01
      vertex  -8.194431e-01   7.255393e-01   6.371679e-01
      vertex  -8.194698e-01   7.252840e-01   5.683033e-01
    endloop
  endfacet
  facet normal   -9.227364e-01   3.854316e-01  -5.763184e-05
    outer loop
      vertex  -7.964473e-01   7.794656e-01   3.945733e-01
      vertex  -7.964387e-01   7.794757e-01   3.253420e-01
      vertex  -8.195889e-01   7.240587e-01   3.597869e-01
    endloop
  endfacet
  facet normal   -9.232242e-01   3.842606e-01  -9.400442e-04
    outer loop
      vertex  -7.965866e-01   7.793000e-01   4.637282e-01
      vertex  -7.964473e-01   7.794656e-01   3.945733e-01
      vertex  -8.196015e-01   7.239187e-01   4.286529e-01
    endloop
  endfacet
  facet normal   -9.228860e-01   3.850728e-01   6.134529e-04
    outer loop
      vertex  -7.964473e-01   7.794656e-01   3.945733e-01
      vertex  -8.195889e-01   7.240587e-01   3.597869e-01
      vertex  -8.196015e-01   7.239187e-01   4.286529e-01
    endloop
  endfacet
  facet normal   -9.227105e-01   3.854937e-01   5.968150e-05
    outer loop
      vertex  -8.195889e-01   7.240587e-01   3.597869e-01
      vertex  -7.964387e-01   7.794757e-01   3.253420e-01
      vertex  -8.195876e-01   7.240724e-01   2.907694e-01
    endloop
  endfacet
  facet normal   -9.228377e-01   3.851884e-01   6.341046e-04
    outer loop
      vertex  -8.195876e-01   7.240724e-01   2.907694e-01
      vertex  -7.964387e-01   7.794757e-01   3.253420e-01
      vertex  -7.965329e-01   7.793640e-01   2.562331e-01
    endloop
  endfacet
  facet normal   -5.314350e-01   8.470988e-01  -6.461247e-04
    outer loop
      vertex  -7.965329e-01   7.793640e-01   2.562331e-01
      vertex  -7.964387e-01   7.794757e-01   3.253420e-01
      vertex  -7.447152e-01   8.118977e-01   2.895769e-01
    endloop
  endfacet
  facet normal   -9.441848e-01   3.294159e-01   5.037538e-04
    outer loop
      vertex  -7.965866e-01   7.793000e-01   4.637282e-01
      vertex  -8.199622e-01   7.122497e-01   4.967109e-01
      vertex  -7.965232e-01   7.793755e-01   5.332878e-01
    endloop
  endfacet
  facet normal   -9.339916e-01   3.529478e-01   5.556569e-02
    outer loop
      vertex  -8.199622e-01   7.122497e-01   4.967109e-01
      vertex  -7.965866e-01   7.793000e-01   4.637282e-01
      vertex  -8.196015e-01   7.239187e-01   4.286529e-01
    endloop
  endfacet
  facet normal   -5.355684e-01   8.444917e-01  -4.281011e-04
    outer loop
      vertex  -7.965866e-01   7.793000e-01   4.637282e-01
      vertex  -7.965232e-01   7.793755e-01   5.332878e-01
      vertex  -7.455599e-01   8.116783e-01   4.985297e-01
    endloop
  endfacet
  facet normal   -9.765749e-01  -2.151780e-01  -6.019153e-05
    outer loop
      vertex  -8.195889e-01   7.240587e-01   3.597869e-01
      vertex  -8.195876e-01   7.240724e-01   2.907694e-01
      vertex  -8.065560e-01   6.649196e-01   3.253720e-01
    endloop
  endfacet
  facet normal   -9.770192e-01  -2.131181e-01  -3.768194e-03
    outer loop
      vertex  -8.195889e-01   7.240587e-01   3.597869e-01
      vertex  -8.065560e-01   6.649196e-01   3.253720e-01
      vertex  -8.069874e-01   6.656726e-01   3.946233e-01
    endloop
  endfacet
  facet normal   -9.774170e-01  -2.113189e-01  -6.088856e-04
    outer loop
      vertex  -8.195889e-01   7.240587e-01   3.597869e-01
      vertex  -8.069874e-01   6.656726e-01   3.946233e-01
      vertex  -8.196015e-01   7.239187e-01   4.286529e-01
    endloop
  endfacet
  facet normal   -9.229960e-01   3.848096e-01  -7.801237e-05
    outer loop
      vertex  -8.195876e-01   7.240724e-01   2.907694e-01
      vertex  -7.965329e-01   7.793640e-01   2.562331e-01
      vertex  -8.195892e-01   7.240545e-01   2.217150e-01
    endloop
  endfacet
  facet normal   -9.769777e-01  -2.133165e-01   3.273716e-03
    outer loop
      vertex  -8.065560e-01   6.649196e-01   3.253720e-01
      vertex  -8.195876e-01   7.240724e-01   2.907694e-01
      vertex  -8.069295e-01   6.655706e-01   2.563514e-01
    endloop
  endfacet
  facet normal   -9.773733e-01  -2.115219e-01   7.792482e-05
    outer loop
      vertex  -8.195876e-01   7.240724e-01   2.907694e-01
      vertex  -8.195892e-01   7.240545e-01   2.217150e-01
      vertex  -8.069295e-01   6.655706e-01   2.563514e-01
    endloop
  endfacet
  facet normal   -9.241835e-01   3.819111e-01   5.359638e-03
    outer loop
      vertex  -8.195892e-01   7.240545e-01   2.217150e-01
      vertex  -7.965329e-01   7.793640e-01   2.562331e-01
      vertex  -7.973341e-01   7.783990e-01   1.868303e-01
    endloop
  endfacet
  facet normal   -5.364070e-01   8.439413e-01  -5.541161e-03
    outer loop
      vertex  -7.973341e-01   7.783990e-01   1.868303e-01
      vertex  -7.965329e-01   7.793640e-01   2.562331e-01
      vertex  -7.451530e-01   8.117850e-01   2.202995e-01
    endloop
  endfacet
  facet normal   -5.326500e-01   8.463333e-01   1.988922e-03
    outer loop
      vertex  -7.451530e-01   8.117850e-01   2.202995e-01
      vertex  -7.965329e-01   7.793640e-01   2.562331e-01
      vertex  -7.447152e-01   8.118977e-01   2.895769e-01
    endloop
  endfacet
  facet normal   -5.277325e-01  -8.494105e-01  -4.360602e-04
    outer loop
      vertex  -7.449886e-01   6.181725e-01   1.273182e-02
      vertex  -7.450864e-01   6.181978e-01   8.179298e-02
      vertex  -7.957052e-01   6.496645e-01   4.734942e-02
    endloop
  endfacet
  facet normal   -5.291428e-01  -8.485327e-01  -4.963896e-04
    outer loop
      vertex  -7.450864e-01   6.181978e-01   8.179298e-02
      vertex  -7.451975e-01   6.182266e-01   1.508923e-01
      vertex  -7.958517e-01   6.498347e-01   1.162900e-01
    endloop
  endfacet
  facet normal   -5.284236e-01  -8.489803e-01   9.725071e-04
    outer loop
      vertex  -7.450864e-01   6.181978e-01   8.179298e-02
      vertex  -7.958517e-01   6.498347e-01   1.162900e-01
      vertex  -7.957052e-01   6.496645e-01   4.734942e-02
    endloop
  endfacet
  facet normal   -5.735932e-01  -8.129111e-01  -1.008282e-01
    outer loop
      vertex  -8.076235e-01   6.668116e-01  -2.309517e-02
      vertex  -7.449886e-01   6.181725e-01   1.273182e-02
      vertex  -7.957052e-01   6.496645e-01   4.734942e-02
    endloop
  endfacet
  facet normal   -6.429005e-01  -7.604590e-01   9.154858e-02
    outer loop
      vertex  -7.449886e-01   6.181725e-01   1.273182e-02
      vertex  -8.076235e-01   6.668116e-01  -2.309517e-02
      vertex  -7.614726e-01   6.240053e-01  -5.457522e-02
    endloop
  endfacet
  facet normal   -2.665067e-03  -9.963184e-01  -8.568874e-02
    outer loop
      vertex  -6.860747e-01   6.209305e-01  -2.116837e-02
      vertex  -7.449886e-01   6.181725e-01   1.273182e-02
      vertex  -7.614726e-01   6.240053e-01  -5.457522e-02
    endloop
  endfacet
  facet normal   -5.298062e-01  -8.481183e-01   8.532349e-04
    outer loop
      vertex  -7.958517e-01   6.498347e-01   1.162900e-01
      vertex  -7.451975e-01   6.182266e-01   1.508923e-01
      vertex  -7.959798e-01   6.499841e-01   1.852297e-01
    endloop
  endfacet
  facet normal   -5.305226e-01  -8.476705e-01  -6.205207e-04
    outer loop
      vertex  -7.959798e-01   6.499841e-01   1.852297e-01
      vertex  -7.451975e-01   6.182266e-01   1.508923e-01
      vertex  -7.453359e-01   6.182628e-01   2.198691e-01
    endloop
  endfacet
  facet normal    4.894126e-02  -9.988015e-01   6.217392e-04
    outer loop
      vertex  -7.453359e-01   6.182628e-01   2.198691e-01
      vertex  -7.451975e-01   6.182266e-01   1.508923e-01
      vertex  -6.853936e-01   6.211789e-01   1.860831e-01
    endloop
  endfacet
  facet normal   -9.191621e-01  -3.938786e-01  -8.540076e-04
    outer loop
      vertex  -7.958517e-01   6.498347e-01   1.162900e-01
      vertex  -7.959798e-01   6.499841e-01   1.852297e-01
      vertex  -8.194913e-01   7.049260e-01   1.505836e-01
    endloop
  endfacet
  facet normal   -9.188312e-01  -3.946503e-01   6.137640e-04
    outer loop
      vertex  -7.958517e-01   6.498347e-01   1.162900e-01
      vertex  -8.194913e-01   7.049260e-01   1.505836e-01
      vertex  -8.194769e-01   7.047851e-01   8.149661e-02
    endloop
  endfacet
  facet normal   -9.184656e-01  -3.954997e-01  -9.759359e-04
    outer loop
      vertex  -7.958517e-01   6.498347e-01   1.162900e-01
      vertex  -8.194769e-01   7.047851e-01   8.149661e-02
      vertex  -7.957052e-01   6.496645e-01   4.734942e-02
    endloop
  endfacet
  facet normal   -5.352503e-01   8.446930e-01  -9.243878e-04
    outer loop
      vertex  -7.455649e-01   8.116770e-01   8.133000e-02
      vertex  -7.453609e-01   8.117307e-01   1.227948e-02
      vertex  -7.965717e-01   7.793178e-01   4.650384e-02
    endloop
  endfacet
  facet normal   -5.327334e-01   8.462720e-01   4.337185e-03
    outer loop
      vertex  -7.965717e-01   7.793178e-01   4.650384e-02
      vertex  -7.453609e-01   8.117307e-01   1.227948e-02
      vertex  -7.959272e-01   7.800773e-01  -2.253647e-02
    endloop
  endfacet
  facet normal   -5.315391e-01   8.470316e-01   1.911993e-03
    outer loop
      vertex  -7.959272e-01   7.800773e-01  -2.253647e-02
      vertex  -7.453609e-01   8.117307e-01   1.227948e-02
      vertex  -7.457668e-01   8.116233e-01  -5.301947e-02
    endloop
  endfacet
  facet normal   -5.385876e-01   8.425485e-01   5.956000e-03
    outer loop
      vertex  -7.455649e-01   8.116770e-01   8.133000e-02
      vertex  -7.965717e-01   7.793178e-01   4.650384e-02
      vertex  -7.974448e-01   7.782638e-01   1.166526e-01
    endloop
  endfacet
  facet normal   -5.419516e-01   8.404091e-01  -1.008555e-03
    outer loop
      vertex  -7.455649e-01   8.116770e-01   8.133000e-02
      vertex  -7.974448e-01   7.782638e-01   1.166526e-01
      vertex  -7.457836e-01   8.116189e-01   1.504184e-01
    endloop
  endfacet
  facet normal    4.322493e-02   9.990649e-01   9.766697e-04
    outer loop
      vertex  -7.455649e-01   8.116770e-01   8.133000e-02
      vertex  -7.457836e-01   8.116189e-01   1.504184e-01
      vertex  -6.860752e-01   8.090697e-01   1.155145e-01
    endloop
  endfacet
  facet normal   -6.079830e-01  -7.939352e-01   4.846294e-03
    outer loop
      vertex  -8.069874e-01   6.656726e-01   3.946233e-01
      vertex  -8.065560e-01   6.649196e-01   3.253720e-01
      vertex  -7.453605e-01   6.182692e-01   3.601405e-01
    endloop
  endfacet
  facet normal   -6.263635e-01  -7.772506e-01   5.958386e-02
    outer loop
      vertex  -7.453605e-01   6.182692e-01   3.601405e-01
      vertex  -8.065560e-01   6.649196e-01   3.253720e-01
      vertex  -7.565205e-01   6.219073e-01   2.902807e-01
    endloop
  endfacet
  facet normal   -6.533288e-01  -7.570657e-01  -3.606227e-03
    outer loop
      vertex  -7.565205e-01   6.219073e-01   2.902807e-01
      vertex  -8.065560e-01   6.649196e-01   3.253720e-01
      vertex  -8.069295e-01   6.655706e-01   2.563514e-01
    endloop
  endfacet
  facet normal   -9.202294e-01   3.913561e-01  -4.284468e-03
    outer loop
      vertex  -7.965717e-01   7.793178e-01   4.650384e-02
      vertex  -7.959272e-01   7.800773e-01  -2.253647e-02
      vertex  -8.194951e-01   7.250360e-01   1.179687e-02
    endloop
  endfacet
  facet normal   -9.568414e-01   2.905126e-01  -7.544109e-03
    outer loop
      vertex  -7.974448e-01   7.782638e-01   1.166526e-01
      vertex  -7.965717e-01   7.793178e-01   4.650384e-02
      vertex  -8.194769e-01   7.047851e-01   8.149661e-02
    endloop
  endfacet
  facet normal   -9.376183e-01   3.337946e-01   9.722698e-02
    outer loop
      vertex  -7.965717e-01   7.793178e-01   4.650384e-02
      vertex  -8.194951e-01   7.250360e-01   1.179687e-02
      vertex  -8.194769e-01   7.047851e-01   8.149661e-02
    endloop
  endfacet
  facet normal   -9.190056e-01   3.942428e-01   1.183464e-03
    outer loop
      vertex  -8.194951e-01   7.250360e-01   1.179687e-02
      vertex  -7.959272e-01   7.800773e-01  -2.253647e-02
      vertex  -8.194674e-01   7.253076e-01  -5.711445e-02
    endloop
  endfacet
  facet normal   -9.195095e-01   3.930530e-01   3.411124e-03
    outer loop
      vertex  -8.194674e-01   7.253076e-01  -5.711445e-02
      vertex  -7.959272e-01   7.800773e-01  -2.253647e-02
      vertex  -7.964672e-01   7.794419e-01  -9.488519e-02
    endloop
  endfacet
  facet normal   -5.338674e-01   8.455612e-01  -3.440956e-03
    outer loop
      vertex  -7.964672e-01   7.794419e-01  -9.488519e-02
      vertex  -7.959272e-01   7.800773e-01  -2.253647e-02
      vertex  -7.457668e-01   8.116233e-01  -5.301947e-02
    endloop
  endfacet
  facet normal   -5.420643e-01   8.403367e-01  -7.645033e-04
    outer loop
      vertex  -7.457836e-01   8.116189e-01   1.504184e-01
      vertex  -7.974448e-01   7.782638e-01   1.166526e-01
      vertex  -7.973341e-01   7.783990e-01   1.868303e-01
    endloop
  endfacet
  facet normal   -9.577637e-01   2.875555e-01  -7.856063e-04
    outer loop
      vertex  -8.194913e-01   7.049260e-01   1.505836e-01
      vertex  -7.974448e-01   7.782638e-01   1.166526e-01
      vertex  -8.194769e-01   7.047851e-01   8.149661e-02
    endloop
  endfacet
  facet normal   -9.575415e-01   2.882938e-01   9.544376e-04
    outer loop
      vertex  -7.974448e-01   7.782638e-01   1.166526e-01
      vertex  -8.194913e-01   7.049260e-01   1.505836e-01
      vertex  -7.973341e-01   7.783990e-01   1.868303e-01
    endloop
  endfacet
  facet normal   -5.402450e-01   8.415028e-01   2.875057e-03
    outer loop
      vertex  -7.457836e-01   8.116189e-01   1.504184e-01
      vertex  -7.973341e-01   7.783990e-01   1.868303e-01
      vertex  -7.451530e-01   8.117850e-01   2.202995e-01
    endloop
  endfacet
  facet normal    4.692604e-02   9.988944e-01  -2.797314e-03
    outer loop
      vertex  -7.457836e-01   8.116189e-01   1.504184e-01
      vertex  -7.451530e-01   8.117850e-01   2.202995e-01
      vertex  -6.855683e-01   8.088853e-01   1.844340e-01
    endloop
  endfacet
  facet normal    4.402525e-02   9.990277e-01   2.348451e-03
    outer loop
      vertex  -6.860752e-01   8.090697e-01   1.155145e-01
      vertex  -7.457836e-01   8.116189e-01   1.504184e-01
      vertex  -6.855683e-01   8.088853e-01   1.844340e-01
    endloop
  endfacet
  facet normal   -5.290530e-01  -8.485751e-01   4.832208e-03
    outer loop
      vertex  -7.963409e-01   6.504085e-01   6.739311e-01
      vertex  -7.449767e-01   6.181694e-01   6.360816e-01
      vertex  -7.440018e-01   6.179231e-01   6.995786e-01
    endloop
  endfacet
  facet normal    5.814647e-02  -9.982967e-01  -4.764478e-03
    outer loop
      vertex  -7.440018e-01   6.179231e-01   6.995786e-01
      vertex  -7.449767e-01   6.181694e-01   6.360816e-01
      vertex  -6.843863e-01   6.215566e-01   6.658128e-01
    endloop
  endfacet
  facet normal    5.356944e-02  -9.985536e-01   4.592503e-03
    outer loop
      vertex  -7.449767e-01   6.181694e-01   6.360816e-01
      vertex  -6.853055e-01   6.212115e-01   6.014828e-01
      vertex  -6.843863e-01   6.215566e-01   6.658128e-01
    endloop
  endfacet
  facet normal   -5.723680e-01  -8.149889e-01   9.048709e-02
    outer loop
      vertex  -7.959798e-01   6.499841e-01   1.852297e-01
      vertex  -7.453359e-01   6.182628e-01   2.198691e-01
      vertex  -8.069295e-01   6.655706e-01   2.563514e-01
    endloop
  endfacet
  facet normal   -9.350009e-01  -3.427989e-01   9.089668e-02
    outer loop
      vertex  -7.959798e-01   6.499841e-01   1.852297e-01
      vertex  -8.195892e-01   7.240545e-01   2.217150e-01
      vertex  -8.194913e-01   7.049260e-01   1.505836e-01
    endloop
  endfacet
  facet normal   -9.609000e-01  -2.616558e-01  -9.059470e-02
    outer loop
      vertex  -8.195892e-01   7.240545e-01   2.217150e-01
      vertex  -7.959798e-01   6.499841e-01   1.852297e-01
      vertex  -8.069295e-01   6.655706e-01   2.563514e-01
    endloop
  endfacet
  facet normal    1.312522e-02  -9.984673e-01   5.376571e-02
    outer loop
      vertex  -7.565205e-01   6.219073e-01   2.902807e-01
      vertex  -7.453359e-01   6.182628e-01   2.198691e-01
      vertex  -6.860128e-01   6.209528e-01   2.553431e-01
    endloop
  endfacet
  facet normal   -6.301507e-01  -7.741491e-01  -6.002661e-02
    outer loop
      vertex  -7.453359e-01   6.182628e-01   2.198691e-01
      vertex  -7.565205e-01   6.219073e-01   2.902807e-01
      vertex  -8.069295e-01   6.655706e-01   2.563514e-01
    endloop
  endfacet
  facet normal    4.699399e-02  -9.988911e-01  -2.840802e-03
    outer loop
      vertex  -7.453359e-01   6.182628e-01   2.198691e-01
      vertex  -6.853936e-01   6.211789e-01   1.860831e-01
      vertex  -6.860128e-01   6.209528e-01   2.553431e-01
    endloop
  endfacet
  facet normal   -5.337730e-01   8.456122e-01   5.137948e-03
    outer loop
      vertex  -7.456165e-01   8.116633e-01   6.330798e-01
      vertex  -7.958984e-01   7.801109e-01   6.023209e-01
      vertex  -7.965985e-01   7.792858e-01   6.653872e-01
    endloop
  endfacet
  facet normal   -5.480802e-01   8.359871e-01  -2.708513e-02
    outer loop
      vertex  -7.456165e-01   8.116633e-01   6.330798e-01
      vertex  -7.965985e-01   7.792858e-01   6.653872e-01
      vertex  -7.503475e-01   8.102839e-01   6.862387e-01
    endloop
  endfacet
  facet normal    2.981710e-02   9.991467e-01   2.857913e-02
    outer loop
      vertex  -6.852659e-01   8.087739e-01   6.711301e-01
      vertex  -7.456165e-01   8.116633e-01   6.330798e-01
      vertex  -7.503475e-01   8.102839e-01   6.862387e-01
    endloop
  endfacet
  facet normal    4.710509e-02  -9.988882e-01   1.865294e-03
    outer loop
      vertex  -6.854507e-01   6.211579e-01   3.941279e-01
      vertex  -7.453605e-01   6.182692e-01   3.601405e-01
      vertex  -6.858561e-01   6.210096e-01   3.249636e-01
    endloop
  endfacet
  facet normal    6.103435e-01  -7.921346e-01  -1.879620e-03
    outer loop
      vertex  -6.379429e-01   6.578455e-01   3.592806e-01
      vertex  -6.854507e-01   6.211579e-01   3.941279e-01
      vertex  -6.858561e-01   6.210096e-01   3.249636e-01
    endloop
  endfacet
  facet normal    6.112246e-01  -7.914572e-01   3.478687e-05
    outer loop
      vertex  -6.854507e-01   6.211579e-01   3.941279e-01
      vertex  -6.379429e-01   6.578455e-01   3.592806e-01
      vertex  -6.379383e-01   6.578521e-01   4.286245e-01
    endloop
  endfacet
  facet normal   -9.193461e-01   3.934173e-01  -5.059073e-03
    outer loop
      vertex  -7.965985e-01   7.792858e-01   6.653872e-01
      vertex  -7.958984e-01   7.801109e-01   6.023209e-01
      vertex  -8.194431e-01   7.255393e-01   6.371679e-01
    endloop
  endfacet
  facet normal   -9.184439e-01   3.955496e-01  -1.110293e-03
    outer loop
      vertex  -8.194431e-01   7.255393e-01   6.371679e-01
      vertex  -7.958984e-01   7.801109e-01   6.023209e-01
      vertex  -8.194698e-01   7.252840e-01   5.683033e-01
    endloop
  endfacet
  facet normal   -9.196159e-01   3.927969e-01   4.138399e-03
    outer loop
      vertex  -8.194698e-01   7.252840e-01   5.683033e-01
      vertex  -7.958984e-01   7.801109e-01   6.023209e-01
      vertex  -7.965232e-01   7.793755e-01   5.332878e-01
    endloop
  endfacet
  facet normal   -9.320798e-01   3.526336e-01   8.292607e-02
    outer loop
      vertex  -8.197281e-01   7.076306e-01   7.101192e-01
      vertex  -7.965985e-01   7.792858e-01   6.653872e-01
      vertex  -8.194431e-01   7.255393e-01   6.371679e-01
    endloop
  endfacet
  facet normal   -9.566680e-01   2.895417e-01  -3.085316e-02
    outer loop
      vertex  -7.965985e-01   7.792858e-01   6.653872e-01
      vertex  -8.197281e-01   7.076306e-01   7.101192e-01
      vertex  -8.003867e-01   7.744810e-01   7.377550e-01
    endloop
  endfacet
  facet normal   -5.643890e-01   8.251230e-01   2.524063e-02
    outer loop
      vertex  -7.965985e-01   7.792858e-01   6.653872e-01
      vertex  -8.003867e-01   7.744810e-01   7.377550e-01
      vertex  -7.503475e-01   8.102839e-01   6.862387e-01
    endloop
  endfacet
  facet normal   -9.799775e-01  -1.991047e-01  -1.179638e-03
    outer loop
      vertex  -8.194951e-01   7.250360e-01   1.179687e-02
      vertex  -8.194674e-01   7.253076e-01  -5.711445e-02
      vertex  -8.076235e-01   6.668116e-01  -2.309517e-02
    endloop
  endfacet
  facet normal   -9.345764e-01  -3.417002e-01  -9.903484e-02
    outer loop
      vertex  -8.194769e-01   7.047851e-01   8.149661e-02
      vertex  -8.194951e-01   7.250360e-01   1.179687e-02
      vertex  -7.957052e-01   6.496645e-01   4.734942e-02
    endloop
  endfacet
  facet normal   -9.614203e-01  -2.561417e-01   1.003119e-01
    outer loop
      vertex  -8.194951e-01   7.250360e-01   1.179687e-02
      vertex  -8.076235e-01   6.668116e-01  -2.309517e-02
      vertex  -7.957052e-01   6.496645e-01   4.734942e-02
    endloop
  endfacet
  facet normal   -9.210846e-01   3.893522e-01  -2.852193e-03
    outer loop
      vertex  -8.194674e-01   7.253076e-01  -5.711445e-02
      vertex  -7.964672e-01   7.794419e-01  -9.488519e-02
      vertex  -8.195289e-01   7.246954e-01  -1.208120e-01
    endloop
  endfacet
  facet normal   -9.786199e-01  -2.056563e-01   2.921978e-03
    outer loop
      vertex  -8.194674e-01   7.253076e-01  -5.711445e-02
      vertex  -8.195289e-01   7.246954e-01  -1.208120e-01
      vertex  -8.070312e-01   6.657500e-01  -8.386359e-02
    endloop
  endfacet
  facet normal   -9.794073e-01  -2.018044e-01  -6.020369e-03
    outer loop
      vertex  -8.194674e-01   7.253076e-01  -5.711445e-02
      vertex  -8.070312e-01   6.657500e-01  -8.386359e-02
      vertex  -8.076235e-01   6.668116e-01  -2.309517e-02
    endloop
  endfacet
  facet normal   -9.217150e-01   3.878670e-01   8.446686e-04
    outer loop
      vertex  -8.195289e-01   7.246954e-01  -1.208120e-01
      vertex  -7.964672e-01   7.794419e-01  -9.488519e-02
      vertex  -7.965898e-01   7.792962e-01  -1.617421e-01
    endloop
  endfacet
  facet normal   -5.505318e-01   8.344309e-01   2.529566e-02
    outer loop
      vertex  -7.964672e-01   7.794419e-01  -9.488519e-02
      vertex  -7.457668e-01   8.116233e-01  -5.301947e-02
      vertex  -7.501985e-01   8.103313e-01  -1.068478e-01
    endloop
  endfacet
  facet normal   -5.553834e-01   8.315940e-01  -7.946423e-04
    outer loop
      vertex  -7.965898e-01   7.792962e-01  -1.617421e-01
      vertex  -7.964672e-01   7.794419e-01  -9.488519e-02
      vertex  -7.501985e-01   8.103313e-01  -1.068478e-01
    endloop
  endfacet
  facet normal   -9.332025e-01   3.561424e-01  -4.791403e-02
    outer loop
      vertex  -8.195289e-01   7.246954e-01  -1.208120e-01
      vertex  -7.965898e-01   7.792962e-01  -1.617421e-01
      vertex  -8.200000e-01   7.150000e-01  -1.837016e-01
    endloop
  endfacet
  facet normal   -6.668333e-01  -7.448105e-01  -2.430299e-02
    outer loop
      vertex  -8.070312e-01   6.657500e-01  -8.386359e-02
      vertex  -7.574165e-01   6.222638e-01  -1.124931e-01
      vertex  -7.614726e-01   6.240053e-01  -5.457522e-02
    endloop
  endfacet
  facet normal   -6.777354e-01  -7.352794e-01   6.240119e-03
    outer loop
      vertex  -8.076235e-01   6.668116e-01  -2.309517e-02
      vertex  -8.070312e-01   6.657500e-01  -8.386359e-02
      vertex  -7.614726e-01   6.240053e-01  -5.457522e-02
    endloop
  endfacet
  facet normal   -3.501407e-02  -9.990060e-01   2.758745e-02
    outer loop
      vertex  -7.574165e-01   6.222638e-01  -1.124931e-01
      vertex  -6.868501e-01   6.206545e-01  -8.120759e-02
      vertex  -7.614726e-01   6.240053e-01  -5.457522e-02
    endloop
  endfacet
  facet normal   -7.033398e-02  -9.917001e-01   1.076295e-01
    outer loop
      vertex  -6.868501e-01   6.206545e-01  -8.120759e-02
      vertex  -7.574165e-01   6.222638e-01  -1.124931e-01
      vertex  -7.062456e-01   6.159504e-01  -1.372253e-01
    endloop
  endfacet
  facet normal   -9.427503e-02  -9.938179e-01   5.863595e-02
    outer loop
      vertex  -7.574165e-01   6.222638e-01  -1.124931e-01
      vertex  -7.373648e-01   6.165192e-01  -1.776183e-01
      vertex  -7.062456e-01   6.159504e-01  -1.372253e-01
    endloop
  endfacet
  facet normal   -9.399743e-01  -3.305368e-01  -8.481587e-02
    outer loop
      vertex  -7.963409e-01   6.504085e-01   6.739311e-01
      vertex  -8.197281e-01   7.076306e-01   7.101192e-01
      vertex  -8.194431e-01   7.255393e-01   6.371679e-01
    endloop
  endfacet
  facet normal   -9.547399e-01   2.942356e-01  -4.355697e-02
    outer loop
      vertex  -8.003867e-01   7.744810e-01   7.377550e-01
      vertex  -8.197281e-01   7.076306e-01   7.101192e-01
      vertex  -8.200000e-01   7.150000e-01   7.658611e-01
    endloop
  endfacet
  facet normal   -9.320936e-01   3.574351e-01  -5.866512e-02
    outer loop
      vertex  -8.199622e-01   7.122497e-01   4.967109e-01
      vertex  -8.194698e-01   7.252840e-01   5.683033e-01
      vertex  -7.965232e-01   7.793755e-01   5.332878e-01
    endloop
  endfacet
  facet normal   -9.405212e-01   3.277524e-01  -8.943332e-02
    outer loop
      vertex  -8.194913e-01   7.049260e-01   1.505836e-01
      vertex  -8.195892e-01   7.240545e-01   2.217150e-01
      vertex  -7.973341e-01   7.783990e-01   1.868303e-01
    endloop
  endfacet
  facet normal   -9.451897e-01  -3.209545e-01  -6.003917e-02
    outer loop
      vertex  -7.970534e-01   6.512601e-01   4.620957e-01
      vertex  -8.199622e-01   7.122497e-01   4.967109e-01
      vertex  -8.196015e-01   7.239187e-01   4.286529e-01
    endloop
  endfacet
  facet normal   -9.620610e-01  -2.588052e-01   8.636248e-02
    outer loop
      vertex  -8.069874e-01   6.656726e-01   3.946233e-01
      vertex  -7.970534e-01   6.512601e-01   4.620957e-01
      vertex  -8.196015e-01   7.239187e-01   4.286529e-01
    endloop
  endfacet
  facet normal    1.392840e-02  -9.984319e-01  -5.422014e-02
    outer loop
      vertex  -7.453605e-01   6.182692e-01   3.601405e-01
      vertex  -7.565205e-01   6.219073e-01   2.902807e-01
      vertex  -6.858561e-01   6.210096e-01   3.249636e-01
    endloop
  endfacet
  facet normal   -1.311718e-02  -9.999136e-01   8.452401e-04
    outer loop
      vertex  -6.858561e-01   6.210096e-01   3.249636e-01
      vertex  -7.565205e-01   6.219073e-01   2.902807e-01
      vertex  -6.860128e-01   6.209528e-01   2.553431e-01
    endloop
  endfacet
  facet normal    5.018132e-02   9.987382e-01  -1.942090e-03
    outer loop
      vertex  -7.451530e-01   8.117850e-01   2.202995e-01
      vertex  -7.447152e-01   8.118977e-01   2.895769e-01
      vertex  -6.854837e-01   8.088543e-01   2.549498e-01
    endloop
  endfacet
  facet normal    4.883528e-02   9.988068e-01   3.816579e-04
    outer loop
      vertex  -6.855683e-01   8.088853e-01   1.844340e-01
      vertex  -7.451530e-01   8.117850e-01   2.202995e-01
      vertex  -6.854837e-01   8.088543e-01   2.549498e-01
    endloop
  endfacet
  facet normal    5.117188e-02   9.986898e-01  -2.434389e-04
    outer loop
      vertex  -7.447152e-01   8.118977e-01   2.895769e-01
      vertex  -6.855379e-01   8.088742e-01   3.253164e-01
      vertex  -6.854837e-01   8.088543e-01   2.549498e-01
    endloop
  endfacet
  facet normal    2.979957e-02   9.992062e-01  -2.643788e-02
    outer loop
      vertex  -7.457668e-01   8.116233e-01  -5.301947e-02
      vertex  -6.853582e-01   8.088080e-01  -9.133336e-02
      vertex  -7.501985e-01   8.103313e-01  -1.068478e-01
    endloop
  endfacet
  facet normal    6.112648e-01  -7.914261e-01   6.312207e-05
    outer loop
      vertex  -6.379738e-01   6.578013e-01   1.514545e-01
      vertex  -6.379654e-01   6.578132e-01   2.208335e-01
      vertex  -6.853936e-01   6.211789e-01   1.860831e-01
    endloop
  endfacet
  facet normal    6.099747e-01  -7.924157e-01   2.867045e-03
    outer loop
      vertex  -6.853936e-01   6.211789e-01   1.860831e-01
      vertex  -6.379654e-01   6.578132e-01   2.208335e-01
      vertex  -6.860128e-01   6.209528e-01   2.553431e-01
    endloop
  endfacet
  facet normal   -4.302472e-02  -9.990607e-01   5.148923e-03
    outer loop
      vertex  -6.868501e-01   6.206545e-01  -8.120759e-02
      vertex  -6.860747e-01   6.209305e-01  -2.116837e-02
      vertex  -7.614726e-01   6.240053e-01  -5.457522e-02
    endloop
  endfacet
  facet normal    5.435727e-01  -8.309655e-01  -1.184273e-01
    outer loop
      vertex  -6.370041e-01   6.592176e-01  -1.230030e-01
      vertex  -6.868501e-01   6.206545e-01  -8.120759e-02
      vertex  -7.062456e-01   6.159504e-01  -1.372253e-01
    endloop
  endfacet
  facet normal    6.099997e-01   7.924016e-01  -3.828670e-04
    outer loop
      vertex  -6.380723e-01   7.723398e-01   2.205049e-01
      vertex  -6.855683e-01   8.088853e-01   1.844340e-01
      vertex  -6.854837e-01   8.088543e-01   2.549498e-01
    endloop
  endfacet
  facet normal    0.000000e+00   0.000000e+00   1.000000e+00
    outer loop
      vertex  -6.200000e-01   7.150000e-01   8.100000e-01
      vertex  -6.433956e-01   7.792788e-01   8.100000e-01
      vertex  -6.728716e-01   7.149973e-01   8.100000e-01
    endloop
  endfacet
  facet normal    0.000000e+00  -0.000000e+00   1.000000e+00
    outer loop
      vertex  -6.433956e-01   6.507212e-01   8.100000e-01
      vertex  -6.200000e-01   7.150000e-01   8.100000e-01
      vertex  -6.728716e-01   7.149973e-01   8.100000e-01
    endloop
  endfacet
  facet normal    0.000000e+00   0.000000e+00   1.000000e+00
    outer loop
      vertex  -6.433956e-01   7.792788e-01   8.100000e-01
      vertex  -7.026352e-01   8.134808e-01   8.100000e-01
      vertex  -7.230616e-01   7.496149e-01   8.100000e-01
    endloop
  endfacet
  facet normal    0.000000e+00   0.000000e+00   1.000000e+00
    outer loop
      vertex  -6.433956e-01   7.792788e-01   8.100000e-01
      vertex  -7.230616e-01   7.496149e-01   8.100000e-01
      vertex  -6.728716e-01   7.149973e-01   8.100000e-01
    endloop
  endfacet
  facet normal    0.000000e+00   0.000000e+00   1.000000e+00
    outer loop
      vertex  -7.026352e-01   8.134808e-01   8.100000e-01
      vertex  -7.700000e-01   8.016025e-01   8.100000e-01
      vertex  -7.230616e-01   7.496149e-01   8.100000e-01
    endloop
  endfacet
  facet normal    0.000000e+00   0.000000e+00   1.000000e+00
    outer loop
      vertex  -7.700000e-01   8.016025e-01   8.100000e-01
      vertex  -8.139693e-01   7.492020e-01   8.100000e-01
      vertex  -7.690309e-01   7.149969e-01   8.100000e-01
    endloop
  endfacet
  facet normal    0.000000e+00   0.000000e+00   1.000000e+00
    outer loop
      vertex  -7.230616e-01   7.496149e-01   8.100000e-01
      vertex  -7.700000e-01   8.016025e-01   8.100000e-01
      vertex  -7.690309e-01   7.149969e-01   8.100000e-01
    endloop
  endfacet
  facet normal    0.000000e+00   0.000000e+00   1.000000e+00
    outer loop
      vertex  -8.139693e-01   7.492020e-01   8.100000e-01
      vertex  -8.139693e-01   6.807980e-01   8.100000e-01
      vertex  -7.690309e-01   7.149969e-01   8.100000e-01
    endloop
  endfacet
  facet normal   -0.000000e+00   0.000000e+00   1.000000e+00
    outer loop
      vertex  -8.139693e-01   6.807980e-01   8.100000e-01
      vertex  -7.700000e-01   6.283975e-01   8.100000e-01
      vertex  -7.690309e-01   7.149969e-01   8.100000e-01
    endloop
  endfacet
  facet normal   -0.000000e+00   0.000000e+00   1.000000e+00
    outer loop
      vertex  -7.700000e-01   6.283975e-01   8.100000e-01
      vertex  -7.026352e-01   6.165192e-01   8.100000e-01
      vertex  -7.231851e-01   6.803664e-01   8.100000e-01
    endloop
  endfacet
  facet normal    0.000000e+00   0.000000e+00   1.000000e+00
    outer loop
      vertex  -7.700000e-01   6.283975e-01   8.100000e-01
      vertex  -7.231851e-01   6.803664e-01   8.100000e-01
      vertex  -7.690309e-01   7.149969e-01   8.100000e-01
    endloop
  endfacet
  facet normal    0.000000e+00  -0.000000e+00   1.000000e+00
    outer loop
      vertex  -7.026352e-01   6.165192e-01   8.100000e-01
      vertex  -6.433956e-01   6.507212e-01   8.100000e-01
      vertex  -7.231851e-01   6.803664e-01   8.100000e-01
    endloop
  endfacet
  facet normal   -0.000000e+00   0.000000e+00   1.000000e+00
    outer loop
      vertex  -7.231851e-01   6.803664e-01   8.100000e-01
      vertex  -6.433956e-01   6.507212e-01   8.100000e-01
      vertex  -6.728716e-01   7.149973e-01   8.100000e-01
    endloop
  endfacet
  facet normal    0.000000e+00  -0.000000e+00   1.000000e+00
    outer loop
      vertex  -7.231851e-01   6.803664e-01   8.100000e-01
      vertex  -7.230616e-01   7.496149e-01   8.100000e-01
      vertex  -7.690309e-01   7.149969e-01   8.100000e-01
    endloop
  endfacet
  facet normal    0.000000e+00   0.000000e+00   1.000000e+00
    outer loop
      vertex  -7.230616e-01   7.496149e-01   8.100000e-01
      vertex  -7.231851e-01   6.803664e-01   8.100000e-01
      vertex  -6.728716e-01   7.149973e-01   8.100000e-01
    endloop
  endfacet
  facet normal    0.000000e+00   0.000000e+00  -1.000000e+00
    outer loop
      vertex  -6.864809e-01   7.150000e-01  -2.300000e-01
      vertex  -6.433956e-01   7.792788e-01  -2.300000e-01
      vertex  -6.200000e-01   7.150000e-01  -2.300000e-01
    endloop
  endfacet
  facet normal    0.000000e+00   0.000000e+00  -1.000000e+00
    outer loop
      vertex  -6.864809e-01   7.150000e-01  -2.300000e-01
      vertex  -6.200000e-01   7.150000e-01  -2.300000e-01
      vertex  -6.433956e-01   6.507212e-01  -2.300000e-01
    endloop
  endfacet
  facet normal    0.000000e+00   0.000000e+00  -1.000000e+00
    outer loop
      vertex  -7.286824e-01   7.642404e-01  -2.300000e-01
      vertex  -7.026352e-01   8.134808e-01  -2.300000e-01
      vertex  -6.433956e-01   7.792788e-01  -2.300000e-01
    endloop
  endfacet
  facet normal    0.000000e+00   0.000000e+00  -1.000000e+00
    outer loop
      vertex  -7.286824e-01   7.642404e-01  -2.300000e-01
      vertex  -6.433956e-01   7.792788e-01  -2.300000e-01
      vertex  -6.864809e-01   7.150000e-01  -2.300000e-01
    endloop
  endfacet
  facet normal    0.000000e+00   0.000000e+00  -1.000000e+00
    outer loop
      vertex  -7.286824e-01   7.642404e-01  -2.300000e-01
      vertex  -7.700000e-01   8.016025e-01  -2.300000e-01
      vertex  -7.026352e-01   8.134808e-01  -2.300000e-01
    endloop
  endfacet
  facet normal   -0.000000e+00   0.000000e+00  -1.000000e+00
    outer loop
      vertex  -7.286824e-01   7.642404e-01  -2.300000e-01
      vertex  -8.139693e-01   7.492020e-01  -2.300000e-01
      vertex  -7.700000e-01   8.016025e-01  -2.300000e-01
    endloop
  endfacet
  facet normal   -0.000000e+00   0.000000e+00  -1.000000e+00
    outer loop
      vertex  -7.547296e-01   7.150000e-01  -2.300000e-01
      vertex  -8.139693e-01   6.807980e-01  -2.300000e-01
      vertex  -8.139693e-01   7.492020e-01  -2.300000e-01
    endloop
  endfacet
  facet normal    0.000000e+00   0.000000e+00  -1.000000e+00
    outer loop
      vertex  -7.286824e-01   7.642404e-01  -2.300000e-01
      vertex  -7.547296e-01   7.150000e-01  -2.300000e-01
      vertex  -8.139693e-01   7.492020e-01  -2.300000e-01
    endloop
  endfacet
  facet normal   -0.000000e+00   0.000000e+00  -1.000000e+00
    outer loop
      vertex  -7.286824e-01   6.657596e-01  -2.300000e-01
      vertex  -7.700000e-01   6.283975e-01  -2.300000e-01
      vertex  -8.139693e-01   6.807980e-01  -2.300000e-01
    endloop
  endfacet
  facet normal    0.000000e+00   0.000000e+00  -1.000000e+00
    outer loop
      vertex  -7.286824e-01   6.657596e-01  -2.300000e-01
      vertex  -8.139693e-01   6.807980e-01  -2.300000e-01
      vertex  -7.547296e-01   7.150000e-01  -2.300000e-01
    endloop
  endfacet
  facet normal    0.000000e+00  -0.000000e+00  -1.000000e+00
    outer loop
      vertex  -7.286824e-01   6.657596e-01  -2.300000e-01
      vertex  -7.026352e-01   6.165192e-01  -2.300000e-01
      vertex  -7.700000e-01   6.283975e-01  -2.300000e-01
    endloop
  endfacet
  facet normal    0.000000e+00   0.000000e+00  -1.000000e+00
    outer loop
      vertex  -7.286824e-01   6.657596e-01  -2.300000e-01
      vertex  -6.433956e-01   6.507212e-01  -2.300000e-01
      vertex  -7.026352e-01   6.165192e-01  -2.300000e-01
    endloop
  endfacet
  facet normal    0.000000e+00   0.000000e+00  -1.000000e+00
    outer loop
      vertex  -7.286824e-01   6.657596e-01  -2.300000e-01
      vertex  -6.864809e-01   7.150000e-01  -2.300000e-01
      vertex  -6.433956e-01   6.507212e-01  -2.300000e-01
    endloop
  endfacet
  facet normal    0.000000e+00   0.000000e+00  -1.000000e+00
    outer loop
      vertex  -7.286824e-01   6.657596e-01  -2.300000e-01
      vertex  -7.547296e-01   7.150000e-01  -2.300000e-01
      vertex  -6.864809e-01   7.150000e-01  -2.300000e-01
    endloop
  endfacet
  facet normal    0.000000e+00  -0.000000e+00  -1.000000e+00
    outer loop
      vertex  -7.286824e-01   7.642404e-01  -2.300000e-01
      vertex  -6.864809e-01   7.150000e-01  -2.300000e-01
      vertex  -7.547296e-01   7.150000e-01  -2.300000e-01
    endloop
  endfacet
  facet normal    9.357261e-01   3.405765e-01   9.178369e-02
    outer loop
      vertex   7.966044e-01  -6.507212e-01   8.100000e-01
      vertex   8.200000e-01  -7.150000e-01   8.100000e-01
      vertex   8.071519e-01  -6.659638e-01   7.590294e-01
    endloop
  endfacet
  facet normal    9.354615e-01  -3.404802e-01   9.478911e-02
    outer loop
      vertex   8.200000e-01  -7.150000e-01   8.100000e-01
      vertex   7.966044e-01  -7.792788e-01   8.100000e-01
      vertex   8.075419e-01  -7.633365e-01   7.593240e-01
    endloop
  endfacet
  facet normal    9.673467e-01   2.534570e-01   0.000000e+00
    outer loop
      vertex   8.200000e-01  -7.150000e-01   8.100000e-01
      vertex   8.200000e-01  -7.150000e-01   7.406667e-01
      vertex   8.071519e-01  -6.659638e-01   7.590294e-01
    endloop
  endfacet
  facet normal    9.683540e-01  -2.495809e-01   0.000000e+00
    outer loop
      vertex   8.200000e-01  -7.150000e-01   7.406667e-01
      vertex   8.200000e-01  -7.150000e-01   8.100000e-01
      vertex   8.075419e-01  -7.633365e-01   7.593240e-01
    endloop
  endfacet
  facet normal    9.673467e-01   2.534570e-01   0.000000e+00
    outer loop
      vertex   8.200000e-01  -7.150000e-01  -1.606667e-01
      vertex   8.200000e-01  -7.150000e-01  -2.300000e-01
      vertex   8.071519e-01  -6.659638e-01  -1.790294e-01
    endloop
  endfacet
  facet normal    9.683540e-01  -2.495809e-01   0.000000e+00
    outer loop
      vertex   8.200000e-01  -7.150000e-01  -2.300000e-01
      vertex   8.200000e-01  -7.150000e-01  -1.606667e-01
      vertex   8.075419e-01  -7.633365e-01  -1.793240e-01
    endloop
  endfacet
  facet normal    9.357261e-01   3.405765e-01  -9.178369e-02
    outer loop
      vertex   8.200000e-01  -7.150000e-01  -2.300000e-01
      vertex   7.966044e-01  -6.507212e-01  -2.300000e-01
      vertex   8.071519e-01  -6.659638e-01  -1.790294e-01
    endloop
  endfacet
  facet normal    9.354615e-01  -3.404802e-01  -9.478911e-02
    outer loop
      vertex   7.966044e-01  -7.792788e-01  -2.300000e-01
      vertex   8.200000e-01  -7.150000e-01  -2.300000e-01
      vertex   8.075419e-01  -7.633365e-01  -1.793240e-01
    endloop
  endfacet
  facet normal    4.980723e-01   8.626865e-01   8.772648e-02
    outer loop
      vertex   7.373648e-01  -6.165192e-01   8.100000e-01
      vertex   7.966044e-01  -6.507212e-01   8.100000e-01
      vertex   7.672156e-01  -6.268485e-01   7.420967e-01
    endloop
  endfacet
  facet normal    7.116720e-01   6.997710e-01  -6.199650e-02
    outer loop
      vertex   7.672156e-01  -6.268485e-01   7.420967e-01
      vertex   7.966044e-01  -6.507212e-01   8.100000e-01
      vertex   8.071519e-01  -6.659638e-01   7.590294e-01
    endloop
  endfacet
  facet normal   -1.727460e-01   9.796913e-01   1.018024e-01
    outer loop
      vertex   6.700000e-01  -6.283975e-01   8.100000e-01
      vertex   7.373648e-01  -6.165192e-01   8.100000e-01
      vertex   7.026352e-01  -6.165192e-01   7.510681e-01
    endloop
  endfacet
  facet normal    1.457110e-01   9.855935e-01  -8.587020e-02
    outer loop
      vertex   7.026352e-01  -6.165192e-01   7.510681e-01
      vertex   7.373648e-01  -6.165192e-01   8.100000e-01
      vertex   7.672156e-01  -6.268485e-01   7.420967e-01
    endloop
  endfacet
  facet normal   -7.635503e-01   6.406948e-01   8.062969e-02
    outer loop
      vertex   6.260307e-01  -6.807980e-01   8.100000e-01
      vertex   6.700000e-01  -6.283975e-01   8.100000e-01
      vertex   6.396133e-01  -6.555190e-01   7.377550e-01
    endloop
  endfacet
  facet normal   -5.065281e-01   8.554219e-01  -1.080864e-01
    outer loop
      vertex   6.700000e-01  -6.283975e-01   8.100000e-01
      vertex   7.026352e-01  -6.165192e-01   7.510681e-01
      vertex   6.396133e-01  -6.555190e-01   7.377550e-01
    endloop
  endfacet
  facet normal   -9.907947e-01   3.216194e-15   1.353732e-01
    outer loop
      vertex   6.260307e-01  -7.492020e-01   8.100000e-01
      vertex   6.260307e-01  -6.807980e-01   8.100000e-01
      vertex   6.200000e-01  -7.150000e-01   7.658611e-01
    endloop
  endfacet
  facet normal   -9.574417e-01   2.763410e-01  -8.331289e-02
    outer loop
      vertex   6.260307e-01  -6.807980e-01   8.100000e-01
      vertex   6.396133e-01  -6.555190e-01   7.377550e-01
      vertex   6.200000e-01  -7.150000e-01   7.658611e-01
    endloop
  endfacet
  facet normal   -7.620646e-01  -6.394481e-01   1.018024e-01
    outer loop
      vertex   6.700000e-01  -8.016025e-01   8.100000e-01
      vertex   6.260307e-01  -7.492020e-01   8.100000e-01
      vertex   6.433956e-01  -7.792788e-01   7.510681e-01
    endloop
  endfacet
  facet normal   -9.416233e-01  -3.159828e-01  -1.161915e-01
    outer loop
      vertex   6.433956e-01  -7.792788e-01   7.510681e-01
      vertex   6.260307e-01  -7.492020e-01   8.100000e-01
      vertex   6.200000e-01  -7.150000e-01   7.658611e-01
    endloop
  endfacet
  facet normal   -1.722129e-01  -9.766680e-01   1.283060e-01
    outer loop
      vertex   7.373648e-01  -8.134808e-01   8.100000e-01
      vertex   6.700000e-01  -8.016025e-01   8.100000e-01
      vertex   7.026352e-01  -8.134808e-01   7.633857e-01
    endloop
  endfacet
  facet normal   -4.789610e-01  -8.704659e-01  -1.135141e-01
    outer loop
      vertex   6.700000e-01  -8.016025e-01   8.100000e-01
      vertex   6.433956e-01  -7.792788e-01   7.510681e-01
      vertex   7.026352e-01  -8.134808e-01   7.633857e-01
    endloop
  endfacet
  facet normal    4.979251e-01  -8.624315e-01   9.100789e-02
    outer loop
      vertex   7.966044e-01  -7.792788e-01   8.100000e-01
      vertex   7.373648e-01  -8.134808e-01   8.100000e-01
      vertex   7.671722e-01  -8.031747e-01   7.445816e-01
    endloop
  endfacet
  facet normal    1.294870e-01  -9.868769e-01  -9.647336e-02
    outer loop
      vertex   7.671722e-01  -8.031747e-01   7.445816e-01
      vertex   7.373648e-01  -8.134808e-01   8.100000e-01
      vertex   7.026352e-01  -8.134808e-01   7.633857e-01
    endloop
  endfacet
  facet normal    7.129477e-01  -6.981280e-01  -6.574912e-02
    outer loop
      vertex   7.966044e-01  -7.792788e-01   8.100000e-01
      vertex   7.671722e-01  -8.031747e-01   7.445816e-01
      vertex   8.075419e-01  -7.633365e-01   7.593240e-01
    endloop
  endfacet
  facet normal    9.538693e-01   3.002221e-01   0.000000e+00
    outer loop
      vertex   8.200000e-01  -7.150000e-01  -9.133333e-02
      vertex   8.200000e-01  -7.150000e-01  -1.606667e-01
      vertex   8.019733e-01  -6.577255e-01  -1.260000e-01
    endloop
  endfacet
  facet normal    9.565457e-01  -2.915826e-01   0.000000e+00
    outer loop
      vertex   8.200000e-01  -7.150000e-01  -1.606667e-01
      vertex   8.200000e-01  -7.150000e-01  -9.133333e-02
      vertex   8.029959e-01  -7.707824e-01  -1.230030e-01
    endloop
  endfacet
  facet normal    9.611323e-01   2.711992e-01   5.172701e-02
    outer loop
      vertex   8.019733e-01  -6.577255e-01  -1.260000e-01
      vertex   8.200000e-01  -7.150000e-01  -1.606667e-01
      vertex   8.071519e-01  -6.659638e-01  -1.790294e-01
    endloop
  endfacet
  facet normal    9.633569e-01  -2.647941e-01   4.275052e-02
    outer loop
      vertex   8.200000e-01  -7.150000e-01  -1.606667e-01
      vertex   8.029959e-01  -7.707824e-01  -1.230030e-01
      vertex   8.075419e-01  -7.633365e-01  -1.793240e-01
    endloop
  endfacet
  facet normal    9.544713e-01  -2.983028e-01   0.000000e+00
    outer loop
      vertex   8.200000e-01  -7.150000e-01  -9.133333e-02
      vertex   8.200000e-01  -7.150000e-01  -2.200000e-02
      vertex   8.022031e-01  -7.719443e-01  -5.547617e-02
    endloop
  endfacet
  facet normal    9.538557e-01   3.002655e-01   0.000000e+00
    outer loop
      vertex   8.200000e-01  -7.150000e-01  -2.200000e-02
      vertex   8.200000e-01  -7.150000e-01  -9.133333e-02
      vertex   8.019681e-01  -6.577180e-01  -5.677078e-02
    endloop
  endfacet
  facet normal    9.555489e-01  -2.947687e-01   6.147217e-03
    outer loop
      vertex   8.200000e-01  -7.150000e-01  -9.133333e-02
      vertex   8.022031e-01  -7.719443e-01  -5.547617e-02
      vertex   8.029959e-01  -7.707824e-01  -1.230030e-01
    endloop
  endfacet
  facet normal    9.538625e-01   3.002439e-01   3.946092e-05
    outer loop
      vertex   8.200000e-01  -7.150000e-01  -9.133333e-02
      vertex   8.019733e-01  -6.577255e-01  -1.260000e-01
      vertex   8.019681e-01  -6.577180e-01  -5.677078e-02
    endloop
  endfacet
  facet normal    9.537388e-01   3.006364e-01   0.000000e+00
    outer loop
      vertex   8.200000e-01  -7.150000e-01   4.733333e-02
      vertex   8.200000e-01  -7.150000e-01  -2.200000e-02
      vertex   8.019235e-01  -6.576543e-01   1.243801e-02
    endloop
  endfacet
  facet normal    9.540941e-01  -2.995070e-01   0.000000e+00
    outer loop
      vertex   8.200000e-01  -7.150000e-01  -2.200000e-02
      vertex   8.200000e-01  -7.150000e-01   4.733333e-02
      vertex   8.020591e-01  -7.721516e-01   1.295666e-02
    endloop
  endfacet
  facet normal    9.537969e-01   3.004520e-01   3.376428e-04
    outer loop
      vertex   8.019235e-01  -6.576543e-01   1.243801e-02
      vertex   8.200000e-01  -7.150000e-01  -2.200000e-02
      vertex   8.019681e-01  -6.577180e-01  -5.677078e-02
    endloop
  endfacet
  facet normal    9.542860e-01  -2.988929e-01   1.102405e-03
    outer loop
      vertex   8.022031e-01  -7.719443e-01  -5.547617e-02
      vertex   8.200000e-01  -7.150000e-01  -2.200000e-02
      vertex   8.020591e-01  -7.721516e-01   1.295666e-02
    endloop
  endfacet
  facet normal    9.539758e-01  -2.998837e-01   0.000000e+00
    outer loop
      vertex   8.200000e-01  -7.150000e-01   4.733333e-02
      vertex   8.200000e-01  -7.150000e-01   1.166667e-01
      vertex   8.020140e-01  -7.722164e-01   8.206822e-02
    endloop
  endfacet
  facet normal    9.533287e-01   3.019343e-01   0.000000e+00
    outer loop
      vertex   8.200000e-01  -7.150000e-01   1.166667e-01
      vertex   8.200000e-01  -7.150000e-01   4.733333e-02
      vertex   8.017671e-01  -6.574315e-01   8.180299e-02
    endloop
  endfacet
  facet normal    9.540352e-01  -2.996945e-01   3.424860e-04
    outer loop
      vertex   8.200000e-01  -7.150000e-01   4.733333e-02
      vertex   8.020140e-01  -7.722164e-01   8.206822e-02
      vertex   8.020591e-01  -7.721516e-01   1.295666e-02
    endloop
  endfacet
  facet normal    9.535316e-01   3.012906e-01   1.182385e-03
    outer loop
      vertex   8.200000e-01  -7.150000e-01   4.733333e-02
      vertex   8.019235e-01  -6.576543e-01   1.243801e-02
      vertex   8.017671e-01  -6.574315e-01   8.180299e-02
    endloop
  endfacet
  facet normal    9.536826e-01   3.008146e-01   0.000000e+00
    outer loop
      vertex   8.200000e-01  -7.150000e-01   1.860000e-01
      vertex   8.200000e-01  -7.150000e-01   1.166667e-01
      vertex   8.019021e-01  -6.576237e-01   1.510670e-01
    endloop
  endfacet
  facet normal    9.538693e-01  -3.002221e-01   0.000000e+00
    outer loop
      vertex   8.200000e-01  -7.150000e-01   1.166667e-01
      vertex   8.200000e-01  -7.150000e-01   1.860000e-01
      vertex   8.019733e-01  -7.722745e-01   1.513333e-01
    endloop
  endfacet
  facet normal    9.539225e-01  -3.000528e-01   3.073760e-04
    outer loop
      vertex   8.020140e-01  -7.722164e-01   8.206822e-02
      vertex   8.200000e-01  -7.150000e-01   1.166667e-01
      vertex   8.019733e-01  -7.722745e-01   1.513333e-01
    endloop
  endfacet
  facet normal    9.535062e-01   3.013716e-01  -1.021953e-03
    outer loop
      vertex   8.019021e-01  -6.576237e-01   1.510670e-01
      vertex   8.200000e-01  -7.150000e-01   1.166667e-01
      vertex   8.017671e-01  -6.574315e-01   8.180299e-02
    endloop
  endfacet
  facet normal    9.539304e-01  -3.000279e-01   0.000000e+00
    outer loop
      vertex   8.200000e-01  -7.150000e-01   1.860000e-01
      vertex   8.200000e-01  -7.150000e-01   2.553333e-01
      vertex   8.019967e-01  -7.722412e-01   2.206673e-01
    endloop
  endfacet
  facet normal    9.540502e-01   2.996467e-01   0.000000e+00
    outer loop
      vertex   8.200000e-01  -7.150000e-01   2.553333e-01
      vertex   8.200000e-01  -7.150000e-01   1.860000e-01
      vertex   8.020424e-01  -6.578244e-01   2.204673e-01
    endloop
  endfacet
  facet normal    9.538670e-01   3.002277e-01  -1.059369e-03
    outer loop
      vertex   8.200000e-01  -7.150000e-01   1.860000e-01
      vertex   8.019021e-01  -6.576237e-01   1.510670e-01
      vertex   8.020424e-01  -6.578244e-01   2.204673e-01
    endloop
  endfacet
  facet normal    9.538998e-01  -3.001251e-01  -1.762782e-04
    outer loop
      vertex   8.019733e-01  -7.722745e-01   1.513333e-01
      vertex   8.200000e-01  -7.150000e-01   1.860000e-01
      vertex   8.019967e-01  -7.722412e-01   2.206673e-01
    endloop
  endfacet
  facet normal    9.539688e-01  -2.999058e-01   0.000000e+00
    outer loop
      vertex   8.200000e-01  -7.150000e-01   2.553333e-01
      vertex   8.200000e-01  -7.150000e-01   3.246667e-01
      vertex   8.020113e-01  -7.722201e-01   2.899375e-01
    endloop
  endfacet
  facet normal    9.538693e-01   3.002221e-01   0.000000e+00
    outer loop
      vertex   8.200000e-01  -7.150000e-01   3.246667e-01
      vertex   8.200000e-01  -7.150000e-01   2.553333e-01
      vertex   8.019733e-01  -6.577255e-01   2.900000e-01
    endloop
  endfacet
  facet normal    9.539496e-01  -2.999668e-01  -1.109047e-04
    outer loop
      vertex   8.200000e-01  -7.150000e-01   2.553333e-01
      vertex   8.020113e-01  -7.722201e-01   2.899375e-01
      vertex   8.019967e-01  -7.722412e-01   2.206673e-01
    endloop
  endfacet
  facet normal    9.539593e-01   2.999355e-01   5.204219e-04
    outer loop
      vertex   8.019733e-01  -6.577255e-01   2.900000e-01
      vertex   8.200000e-01  -7.150000e-01   2.553333e-01
      vertex   8.020424e-01  -6.578244e-01   2.204673e-01
    endloop
  endfacet
  facet normal    9.538693e-01  -3.002221e-01   0.000000e+00
    outer loop
      vertex   8.200000e-01  -7.150000e-01   3.246667e-01
      vertex   8.200000e-01  -7.150000e-01   3.940000e-01
      vertex   8.019733e-01  -7.722745e-01   3.593333e-01
    endloop
  endfacet
  facet normal    9.527461e-01   3.037677e-01   0.000000e+00
    outer loop
      vertex   8.200000e-01  -7.150000e-01   3.940000e-01
      vertex   8.200000e-01  -7.150000e-01   3.246667e-01
      vertex   8.015450e-01  -6.571173e-01   3.595306e-01
    endloop
  endfacet
  facet normal    9.539190e-01  -3.000642e-01   2.868250e-04
    outer loop
      vertex   8.020113e-01  -7.722201e-01   2.899375e-01
      vertex   8.200000e-01  -7.150000e-01   3.246667e-01
      vertex   8.019733e-01  -7.722745e-01   3.593333e-01
    endloop
  endfacet
  facet normal    9.533027e-01   3.019993e-01   3.230709e-03
    outer loop
      vertex   8.200000e-01  -7.150000e-01   3.246667e-01
      vertex   8.019733e-01  -6.577255e-01   2.900000e-01
      vertex   8.015450e-01  -6.571173e-01   3.595306e-01
    endloop
  endfacet
  facet normal    9.531532e-01   3.024880e-01   0.000000e+00
    outer loop
      vertex   8.200000e-01  -7.150000e-01   4.633333e-01
      vertex   8.200000e-01  -7.150000e-01   3.940000e-01
      vertex   8.017002e-01  -6.573365e-01   4.290062e-01
    endloop
  endfacet
  facet normal    9.540117e-01  -2.997694e-01   0.000000e+00
    outer loop
      vertex   8.200000e-01  -7.150000e-01   3.940000e-01
      vertex   8.200000e-01  -7.150000e-01   4.633333e-01
      vertex   8.020277e-01  -7.721967e-01   4.286623e-01
    endloop
  endfacet
  facet normal    9.529472e-01   3.031340e-01  -1.171791e-03
    outer loop
      vertex   8.017002e-01  -6.573365e-01   4.290062e-01
      vertex   8.200000e-01  -7.150000e-01   3.940000e-01
      vertex   8.015450e-01  -6.571173e-01   3.595306e-01
    endloop
  endfacet
  facet normal    9.539404e-01  -2.999959e-01  -4.107168e-04
    outer loop
      vertex   8.019733e-01  -7.722745e-01   3.593333e-01
      vertex   8.200000e-01  -7.150000e-01   3.940000e-01
      vertex   8.020277e-01  -7.721967e-01   4.286623e-01
    endloop
  endfacet
  facet normal    9.541373e-01  -2.993694e-01   0.000000e+00
    outer loop
      vertex   8.200000e-01  -7.150000e-01   4.633333e-01
      vertex   8.200000e-01  -7.150000e-01   5.326667e-01
      vertex   8.020756e-01  -7.721279e-01   4.978695e-01
    endloop
  endfacet
  facet normal    9.533287e-01   3.019343e-01   0.000000e+00
    outer loop
      vertex   8.200000e-01  -7.150000e-01   5.326667e-01
      vertex   8.200000e-01  -7.150000e-01   4.633333e-01
      vertex   8.017671e-01  -6.574315e-01   4.981970e-01
    endloop
  endfacet
  facet normal    9.540745e-01  -2.995692e-01  -3.629367e-04
    outer loop
      vertex   8.200000e-01  -7.150000e-01   4.633333e-01
      vertex   8.020756e-01  -7.721279e-01   4.978695e-01
      vertex   8.020277e-01  -7.721967e-01   4.286623e-01
    endloop
  endfacet
  facet normal    9.532401e-01   3.022136e-01  -5.074150e-04
    outer loop
      vertex   8.200000e-01  -7.150000e-01   4.633333e-01
      vertex   8.017002e-01  -6.573365e-01   4.290062e-01
      vertex   8.017671e-01  -6.574315e-01   4.981970e-01
    endloop
  endfacet
  facet normal    9.537388e-01   3.006364e-01   0.000000e+00
    outer loop
      vertex   8.200000e-01  -7.150000e-01   6.020000e-01
      vertex   8.200000e-01  -7.150000e-01   5.326667e-01
      vertex   8.019235e-01  -6.576543e-01   5.675620e-01
    endloop
  endfacet
  facet normal    9.541083e-01  -2.994617e-01   0.000000e+00
    outer loop
      vertex   8.200000e-01  -7.150000e-01   5.326667e-01
      vertex   8.200000e-01  -7.150000e-01   6.020000e-01
      vertex   8.020645e-01  -7.721438e-01   5.670500e-01
    endloop
  endfacet
  facet normal    9.541227e-01  -2.994159e-01   8.372854e-05
    outer loop
      vertex   8.020756e-01  -7.721279e-01   4.978695e-01
      vertex   8.200000e-01  -7.150000e-01   5.326667e-01
      vertex   8.020645e-01  -7.721438e-01   5.670500e-01
    endloop
  endfacet
  facet normal    9.535316e-01   3.012906e-01  -1.182385e-03
    outer loop
      vertex   8.019235e-01  -6.576543e-01   5.675620e-01
      vertex   8.200000e-01  -7.150000e-01   5.326667e-01
      vertex   8.017671e-01  -6.574315e-01   4.981970e-01
    endloop
  endfacet
  facet normal    9.543073e-01  -2.988271e-01   0.000000e+00
    outer loop
      vertex   8.200000e-01  -7.150000e-01   6.020000e-01
      vertex   8.200000e-01  -7.150000e-01   6.713333e-01
      vertex   8.021405e-01  -7.720346e-01   6.358084e-01
    endloop
  endfacet
  facet normal    9.540502e-01   2.996467e-01   0.000000e+00
    outer loop
      vertex   8.200000e-01  -7.150000e-01   6.713333e-01
      vertex   8.200000e-01  -7.150000e-01   6.020000e-01
      vertex   8.020424e-01  -6.578244e-01   6.368660e-01
    endloop
  endfacet
  facet normal    9.538931e-01   3.001454e-01  -8.987272e-04
    outer loop
      vertex   8.200000e-01  -7.150000e-01   6.020000e-01
      vertex   8.019235e-01  -6.576543e-01   5.675620e-01
      vertex   8.020424e-01  -6.578244e-01   6.368660e-01
    endloop
  endfacet
  facet normal    9.542092e-01  -2.991394e-01  -5.787400e-04
    outer loop
      vertex   8.200000e-01  -7.150000e-01   6.020000e-01
      vertex   8.021405e-01  -7.720346e-01   6.358084e-01
      vertex   8.020645e-01  -7.721438e-01   5.670500e-01
    endloop
  endfacet
  facet normal    9.538693e-01   3.002221e-01   0.000000e+00
    outer loop
      vertex   8.200000e-01  -7.150000e-01   7.406667e-01
      vertex   8.200000e-01  -7.150000e-01   6.713333e-01
      vertex   8.019733e-01  -6.577255e-01   7.060000e-01
    endloop
  endfacet
  facet normal    9.565457e-01  -2.915826e-01   0.000000e+00
    outer loop
      vertex   8.200000e-01  -7.150000e-01   6.713333e-01
      vertex   8.200000e-01  -7.150000e-01   7.406667e-01
      vertex   8.029959e-01  -7.707824e-01   7.030030e-01
    endloop
  endfacet
  facet normal    9.554626e-01  -2.950369e-01  -6.665908e-03
    outer loop
      vertex   8.021405e-01  -7.720346e-01   6.358084e-01
      vertex   8.200000e-01  -7.150000e-01   6.713333e-01
      vertex   8.029959e-01  -7.707824e-01   7.030030e-01
    endloop
  endfacet
  facet normal    9.539599e-01   2.999338e-01   5.234264e-04
    outer loop
      vertex   8.019733e-01  -6.577255e-01   7.060000e-01
      vertex   8.200000e-01  -7.150000e-01   6.713333e-01
      vertex   8.020424e-01  -6.578244e-01   6.368660e-01
    endloop
  endfacet
  facet normal    9.611323e-01   2.711992e-01  -5.172701e-02
    outer loop
      vertex   8.200000e-01  -7.150000e-01   7.406667e-01
      vertex   8.019733e-01  -6.577255e-01   7.060000e-01
      vertex   8.071519e-01  -6.659638e-01   7.590294e-01
    endloop
  endfacet
  facet normal    9.633569e-01  -2.647941e-01  -4.275052e-02
    outer loop
      vertex   8.029959e-01  -7.707824e-01   7.030030e-01
      vertex   8.200000e-01  -7.150000e-01   7.406667e-01
      vertex   8.075419e-01  -7.633365e-01   7.593240e-01
    endloop
  endfacet
  facet normal    4.980650e-01   8.626739e-01  -8.789139e-02
    outer loop
      vertex   7.966044e-01  -6.507212e-01  -2.300000e-01
      vertex   7.373648e-01  -6.165192e-01  -2.300000e-01
      vertex   7.672140e-01  -6.268476e-01  -1.622257e-01
    endloop
  endfacet
  facet normal    7.115731e-01   6.998672e-01   6.204573e-02
    outer loop
      vertex   7.966044e-01  -6.507212e-01  -2.300000e-01
      vertex   7.672140e-01  -6.268476e-01  -1.622257e-01
      vertex   8.071519e-01  -6.659638e-01  -1.790294e-01
    endloop
  endfacet
  facet normal   -1.727460e-01   9.796913e-01  -1.018024e-01
    outer loop
      vertex   7.373648e-01  -6.165192e-01  -2.300000e-01
      vertex   6.700000e-01  -6.283975e-01  -2.300000e-01
      vertex   7.026352e-01  -6.165192e-01  -1.710681e-01
    endloop
  endfacet
  facet normal    1.458567e-01   9.855645e-01   8.595608e-02
    outer loop
      vertex   7.373648e-01  -6.165192e-01  -2.300000e-01
      vertex   7.026352e-01  -6.165192e-01  -1.710681e-01
      vertex   7.672140e-01  -6.268476e-01  -1.622257e-01
    endloop
  endfacet
  facet normal   -7.630719e-01   6.402934e-01  -8.800936e-02
    outer loop
      vertex   6.700000e-01  -6.283975e-01  -2.300000e-01
      vertex   6.260307e-01  -6.807980e-01  -2.300000e-01
      vertex   6.434102e-01  -6.507038e-01  -1.617421e-01
    endloop
  endfacet
  facet normal   -4.864879e-01   8.685794e-01   9.433663e-02
    outer loop
      vertex   7.026352e-01  -6.165192e-01  -1.710681e-01
      vertex   6.700000e-01  -6.283975e-01  -2.300000e-01
      vertex   6.434102e-01  -6.507038e-01  -1.617421e-01
    endloop
  endfacet
  facet normal   -9.916229e-01   3.218882e-15  -1.291669e-01
    outer loop
      vertex   6.260307e-01  -6.807980e-01  -2.300000e-01
      vertex   6.260307e-01  -7.492020e-01  -2.300000e-01
      vertex   6.200000e-01  -7.150000e-01  -1.837016e-01
    endloop
  endfacet
  facet normal   -9.454516e-01   3.084708e-01   1.047240e-01
    outer loop
      vertex   6.434102e-01  -6.507038e-01  -1.617421e-01
      vertex   6.260307e-01  -6.807980e-01  -2.300000e-01
      vertex   6.200000e-01  -7.150000e-01  -1.837016e-01
    endloop
  endfacet
  facet normal   -7.633409e-01  -6.405191e-01  -8.394067e-02
    outer loop
      vertex   6.260307e-01  -7.492020e-01  -2.300000e-01
      vertex   6.700000e-01  -8.016025e-01  -2.300000e-01
      vertex   6.399198e-01  -7.748929e-01  -1.602671e-01
    endloop
  endfacet
  facet normal   -9.549586e-01  -2.841489e-01   8.551835e-02
    outer loop
      vertex   6.260307e-01  -7.492020e-01  -2.300000e-01
      vertex   6.399198e-01  -7.748929e-01  -1.602671e-01
      vertex   6.200000e-01  -7.150000e-01  -1.837016e-01
    endloop
  endfacet
  facet normal   -1.725086e-01  -9.783451e-01  -1.143751e-01
    outer loop
      vertex   6.700000e-01  -8.016025e-01  -2.300000e-01
      vertex   7.373648e-01  -8.134808e-01  -2.300000e-01
      vertex   7.026352e-01  -8.134808e-01  -1.776183e-01
    endloop
  endfacet
  facet normal   -4.973267e-01  -8.599280e-01   1.148477e-01
    outer loop
      vertex   6.399198e-01  -7.748929e-01  -1.602671e-01
      vertex   6.700000e-01  -8.016025e-01  -2.300000e-01
      vertex   7.026352e-01  -8.134808e-01  -1.776183e-01
    endloop
  endfacet
  facet normal    4.953839e-01  -8.580301e-01  -1.355700e-01
    outer loop
      vertex   7.373648e-01  -8.134808e-01  -2.300000e-01
      vertex   7.966044e-01  -7.792788e-01  -2.300000e-01
      vertex   7.699511e-01  -8.016308e-01  -1.859265e-01
    endloop
  endfacet
  facet normal    1.868448e-01  -9.745475e-01   1.238801e-01
    outer loop
      vertex   7.373648e-01  -8.134808e-01  -2.300000e-01
      vertex   7.699511e-01  -8.016308e-01  -1.859265e-01
      vertex   7.026352e-01  -8.134808e-01  -1.776183e-01
    endloop
  endfacet
  facet normal    7.059024e-01  -7.049009e-01   6.940042e-02
    outer loop
      vertex   7.699511e-01  -8.016308e-01  -1.859265e-01
      vertex   7.966044e-01  -7.792788e-01  -2.300000e-01
      vertex   8.075419e-01  -7.633365e-01  -1.793240e-01
    endloop
  endfacet
  facet normal    6.084244e-01  -7.936119e-01   1.118738e-04
    outer loop
      vertex   8.019967e-01  -7.722412e-01   2.206673e-01
      vertex   8.020113e-01  -7.722201e-01   2.899375e-01
      vertex   7.539765e-01  -8.090510e-01   2.552865e-01
    endloop
  endfacet
  facet normal    6.089902e-01  -7.931777e-01  -2.884026e-04
    outer loop
      vertex   8.020113e-01  -7.722201e-01   2.899375e-01
      vertex   8.019733e-01  -7.722745e-01   3.593333e-01
      vertex   7.541300e-01  -8.089954e-01   3.249359e-01
    endloop
  endfacet
  facet normal    6.087969e-01  -7.933258e-01  -7.085607e-04
    outer loop
      vertex   8.020113e-01  -7.722201e-01   2.899375e-01
      vertex   7.541300e-01  -8.089954e-01   3.249359e-01
      vertex   7.539765e-01  -8.090510e-01   2.552865e-01
    endloop
  endfacet
  facet normal    6.116096e-01  -7.911597e-01  -3.420303e-04
    outer loop
      vertex   8.020591e-01  -7.721516e-01   1.295666e-02
      vertex   8.020140e-01  -7.722164e-01   8.206822e-02
      vertex   7.546779e-01  -8.087947e-01   4.735720e-02
    endloop
  endfacet
  facet normal    6.113668e-01  -7.913473e-01   1.867373e-04
    outer loop
      vertex   7.546779e-01  -8.087947e-01   4.735720e-02
      vertex   8.020140e-01  -7.722164e-01   8.206822e-02
      vertex   7.546374e-01  -8.088097e-01   1.166521e-01
    endloop
  endfacet
  facet normal    6.111413e-01  -7.915215e-01  -3.064476e-04
    outer loop
      vertex   7.546374e-01  -8.088097e-01   1.166521e-01
      vertex   8.020140e-01  -7.722164e-01   8.206822e-02
      vertex   8.019733e-01  -7.722745e-01   1.513333e-01
    endloop
  endfacet
  facet normal    6.116726e-01  -7.911110e-01  -8.383078e-05
    outer loop
      vertex   8.020756e-01  -7.721279e-01   4.978695e-01
      vertex   8.020645e-01  -7.721438e-01   5.670500e-01
      vertex   7.546381e-01  -8.088094e-01   5.325971e-01
    endloop
  endfacet
  facet normal    6.115559e-01  -7.912012e-01  -3.386670e-04
    outer loop
      vertex   8.020756e-01  -7.721279e-01   4.978695e-01
      vertex   7.546381e-01  -8.088094e-01   5.325971e-01
      vertex   7.545650e-01  -8.088364e-01   4.635695e-01
    endloop
  endfacet
  facet normal    6.112384e-01  -7.914464e-01   3.634540e-04
    outer loop
      vertex   8.020756e-01  -7.721279e-01   4.978695e-01
      vertex   7.545650e-01  -8.088364e-01   4.635695e-01
      vertex   8.020277e-01  -7.721967e-01   4.286623e-01
    endloop
  endfacet
  facet normal    6.103225e-01   7.921529e-01  -3.363920e-04
    outer loop
      vertex   8.019235e-01  -6.576543e-01   1.243801e-02
      vertex   8.019681e-01  -6.577180e-01  -5.677078e-02
      vertex   7.545217e-01  -6.211477e-01  -2.220021e-02
    endloop
  endfacet
  facet normal    6.097943e-01   7.925593e-01   8.147160e-04
    outer loop
      vertex   8.019235e-01  -6.576543e-01   1.243801e-02
      vertex   7.545217e-01  -6.211477e-01  -2.220021e-02
      vertex   7.543452e-01  -6.210830e-01   4.692472e-02
    endloop
  endfacet
  facet normal    6.088875e-01   7.932557e-01  -1.174983e-03
    outer loop
      vertex   8.019235e-01  -6.576543e-01   1.243801e-02
      vertex   7.543452e-01  -6.210830e-01   4.692472e-02
      vertex   8.017671e-01  -6.574315e-01   8.180299e-02
    endloop
  endfacet
  facet normal    6.108631e-01   7.917357e-01   8.962318e-04
    outer loop
      vertex   8.020424e-01  -6.578244e-01   6.368660e-01
      vertex   8.019235e-01  -6.576543e-01   5.675620e-01
      vertex   7.545889e-01  -6.211724e-01   6.021988e-01
    endloop
  endfacet
  facet normal    6.099556e-01   7.924348e-01  -1.080340e-03
    outer loop
      vertex   7.545889e-01  -6.211724e-01   6.021988e-01
      vertex   8.019235e-01  -6.576543e-01   5.675620e-01
      vertex   7.543546e-01  -6.210864e-01   5.330467e-01
    endloop
  endfacet
  facet normal    6.089270e-01   7.932254e-01   1.174796e-03
    outer loop
      vertex   7.543546e-01  -6.210864e-01   5.330467e-01
      vertex   8.019235e-01  -6.576543e-01   5.675620e-01
      vertex   8.017671e-01  -6.574315e-01   4.981970e-01
    endloop
  endfacet
  facet normal   -9.692666e-01  -2.398378e-01  -5.477286e-02
    outer loop
      vertex   6.204711e-01  -7.053046e-01  -1.208120e-01
      vertex   6.399198e-01  -7.748929e-01  -1.602671e-01
      vertex   6.329688e-01  -7.642500e-01  -8.386359e-02
    endloop
  endfacet
  facet normal   -9.535780e-01  -2.964724e-01   5.284903e-02
    outer loop
      vertex   6.399198e-01  -7.748929e-01  -1.602671e-01
      vertex   6.204711e-01  -7.053046e-01  -1.208120e-01
      vertex   6.200000e-01  -7.150000e-01  -1.837016e-01
    endloop
  endfacet
  facet normal   -6.425408e-01  -7.647421e-01   4.807045e-02
    outer loop
      vertex   6.329688e-01  -7.642500e-01  -8.386359e-02
      vertex   6.399198e-01  -7.748929e-01  -1.602671e-01
      vertex   6.825835e-01  -8.077362e-01  -1.124931e-01
    endloop
  endfacet
  facet normal   -5.402368e-01  -8.364073e-01  -9.255815e-02
    outer loop
      vertex   6.825835e-01  -8.077362e-01  -1.124931e-01
      vertex   6.399198e-01  -7.748929e-01  -1.602671e-01
      vertex   7.026352e-01  -8.134808e-01  -1.776183e-01
    endloop
  endfacet
  facet normal   -5.279300e-01  -8.492863e-01   1.639776e-03
    outer loop
      vertex   6.433956e-01  -7.792788e-01   7.510681e-01
      vertex   6.436591e-01  -7.795915e-01   6.739311e-01
      vertex   6.959982e-01  -8.120769e-01   6.995786e-01
    endloop
  endfacet
  facet normal   -9.260310e-01  -3.774439e-01  -1.633139e-03
    outer loop
      vertex   6.436591e-01  -7.795915e-01   6.739311e-01
      vertex   6.433956e-01  -7.792788e-01   7.510681e-01
      vertex   6.202719e-01  -7.223694e-01   7.101192e-01
    endloop
  endfacet
  facet normal   -5.049406e-01  -8.625020e-01   3.354447e-02
    outer loop
      vertex   6.433956e-01  -7.792788e-01   7.510681e-01
      vertex   6.959982e-01  -8.120769e-01   6.995786e-01
      vertex   7.026352e-01  -8.134808e-01   7.633857e-01
    endloop
  endfacet
  facet normal   -9.357489e-01  -3.501890e-01   4.173247e-02
    outer loop
      vertex   6.202719e-01  -7.223694e-01   7.101192e-01
      vertex   6.433956e-01  -7.792788e-01   7.510681e-01
      vertex   6.200000e-01  -7.150000e-01   7.658611e-01
    endloop
  endfacet
  facet normal    6.072604e-01   7.945027e-01   5.028619e-04
    outer loop
      vertex   8.017671e-01  -6.574315e-01   4.981970e-01
      vertex   8.017002e-01  -6.573365e-01   4.290062e-01
      vertex   7.541431e-01  -6.210093e-01   4.637597e-01
    endloop
  endfacet
  facet normal    6.067009e-01   7.949299e-01  -7.093912e-04
    outer loop
      vertex   7.541431e-01  -6.210093e-01   4.637597e-01
      vertex   8.017002e-01  -6.573365e-01   4.290062e-01
      vertex   7.539892e-01  -6.209535e-01   3.945954e-01
    endloop
  endfacet
  facet normal    6.058493e-01   7.955786e-01   1.157229e-03
    outer loop
      vertex   7.539892e-01  -6.209535e-01   3.945954e-01
      vertex   8.017002e-01  -6.573365e-01   4.290062e-01
      vertex   8.015450e-01  -6.571173e-01   3.595306e-01
    endloop
  endfacet
  facet normal    6.070092e-01   7.946942e-01   1.022276e-03
    outer loop
      vertex   8.019021e-01  -6.576237e-01   1.510670e-01
      vertex   8.017671e-01  -6.574315e-01   8.180299e-02
      vertex   7.539217e-01  -6.209292e-01   1.155050e-01
    endloop
  endfacet
  facet normal    6.101398e-01   7.922931e-01   1.058536e-03
    outer loop
      vertex   8.020424e-01  -6.578244e-01   2.204673e-01
      vertex   8.019021e-01  -6.576237e-01   1.510670e-01
      vertex   7.544394e-01  -6.211175e-01   1.844160e-01
    endloop
  endfacet
  facet normal    6.086094e-01   7.934663e-01  -2.403762e-03
    outer loop
      vertex   8.019021e-01  -6.576237e-01   1.510670e-01
      vertex   7.539217e-01  -6.209292e-01   1.155050e-01
      vertex   7.544394e-01  -6.211175e-01   1.844160e-01
    endloop
  endfacet
  facet normal    6.087691e-01   7.933410e-01  -3.189220e-03
    outer loop
      vertex   8.015450e-01  -6.571173e-01   3.595306e-01
      vertex   8.019733e-01  -6.577255e-01   2.900000e-01
      vertex   7.544621e-01  -6.211258e-01   3.253164e-01
    endloop
  endfacet
  facet normal    6.107752e-01   7.918039e-01  -5.202339e-04
    outer loop
      vertex   8.019733e-01  -6.577255e-01   2.900000e-01
      vertex   8.020424e-01  -6.578244e-01   2.204673e-01
      vertex   7.545268e-01  -6.211496e-01   2.549381e-01
    endloop
  endfacet
  facet normal    6.103980e-01   7.920948e-01   2.936532e-04
    outer loop
      vertex   7.544621e-01  -6.211258e-01   3.253164e-01
      vertex   8.019733e-01  -6.577255e-01   2.900000e-01
      vertex   7.545268e-01  -6.211496e-01   2.549381e-01
    endloop
  endfacet
  facet normal    1.643334e-01   9.851645e-01  -4.945137e-02
    outer loop
      vertex   7.026352e-01  -6.165192e-01  -1.710681e-01
      vertex   7.546418e-01  -6.211920e-01  -9.133336e-02
      vertex   7.672140e-01  -6.268476e-01  -1.622257e-01
    endloop
  endfacet
  facet normal    1.120596e-02   9.986248e-01   5.121411e-02
    outer loop
      vertex   7.546418e-01  -6.211920e-01  -9.133336e-02
      vertex   7.026352e-01  -6.165192e-01  -1.710681e-01
      vertex   6.898015e-01  -6.196687e-01  -1.068478e-01
    endloop
  endfacet
  facet normal   -5.059756e-01   8.605337e-01  -5.891079e-02
    outer loop
      vertex   7.026352e-01  -6.165192e-01  -1.710681e-01
      vertex   6.434102e-01  -6.507038e-01  -1.617421e-01
      vertex   6.898015e-01  -6.196687e-01  -1.068478e-01
    endloop
  endfacet
  facet normal   -5.350736e-01   8.422530e-01   6.562046e-02
    outer loop
      vertex   6.396133e-01  -6.555190e-01   7.377550e-01
      vertex   7.026352e-01  -6.165192e-01   7.510681e-01
      vertex   6.896525e-01  -6.197161e-01   6.862387e-01
    endloop
  endfacet
  facet normal    1.643983e-01   9.851694e-01   4.913683e-02
    outer loop
      vertex   7.547341e-01  -6.212261e-01   6.711301e-01
      vertex   7.026352e-01  -6.165192e-01   7.510681e-01
      vertex   7.672156e-01  -6.268485e-01   7.420967e-01
    endloop
  endfacet
  facet normal    1.121694e-02   9.986106e-01  -5.148909e-02
    outer loop
      vertex   7.026352e-01  -6.165192e-01   7.510681e-01
      vertex   7.547341e-01  -6.212261e-01   6.711301e-01
      vertex   6.896525e-01  -6.197161e-01   6.862387e-01
    endloop
  endfacet
  facet normal    6.090909e-01  -7.930996e-01  -1.120813e-03
    outer loop
      vertex   8.022031e-01  -7.719443e-01  -5.547617e-02
      vertex   8.020591e-01  -7.721516e-01   1.295666e-02
      vertex   7.539253e-01  -8.090695e-01  -2.116837e-02
    endloop
  endfacet
  facet normal    6.077105e-01  -7.941475e-01  -4.197219e-03
    outer loop
      vertex   8.022031e-01  -7.719443e-01  -5.547617e-02
      vertex   7.539253e-01  -8.090695e-01  -2.116837e-02
      vertex   7.531499e-01  -8.093455e-01  -8.120759e-02
    endloop
  endfacet
  facet normal    6.084689e-01  -7.935510e-01  -6.509966e-03
    outer loop
      vertex   8.022031e-01  -7.719443e-01  -5.547617e-02
      vertex   7.531499e-01  -8.093455e-01  -8.120759e-02
      vertex   8.029959e-01  -7.707824e-01  -1.230030e-01
    endloop
  endfacet
  facet normal    6.121361e-01  -7.907522e-01   5.799293e-04
    outer loop
      vertex   8.020645e-01  -7.721438e-01   5.670500e-01
      vertex   8.021405e-01  -7.720346e-01   6.358084e-01
      vertex   7.546945e-01  -8.087885e-01   6.014828e-01
    endloop
  endfacet
  facet normal    6.144457e-01  -7.889460e-01  -4.546539e-03
    outer loop
      vertex   7.546945e-01  -8.087885e-01   6.014828e-01
      vertex   8.021405e-01  -7.720346e-01   6.358084e-01
      vertex   7.556137e-01  -8.084434e-01   6.658128e-01
    endloop
  endfacet
  facet normal    6.189566e-01  -7.853961e-01   6.755914e-03
    outer loop
      vertex   7.556137e-01  -8.084434e-01   6.658128e-01
      vertex   8.021405e-01  -7.720346e-01   6.358084e-01
      vertex   8.029959e-01  -7.707824e-01   7.030030e-01
    endloop
  endfacet
  facet normal    7.161643e-01  -6.970858e-01  -3.435251e-02
    outer loop
      vertex   8.029959e-01  -7.707824e-01  -1.230030e-01
      vertex   7.699511e-01  -8.016308e-01  -1.859265e-01
      vertex   8.075419e-01  -7.633365e-01  -1.793240e-01
    endloop
  endfacet
  facet normal    5.004792e-01  -8.518027e-01   1.547667e-01
    outer loop
      vertex   7.699511e-01  -8.016308e-01  -1.859265e-01
      vertex   8.029959e-01  -7.707824e-01  -1.230030e-01
      vertex   7.337544e-01  -8.140496e-01  -1.372253e-01
    endloop
  endfacet
  facet normal    1.557722e-01  -9.786906e-01  -1.337899e-01
    outer loop
      vertex   7.026352e-01  -8.134808e-01  -1.776183e-01
      vertex   7.699511e-01  -8.016308e-01  -1.859265e-01
      vertex   7.337544e-01  -8.140496e-01  -1.372253e-01
    endloop
  endfacet
  facet normal    9.074322e-02  -9.944523e-01   5.320064e-02
    outer loop
      vertex   7.671722e-01  -8.031747e-01   7.445816e-01
      vertex   6.959982e-01  -8.120769e-01   6.995786e-01
      vertex   7.556137e-01  -8.084434e-01   6.658128e-01
    endloop
  endfacet
  facet normal    1.470518e-01  -9.884349e-01  -3.704380e-02
    outer loop
      vertex   6.959982e-01  -8.120769e-01   6.995786e-01
      vertex   7.671722e-01  -8.031747e-01   7.445816e-01
      vertex   7.026352e-01  -8.134808e-01   7.633857e-01
    endloop
  endfacet
  facet normal    6.421303e-01  -7.653869e-01  -4.303101e-02
    outer loop
      vertex   7.671722e-01  -8.031747e-01   7.445816e-01
      vertex   7.556137e-01  -8.084434e-01   6.658128e-01
      vertex   8.029959e-01  -7.707824e-01   7.030030e-01
    endloop
  endfacet
  facet normal    6.946426e-01  -7.183027e-01   3.889461e-02
    outer loop
      vertex   7.671722e-01  -8.031747e-01   7.445816e-01
      vertex   8.029959e-01  -7.707824e-01   7.030030e-01
      vertex   8.075419e-01  -7.633365e-01   7.593240e-01
    endloop
  endfacet
  facet normal    6.116495e-01   7.911287e-01  -5.213951e-04
    outer loop
      vertex   8.019733e-01  -6.577255e-01   7.060000e-01
      vertex   8.020424e-01  -6.578244e-01   6.368660e-01
      vertex   7.547341e-01  -6.212261e-01   6.711301e-01
    endloop
  endfacet
  facet normal    6.336092e-01   7.720180e-01  -5.027469e-02
    outer loop
      vertex   8.019733e-01  -6.577255e-01   7.060000e-01
      vertex   7.547341e-01  -6.212261e-01   6.711301e-01
      vertex   7.672156e-01  -6.268485e-01   7.420967e-01
    endloop
  endfacet
  facet normal    6.892027e-01   7.231671e-01   4.504360e-02
    outer loop
      vertex   8.019733e-01  -6.577255e-01   7.060000e-01
      vertex   7.672156e-01  -6.268485e-01   7.420967e-01
      vertex   8.071519e-01  -6.659638e-01   7.590294e-01
    endloop
  endfacet
  facet normal    6.110014e-01   7.916295e-01  -3.928871e-05
    outer loop
      vertex   8.019681e-01  -6.577180e-01  -5.677078e-02
      vertex   8.019733e-01  -6.577255e-01  -1.260000e-01
      vertex   7.546418e-01  -6.211920e-01  -9.133336e-02
    endloop
  endfacet
  facet normal    6.332335e-01   7.722993e-01   5.068617e-02
    outer loop
      vertex   7.546418e-01  -6.211920e-01  -9.133336e-02
      vertex   8.019733e-01  -6.577255e-01  -1.260000e-01
      vertex   7.672140e-01  -6.268476e-01  -1.622257e-01
    endloop
  endfacet
  facet normal    6.892762e-01   7.230982e-01  -4.502572e-02
    outer loop
      vertex   7.672140e-01  -6.268476e-01  -1.622257e-01
      vertex   8.019733e-01  -6.577255e-01  -1.260000e-01
      vertex   8.071519e-01  -6.659638e-01  -1.790294e-01
    endloop
  endfacet
  facet normal    6.117535e-01  -7.910484e-01  -2.616448e-04
    outer loop
      vertex   7.546381e-01  -8.088094e-01   5.325971e-01
      vertex   8.020645e-01  -7.721438e-01   5.670500e-01
      vertex   7.546945e-01  -8.087885e-01   6.014828e-01
    endloop
  endfacet
  facet normal    4.926390e-02  -9.987857e-01   3.379481e-04
    outer loop
      vertex   7.545650e-01  -8.088364e-01   4.635695e-01
      vertex   7.546381e-01  -8.088094e-01   5.325971e-01
      vertex   6.947992e-01  -8.117725e-01   4.981432e-01
    endloop
  endfacet
  facet normal    4.985849e-02  -9.987560e-01  -6.972816e-04
    outer loop
      vertex   6.947992e-01  -8.117725e-01   4.981432e-01
      vertex   7.546381e-01  -8.088094e-01   5.325971e-01
      vertex   6.949550e-01  -8.118130e-01   5.672035e-01
    endloop
  endfacet
  facet normal    5.041279e-02  -9.987284e-01   2.610724e-04
    outer loop
      vertex   6.949550e-01  -8.118130e-01   5.672035e-01
      vertex   7.546381e-01  -8.088094e-01   5.325971e-01
      vertex   7.546945e-01  -8.087885e-01   6.014828e-01
    endloop
  endfacet
  facet normal    4.702763e-02  -9.988873e-01  -3.536405e-03
    outer loop
      vertex   7.545650e-01  -8.088364e-01   4.635695e-01
      vertex   6.947992e-01  -8.117725e-01   4.981432e-01
      vertex   6.940156e-01  -8.115651e-01   4.291211e-01
    endloop
  endfacet
  facet normal    4.497880e-02  -9.989879e-01   7.274995e-05
    outer loop
      vertex   7.545650e-01  -8.088364e-01   4.635695e-01
      vertex   6.940156e-01  -8.115651e-01   4.291211e-01
      vertex   7.545493e-01  -8.088421e-01   3.941279e-01
    endloop
  endfacet
  facet normal    6.110378e-01  -7.916014e-01  -7.198742e-05
    outer loop
      vertex   7.545650e-01  -8.088364e-01   4.635695e-01
      vertex   7.545493e-01  -8.088421e-01   3.941279e-01
      vertex   8.020277e-01  -7.721967e-01   4.286623e-01
    endloop
  endfacet
  facet normal    6.101591e-01  -7.922711e-01  -3.523759e-03
    outer loop
      vertex   8.020591e-01  -7.721516e-01   1.295666e-02
      vertex   7.546779e-01  -8.087947e-01   4.735720e-02
      vertex   7.539253e-01  -8.090695e-01  -2.116837e-02
    endloop
  endfacet
  facet normal    5.014476e-02  -9.987419e-01  -1.866691e-04
    outer loop
      vertex   7.546779e-01  -8.087947e-01   4.735720e-02
      vertex   7.546374e-01  -8.088097e-01   1.166521e-01
      vertex   6.949120e-01  -8.118018e-01   8.178826e-02
    endloop
  endfacet
  facet normal    5.050723e-02  -9.987236e-01   4.441225e-04
    outer loop
      vertex   7.546779e-01  -8.087947e-01   4.735720e-02
      vertex   6.949120e-01  -8.118018e-01   8.178826e-02
      vertex   6.950114e-01  -8.118275e-01   1.273182e-02
    endloop
  endfacet
  facet normal    4.875517e-02  -9.988047e-01   3.470399e-03
    outer loop
      vertex   7.546779e-01  -8.087947e-01   4.735720e-02
      vertex   6.950114e-01  -8.118275e-01   1.273182e-02
      vertex   7.539253e-01  -8.090695e-01  -2.116837e-02
    endloop
  endfacet
  facet normal    4.974284e-02  -9.987619e-01   5.035817e-04
    outer loop
      vertex   6.949120e-01  -8.118018e-01   8.178826e-02
      vertex   7.546374e-01  -8.088097e-01   1.166521e-01
      vertex   6.947995e-01  -8.117726e-01   1.508740e-01
    endloop
  endfacet
  facet normal    4.936413e-02  -9.987808e-01  -1.602381e-04
    outer loop
      vertex   6.947995e-01  -8.117726e-01   1.508740e-01
      vertex   7.546374e-01  -8.088097e-01   1.166521e-01
      vertex   7.546026e-01  -8.088225e-01   1.860000e-01
    endloop
  endfacet
  facet normal    6.109272e-01  -7.916868e-01   1.600242e-04
    outer loop
      vertex   7.546374e-01  -8.088097e-01   1.166521e-01
      vertex   8.019733e-01  -7.722745e-01   1.513333e-01
      vertex   7.546026e-01  -8.088225e-01   1.860000e-01
    endloop
  endfacet
  facet normal    6.107296e-01   7.918390e-01   5.542988e-04
    outer loop
      vertex   7.545217e-01  -6.211477e-01  -2.220021e-02
      vertex   8.019681e-01  -6.577180e-01  -5.677078e-02
      vertex   7.546418e-01  -6.211920e-01  -9.133336e-02
    endloop
  endfacet
  facet normal    4.754402e-02   9.988688e-01  -8.139270e-04
    outer loop
      vertex   7.543452e-01  -6.210830e-01   4.692472e-02
      vertex   7.545217e-01  -6.211477e-01  -2.220021e-02
      vertex   6.946391e-01  -6.182693e-01   1.227948e-02
    endloop
  endfacet
  facet normal    4.690072e-02   9.988977e-01  -1.933579e-03
    outer loop
      vertex   6.946391e-01  -6.182693e-01   1.227948e-02
      vertex   7.545217e-01  -6.211477e-01  -2.220021e-02
      vertex   6.942332e-01  -6.183767e-01  -5.301947e-02
    endloop
  endfacet
  facet normal    4.619995e-02   9.989321e-01  -5.596371e-04
    outer loop
      vertex   6.942332e-01  -6.183767e-01  -5.301947e-02
      vertex   7.545217e-01  -6.211477e-01  -2.220021e-02
      vertex   7.546418e-01  -6.211920e-01  -9.133336e-02
    endloop
  endfacet
  facet normal    4.654316e-02   9.989159e-01   9.147259e-04
    outer loop
      vertex   7.543452e-01  -6.210830e-01   4.692472e-02
      vertex   6.946391e-01  -6.182693e-01   1.227948e-02
      vertex   6.944351e-01  -6.183230e-01   8.133000e-02
    endloop
  endfacet
  facet normal    4.489412e-02   9.989898e-01  -1.962695e-03
    outer loop
      vertex   7.543452e-01  -6.210830e-01   4.692472e-02
      vertex   6.944351e-01  -6.183230e-01   8.133000e-02
      vertex   7.539217e-01  -6.209292e-01   1.155050e-01
    endloop
  endfacet
  facet normal    6.074297e-01   7.943710e-01   1.969321e-03
    outer loop
      vertex   8.017671e-01  -6.574315e-01   8.180299e-02
      vertex   7.543452e-01  -6.210830e-01   4.692472e-02
      vertex   7.539217e-01  -6.209292e-01   1.155050e-01
    endloop
  endfacet
  facet normal    6.115810e-01   7.911815e-01  -6.723233e-04
    outer loop
      vertex   8.020424e-01  -6.578244e-01   6.368660e-01
      vertex   7.545889e-01  -6.211724e-01   6.021988e-01
      vertex   7.547341e-01  -6.212261e-01   6.711301e-01
    endloop
  endfacet
  facet normal    4.813550e-02   9.988402e-01   1.079367e-03
    outer loop
      vertex   7.545889e-01  -6.211724e-01   6.021988e-01
      vertex   7.543546e-01  -6.210864e-01   5.330467e-01
      vertex   6.947135e-01  -6.182498e-01   5.678477e-01
    endloop
  endfacet
  facet normal    4.785347e-02   9.988531e-01   1.572054e-03
    outer loop
      vertex   7.545889e-01  -6.211724e-01   6.021988e-01
      vertex   6.947135e-01  -6.182498e-01   5.678477e-01
      vertex   6.943835e-01  -6.183367e-01   6.330798e-01
    endloop
  endfacet
  facet normal    4.739574e-02   9.988760e-01   6.775663e-04
    outer loop
      vertex   7.545889e-01  -6.211724e-01   6.021988e-01
      vertex   6.943835e-01  -6.183367e-01   6.330798e-01
      vertex   7.547341e-01  -6.212261e-01   6.711301e-01
    endloop
  endfacet
  facet normal    6.079332e-01   7.939876e-01  -9.722703e-04
    outer loop
      vertex   7.543546e-01  -6.210864e-01   5.330467e-01
      vertex   8.017671e-01  -6.574315e-01   4.981970e-01
      vertex   7.541431e-01  -6.210093e-01   4.637597e-01
    endloop
  endfacet
  facet normal    4.553632e-02   9.989622e-01   9.726503e-04
    outer loop
      vertex   7.543546e-01  -6.210864e-01   5.330467e-01
      vertex   7.541431e-01  -6.210093e-01   4.637597e-01
      vertex   6.944401e-01  -6.183217e-01   4.985297e-01
    endloop
  endfacet
  facet normal    4.679682e-02   9.989037e-01  -1.220008e-03
    outer loop
      vertex   6.947135e-01  -6.182498e-01   5.678477e-01
      vertex   7.543546e-01  -6.210864e-01   5.330467e-01
      vertex   6.944401e-01  -6.183217e-01   4.985297e-01
    endloop
  endfacet
  facet normal    4.367146e-02   9.990457e-01   7.086043e-04
    outer loop
      vertex   7.541431e-01  -6.210093e-01   4.637597e-01
      vertex   7.539892e-01  -6.209535e-01   3.945954e-01
      vertex   6.942674e-01  -6.183675e-01   4.293026e-01
    endloop
  endfacet
  facet normal    4.452209e-02   9.990081e-01  -7.724100e-04
    outer loop
      vertex   7.541431e-01  -6.210093e-01   4.637597e-01
      vertex   6.942674e-01  -6.183675e-01   4.293026e-01
      vertex   6.944401e-01  -6.183217e-01   4.985297e-01
    endloop
  endfacet
  facet normal    4.333446e-02   9.990606e-01   1.276008e-04
    outer loop
      vertex   6.942674e-01  -6.183675e-01   4.293026e-01
      vertex   7.539892e-01  -6.209535e-01   3.945954e-01
      vertex   6.942960e-01  -6.183599e-01   3.599407e-01
    endloop
  endfacet
  facet normal    4.467095e-02   9.989994e-01  -2.179114e-03
    outer loop
      vertex   6.942960e-01  -6.183599e-01   3.599407e-01
      vertex   7.539892e-01  -6.209535e-01   3.945954e-01
      vertex   7.544621e-01  -6.211258e-01   3.253164e-01
    endloop
  endfacet
  facet normal    6.063171e-01   7.952200e-01   2.161588e-03
    outer loop
      vertex   7.539892e-01  -6.209535e-01   3.945954e-01
      vertex   8.015450e-01  -6.571173e-01   3.595306e-01
      vertex   7.544621e-01  -6.211258e-01   3.253164e-01
    endloop
  endfacet
  facet normal   -5.355547e-01   8.445005e-01  -1.282547e-04
    outer loop
      vertex   6.942674e-01  -6.183675e-01   4.293026e-01
      vertex   6.942960e-01  -6.183599e-01   3.599407e-01
      vertex   6.435527e-01  -6.505344e-01   3.945733e-01
    endloop
  endfacet
  facet normal   -5.360767e-01   8.441687e-01   9.413539e-04
    outer loop
      vertex   6.942674e-01  -6.183675e-01   4.293026e-01
      vertex   6.435527e-01  -6.505344e-01   3.945733e-01
      vertex   6.434134e-01  -6.507000e-01   4.637282e-01
    endloop
  endfacet
  facet normal   -5.361552e-01   8.441191e-01   7.788561e-04
    outer loop
      vertex   6.942674e-01  -6.183675e-01   4.293026e-01
      vertex   6.434134e-01  -6.507000e-01   4.637282e-01
      vertex   6.944401e-01  -6.183217e-01   4.985297e-01
    endloop
  endfacet
  facet normal   -5.308425e-01   8.474690e-01  -1.557227e-03
    outer loop
      vertex   6.943835e-01  -6.183367e-01   6.330798e-01
      vertex   6.947135e-01  -6.182498e-01   5.678477e-01
      vertex   6.441016e-01  -6.498891e-01   6.023209e-01
    endloop
  endfacet
  facet normal   -5.321333e-01   8.466501e-01  -4.203868e-03
    outer loop
      vertex   6.441016e-01  -6.498891e-01   6.023209e-01
      vertex   6.947135e-01  -6.182498e-01   5.678477e-01
      vertex   6.434768e-01  -6.506245e-01   5.332878e-01
    endloop
  endfacet
  facet normal   -5.347598e-01   8.450032e-01   1.232850e-03
    outer loop
      vertex   6.434768e-01  -6.506245e-01   5.332878e-01
      vertex   6.947135e-01  -6.182498e-01   5.678477e-01
      vertex   6.944401e-01  -6.183217e-01   4.985297e-01
    endloop
  endfacet
  facet normal   -5.354642e-01   8.445579e-01   5.765672e-05
    outer loop
      vertex   6.435527e-01  -6.505344e-01   3.945733e-01
      vertex   6.942960e-01  -6.183599e-01   3.599407e-01
      vertex   6.435613e-01  -6.505243e-01   3.253420e-01
    endloop
  endfacet
  facet normal   -5.332903e-01   8.459209e-01  -4.397080e-03
    outer loop
      vertex   6.435613e-01  -6.505243e-01   3.253420e-01
      vertex   6.942960e-01  -6.183599e-01   3.599407e-01
      vertex   6.952848e-01  -6.181023e-01   2.895769e-01
    endloop
  endfacet
  facet normal    4.841232e-02   9.988180e-01   4.336673e-03
    outer loop
      vertex   6.952848e-01  -6.181023e-01   2.895769e-01
      vertex   6.942960e-01  -6.183599e-01   3.599407e-01
      vertex   7.544621e-01  -6.211258e-01   3.253164e-01
    endloop
  endfacet
  facet normal   -5.390563e-01  -8.422621e-01   3.588559e-03
    outer loop
      vertex   6.940156e-01  -8.115651e-01   4.291211e-01
      vertex   6.947992e-01  -8.117725e-01   4.981432e-01
      vertex   6.429466e-01  -7.787399e-01   4.620957e-01
    endloop
  endfacet
  facet normal   -5.359452e-01  -8.442525e-01   7.147159e-04
    outer loop
      vertex   6.947992e-01  -8.117725e-01   4.981432e-01
      vertex   6.949550e-01  -8.118130e-01   5.672035e-01
      vertex   6.430975e-01  -7.789219e-01   5.330317e-01
    endloop
  endfacet
  facet normal   -5.367802e-01  -8.437215e-01  -1.022751e-03
    outer loop
      vertex   6.947992e-01  -8.117725e-01   4.981432e-01
      vertex   6.430975e-01  -7.789219e-01   5.330317e-01
      vertex   6.429466e-01  -7.787399e-01   4.620957e-01
    endloop
  endfacet
  facet normal    4.656404e-02  -9.989113e-01   2.820973e-03
    outer loop
      vertex   7.545493e-01  -8.088421e-01   3.941279e-01
      vertex   6.940156e-01  -8.115651e-01   4.291211e-01
      vertex   6.946395e-01  -8.117308e-01   3.601405e-01
    endloop
  endfacet
  facet normal   -6.109645e-01  -7.916497e-01  -3.623897e-03
    outer loop
      vertex   6.940156e-01  -8.115651e-01   4.291211e-01
      vertex   6.330126e-01  -7.643274e-01   3.946233e-01
      vertex   6.946395e-01  -8.117308e-01   3.601405e-01
    endloop
  endfacet
  facet normal   -5.782385e-01  -8.110950e-01  -8.812011e-02
    outer loop
      vertex   6.330126e-01  -7.643274e-01   3.946233e-01
      vertex   6.940156e-01  -8.115651e-01   4.291211e-01
      vertex   6.429466e-01  -7.787399e-01   4.620957e-01
    endloop
  endfacet
  facet normal   -5.317590e-01  -8.468566e-01  -8.144566e-03
    outer loop
      vertex   6.430975e-01  -7.789219e-01   5.330317e-01
      vertex   6.949550e-01  -8.118130e-01   5.672035e-01
      vertex   6.442943e-01  -7.803349e-01   6.018140e-01
    endloop
  endfacet
  facet normal   -5.276175e-01  -8.494820e-01   3.053749e-04
    outer loop
      vertex   6.442943e-01  -7.803349e-01   6.018140e-01
      vertex   6.949550e-01  -8.118130e-01   5.672035e-01
      vertex   6.950233e-01  -8.118306e-01   6.360816e-01
    endloop
  endfacet
  facet normal    5.073730e-02  -9.987120e-01  -3.059120e-04
    outer loop
      vertex   6.950233e-01  -8.118306e-01   6.360816e-01
      vertex   6.949550e-01  -8.118130e-01   5.672035e-01
      vertex   7.546945e-01  -8.087885e-01   6.014828e-01
    endloop
  endfacet
  facet normal   -9.552750e-01  -2.955308e-01   1.055030e-02
    outer loop
      vertex   6.430975e-01  -7.789219e-01   5.330317e-01
      vertex   6.442943e-01  -7.803349e-01   6.018140e-01
      vertex   6.205302e-01  -7.047160e-01   5.683033e-01
    endloop
  endfacet
  facet normal   -9.458064e-01  -3.182709e-01   6.445005e-02
    outer loop
      vertex   6.430975e-01  -7.789219e-01   5.330317e-01
      vertex   6.205302e-01  -7.047160e-01   5.683033e-01
      vertex   6.200378e-01  -7.177503e-01   4.967109e-01
    endloop
  endfacet
  facet normal   -9.359349e-01  -3.521713e-01   1.087658e-03
    outer loop
      vertex   6.430975e-01  -7.789219e-01   5.330317e-01
      vertex   6.200378e-01  -7.177503e-01   4.967109e-01
      vertex   6.429466e-01  -7.787399e-01   4.620957e-01
    endloop
  endfacet
  facet normal   -5.294525e-01  -8.483297e-01   4.081025e-03
    outer loop
      vertex   6.442943e-01  -7.803349e-01   6.018140e-01
      vertex   6.950233e-01  -8.118306e-01   6.360816e-01
      vertex   6.436591e-01  -7.795915e-01   6.739311e-01
    endloop
  endfacet
  facet normal   -9.550795e-01  -2.963012e-01  -5.358474e-03
    outer loop
      vertex   6.442943e-01  -7.803349e-01   6.018140e-01
      vertex   6.436591e-01  -7.795915e-01   6.739311e-01
      vertex   6.205569e-01  -7.044607e-01   6.371679e-01
    endloop
  endfacet
  facet normal   -9.541867e-01  -2.992083e-01   1.480003e-03
    outer loop
      vertex   6.442943e-01  -7.803349e-01   6.018140e-01
      vertex   6.205569e-01  -7.044607e-01   6.371679e-01
      vertex   6.205302e-01  -7.047160e-01   5.683033e-01
    endloop
  endfacet
  facet normal   -9.227364e-01   3.854316e-01  -5.763184e-05
    outer loop
      vertex   6.435527e-01  -6.505344e-01   3.945733e-01
      vertex   6.435613e-01  -6.505243e-01   3.253420e-01
      vertex   6.204111e-01  -7.059413e-01   3.597869e-01
    endloop
  endfacet
  facet normal   -9.232242e-01   3.842606e-01  -9.400442e-04
    outer loop
      vertex   6.434134e-01  -6.507000e-01   4.637282e-01
      vertex   6.435527e-01  -6.505344e-01   3.945733e-01
      vertex   6.203985e-01  -7.060813e-01   4.286529e-01
    endloop
  endfacet
  facet normal   -9.228860e-01   3.850728e-01   6.134529e-04
    outer loop
      vertex   6.435527e-01  -6.505344e-01   3.945733e-01
      vertex   6.204111e-01  -7.059413e-01   3.597869e-01
      vertex   6.203985e-01  -7.060813e-01   4.286529e-01
    endloop
  endfacet
  facet normal   -9.227105e-01   3.854937e-01   5.968150e-05
    outer loop
      vertex   6.204111e-01  -7.059413e-01   3.597869e-01
      vertex   6.435613e-01  -6.505243e-01   3.253420e-01
      vertex   6.204124e-01  -7.059276e-01   2.907694e-01
    endloop
  endfacet
  facet normal   -9.228377e-01   3.851884e-01   6.341046e-04
    outer loop
      vertex   6.204124e-01  -7.059276e-01   2.907694e-01
      vertex   6.435613e-01  -6.505243e-01   3.253420e-01
      vertex   6.434671e-01  -6.506360e-01   2.562331e-01
    endloop
  endfacet
  facet normal   -5.314350e-01   8.470988e-01  -6.461247e-04
    outer loop
      vertex   6.434671e-01  -6.506360e-01   2.562331e-01
      vertex   6.435613e-01  -6.505243e-01   3.253420e-01
      vertex   6.952848e-01  -6.181023e-01   2.895769e-01
    endloop
  endfacet
  facet normal   -9.441848e-01   3.294159e-01   5.037538e-04
    outer loop
      vertex   6.434134e-01  -6.507000e-01   4.637282e-01
      vertex   6.200378e-01  -7.177503e-01   4.967109e-01
      vertex   6.434768e-01  -6.506245e-01   5.332878e-01
    endloop
  endfacet
  facet normal   -9.339916e-01   3.529478e-01   5.556569e-02
    outer loop
      vertex   6.200378e-01  -7.177503e-01   4.967109e-01
      vertex   6.434134e-01  -6.507000e-01   4.637282e-01
      vertex   6.203985e-01  -7.060813e-01   4.286529e-01
    endloop
  endfacet
  facet normal   -5.355684e-01   8.444917e-01  -4.281011e-04
    outer loop
      vertex   6.434134e-01  -6.507000e-01   4.637282e-01
      vertex   6.434768e-01  -6.506245e-01   5.332878e-01
      vertex   6.944401e-01  -6.183217e-01   4.985297e-01
    endloop
  endfacet
  facet normal   -9.765749e-01  -2.151780e-01  -6.019153e-05
    outer loop
      vertex   6.204111e-01  -7.059413e-01   3.597869e-01
      vertex   6.204124e-01  -7.059276e-01   2.907694e-01
      vertex   6.334440e-01  -7.650804e-01   3.253720e-01
    endloop
  endfacet
  facet normal   -9.770192e-01  -2.131181e-01  -3.768194e-03
    outer loop
      vertex   6.204111e-01  -7.059413e-01   3.597869e-01
      vertex   6.334440e-01  -7.650804e-01   3.253720e-01
      vertex   6.330126e-01  -7.643274e-01   3.946233e-01
    endloop
  endfacet
  facet normal   -9.774170e-01  -2.113189e-01  -6.088856e-04
    outer loop
      vertex   6.204111e-01  -7.059413e-01   3.597869e-01
      vertex   6.330126e-01  -7.643274e-01   3.946233e-01
      vertex   6.203985e-01  -7.060813e-01   4.286529e-01
    endloop
  endfacet
  facet normal   -9.229960e-01   3.848096e-01  -7.801237e-05
    outer loop
      vertex   6.204124e-01  -7.059276e-01   2.907694e-01
      vertex   6.434671e-01  -6.506360e-01   2.562331e-01
      vertex   6.204108e-01  -7.059455e-01   2.217150e-01
    endloop
  endfacet
  facet normal   -9.769777e-01  -2.133165e-01   3.273716e-03
    outer loop
      vertex   6.334440e-01  -7.650804e-01   3.253720e-01
      vertex   6.204124e-01  -7.059276e-01   2.907694e-01
      vertex   6.330705e-01  -7.644294e-01   2.563514e-01
    endloop
  endfacet
  facet normal   -9.773733e-01  -2.115219e-01   7.792482e-05
    outer loop
      vertex   6.204124e-01  -7.059276e-01   2.907694e-01
      vertex   6.204108e-01  -7.059455e-01   2.217150e-01
      vertex   6.330705e-01  -7.644294e-01   2.563514e-01
    endloop
  endfacet
  facet normal   -9.241835e-01   3.819111e-01   5.359638e-03
    outer loop
      vertex   6.204108e-01  -7.059455e-01   2.217150e-01
      vertex   6.434671e-01  -6.506360e-01   2.562331e-01
      vertex   6.426659e-01  -6.516010e-01   1.868303e-01
    endloop
  endfacet
  facet normal   -5.364070e-01   8.439413e-01  -5.541161e-03
    outer loop
      vertex   6.426659e-01  -6.516010e-01   1.868303e-01
      vertex   6.434671e-01  -6.506360e-01   2.562331e-01
      vertex   6.948470e-01  -6.182150e-01   2.202995e-01
    endloop
  endfacet
  facet normal   -5.326500e-01   8.463333e-01   1.988922e-03
    outer loop
      vertex   6.948470e-01  -6.182150e-01   2.202995e-01
      vertex   6.434671e-01  -6.506360e-01   2.562331e-01
      vertex   6.952848e-01  -6.181023e-01   2.895769e-01
    endloop
  endfacet
  facet normal   -5.277360e-01  -8.494084e-01  -4.430628e-04
    outer loop
      vertex   6.950114e-01  -8.118275e-01   1.273182e-02
      vertex   6.949120e-01  -8.118018e-01   8.178826e-02
      vertex   6.442948e-01  -7.803355e-01   4.734942e-02
    endloop
  endfacet
  facet normal   -5.291546e-01  -8.485253e-01  -5.027799e-04
    outer loop
      vertex   6.949120e-01  -8.118018e-01   8.178826e-02
      vertex   6.947995e-01  -8.117726e-01   1.508740e-01
      vertex   6.441480e-01  -7.801649e-01   1.162887e-01
    endloop
  endfacet
  facet normal   -5.284313e-01  -8.489755e-01   9.744013e-04
    outer loop
      vertex   6.949120e-01  -8.118018e-01   8.178826e-02
      vertex   6.441480e-01  -7.801649e-01   1.162887e-01
      vertex   6.442948e-01  -7.803355e-01   4.734942e-02
    endloop
  endfacet
  facet normal   -5.735932e-01  -8.129111e-01  -1.008282e-01
    outer loop
      vertex   6.323765e-01  -7.631884e-01  -2.309517e-02
      vertex   6.950114e-01  -8.118275e-01   1.273182e-02
      vertex   6.442948e-01  -7.803355e-01   4.734942e-02
    endloop
  endfacet
  facet normal   -6.429005e-01  -7.604590e-01   9.154858e-02
    outer loop
      vertex   6.950114e-01  -8.118275e-01   1.273182e-02
      vertex   6.323765e-01  -7.631884e-01  -2.309517e-02
      vertex   6.785274e-01  -8.059947e-01  -5.457522e-02
    endloop
  endfacet
  facet normal   -2.665067e-03  -9.963184e-01  -8.568874e-02
    outer loop
      vertex   7.539253e-01  -8.090695e-01  -2.116837e-02
      vertex   6.950114e-01  -8.118275e-01   1.273182e-02
      vertex   6.785274e-01  -8.059947e-01  -5.457522e-02
    endloop
  endfacet
  facet normal   -5.298199e-01  -8.481098e-01   8.512805e-04
    outer loop
      vertex   6.441480e-01  -7.801649e-01   1.162887e-01
      vertex   6.947995e-01  -8.117726e-01   1.508740e-01
      vertex   6.440202e-01  -7.800159e-01   1.852297e-01
    endloop
  endfacet
  facet normal   -5.305293e-01  -8.476664e-01  -6.070132e-04
    outer loop
      vertex   6.440202e-01  -7.800159e-01   1.852297e-01
      vertex   6.947995e-01  -8.117726e-01   1.508740e-01
      vertex   6.946641e-01  -8.117372e-01   2.198691e-01
    endloop
  endfacet
  facet normal    4.891386e-02  -9.988028e-01   6.081965e-04
    outer loop
      vertex   6.946641e-01  -8.117372e-01   2.198691e-01
      vertex   6.947995e-01  -8.117726e-01   1.508740e-01
      vertex   7.546026e-01  -8.088225e-01   1.860000e-01
    endloop
  endfacet
  facet normal   -9.191625e-01  -3.938776e-01  -8.520865e-04
    outer loop
      vertex   6.441480e-01  -7.801649e-01   1.162887e-01
      vertex   6.440202e-01  -7.800159e-01   1.852297e-01
      vertex   6.205087e-01  -7.250740e-01   1.505836e-01
    endloop
  endfacet
  facet normal   -9.188321e-01  -3.946483e-01   6.137597e-04
    outer loop
      vertex   6.441480e-01  -7.801649e-01   1.162887e-01
      vertex   6.205087e-01  -7.250740e-01   1.505836e-01
      vertex   6.205231e-01  -7.252149e-01   8.149661e-02
    endloop
  endfacet
  facet normal   -9.184660e-01  -3.954986e-01  -9.778551e-04
    outer loop
      vertex   6.441480e-01  -7.801649e-01   1.162887e-01
      vertex   6.205231e-01  -7.252149e-01   8.149661e-02
      vertex   6.442948e-01  -7.803355e-01   4.734942e-02
    endloop
  endfacet
  facet normal   -5.352503e-01   8.446930e-01  -9.243878e-04
    outer loop
      vertex   6.944351e-01  -6.183230e-01   8.133000e-02
      vertex   6.946391e-01  -6.182693e-01   1.227948e-02
      vertex   6.434283e-01  -6.506822e-01   4.650384e-02
    endloop
  endfacet
  facet normal   -5.327334e-01   8.462720e-01   4.337185e-03
    outer loop
      vertex   6.434283e-01  -6.506822e-01   4.650384e-02
      vertex   6.946391e-01  -6.182693e-01   1.227948e-02
      vertex   6.440728e-01  -6.499227e-01  -2.253647e-02
    endloop
  endfacet
  facet normal   -5.315391e-01   8.470316e-01   1.911993e-03
    outer loop
      vertex   6.440728e-01  -6.499227e-01  -2.253647e-02
      vertex   6.946391e-01  -6.182693e-01   1.227948e-02
      vertex   6.942332e-01  -6.183767e-01  -5.301947e-02
    endloop
  endfacet
  facet normal   -5.385876e-01   8.425485e-01   5.956000e-03
    outer loop
      vertex   6.944351e-01  -6.183230e-01   8.133000e-02
      vertex   6.434283e-01  -6.506822e-01   4.650384e-02
      vertex   6.425552e-01  -6.517362e-01   1.166526e-01
    endloop
  endfacet
  facet normal   -5.419516e-01   8.404091e-01  -1.008555e-03
    outer loop
      vertex   6.944351e-01  -6.183230e-01   8.133000e-02
      vertex   6.425552e-01  -6.517362e-01   1.166526e-01
      vertex   6.942164e-01  -6.183811e-01   1.504184e-01
    endloop
  endfacet
  facet normal    4.320881e-02   9.990656e-01   9.766193e-04
    outer loop
      vertex   6.944351e-01  -6.183230e-01   8.133000e-02
      vertex   6.942164e-01  -6.183811e-01   1.504184e-01
      vertex   7.539217e-01  -6.209292e-01   1.155050e-01
    endloop
  endfacet
  facet normal   -6.079830e-01  -7.939352e-01   4.846294e-03
    outer loop
      vertex   6.330126e-01  -7.643274e-01   3.946233e-01
      vertex   6.334440e-01  -7.650804e-01   3.253720e-01
      vertex   6.946395e-01  -8.117308e-01   3.601405e-01
    endloop
  endfacet
  facet normal   -6.263634e-01  -7.772507e-01   5.958363e-02
    outer loop
      vertex   6.946395e-01  -8.117308e-01   3.601405e-01
      vertex   6.334440e-01  -7.650804e-01   3.253720e-01
      vertex   6.834791e-01  -8.080926e-01   2.902785e-01
    endloop
  endfacet
  facet normal   -6.533303e-01  -7.570644e-01  -3.606206e-03
    outer loop
      vertex   6.834791e-01  -8.080926e-01   2.902785e-01
      vertex   6.334440e-01  -7.650804e-01   3.253720e-01
      vertex   6.330705e-01  -7.644294e-01   2.563514e-01
    endloop
  endfacet
  facet normal   -9.202294e-01   3.913561e-01  -4.284468e-03
    outer loop
      vertex   6.434283e-01  -6.506822e-01   4.650384e-02
      vertex   6.440728e-01  -6.499227e-01  -2.253647e-02
      vertex   6.205049e-01  -7.049640e-01   1.179687e-02
    endloop
  endfacet
  facet normal   -9.568414e-01   2.905126e-01  -7.544109e-03
    outer loop
      vertex   6.425552e-01  -6.517362e-01   1.166526e-01
      vertex   6.434283e-01  -6.506822e-01   4.650384e-02
      vertex   6.205231e-01  -7.252149e-01   8.149661e-02
    endloop
  endfacet
  facet normal   -9.376183e-01   3.337946e-01   9.722698e-02
    outer loop
      vertex   6.434283e-01  -6.506822e-01   4.650384e-02
      vertex   6.205049e-01  -7.049640e-01   1.179687e-02
      vertex   6.205231e-01  -7.252149e-01   8.149661e-02
    endloop
  endfacet
  facet normal   -9.190056e-01   3.942428e-01   1.183464e-03
    outer loop
      vertex   6.205049e-01  -7.049640e-01   1.179687e-02
      vertex   6.440728e-01  -6.499227e-01  -2.253647e-02
      vertex   6.205326e-01  -7.046924e-01  -5.711445e-02
    endloop
  endfacet
  facet normal   -9.195095e-01   3.930530e-01   3.411124e-03
    outer loop
      vertex   6.205326e-01  -7.046924e-01  -5.711445e-02
      vertex   6.440728e-01  -6.499227e-01  -2.253647e-02
      vertex   6.435328e-01  -6.505581e-01  -9.488519e-02
    endloop
  endfacet
  facet normal   -5.338674e-01   8.455612e-01  -3.440956e-03
    outer loop
      vertex   6.435328e-01  -6.505581e-01  -9.488519e-02
      vertex   6.440728e-01  -6.499227e-01  -2.253647e-02
      vertex   6.942332e-01  -6.183767e-01  -5.301947e-02
    endloop
  endfacet
  facet normal   -5.420643e-01   8.403367e-01  -7.645033e-04
    outer loop
      vertex   6.942164e-01  -6.183811e-01   1.504184e-01
      vertex   6.425552e-01  -6.517362e-01   1.166526e-01
      vertex   6.426659e-01  -6.516010e-01   1.868303e-01
    endloop
  endfacet
  facet normal   -9.577637e-01   2.875555e-01  -7.856063e-04
    outer loop
      vertex   6.205087e-01  -7.250740e-01   1.505836e-01
      vertex   6.425552e-01  -6.517362e-01   1.166526e-01
      vertex   6.205231e-01  -7.252149e-01   8.149661e-02
    endloop
  endfacet
  facet normal   -9.575415e-01   2.882938e-01   9.544376e-04
    outer loop
      vertex   6.425552e-01  -6.517362e-01   1.166526e-01
      vertex   6.205087e-01  -7.250740e-01   1.505836e-01
      vertex   6.426659e-01  -6.516010e-01   1.868303e-01
    endloop
  endfacet
  facet normal   -5.402450e-01   8.415028e-01   2.875057e-03
    outer loop
      vertex   6.942164e-01  -6.183811e-01   1.504184e-01
      vertex   6.426659e-01  -6.516010e-01   1.868303e-01
      vertex   6.948470e-01  -6.182150e-01   2.202995e-01
    endloop
  endfacet
  facet normal    4.696595e-02   9.988926e-01  -2.797670e-03
    outer loop
      vertex   6.942164e-01  -6.183811e-01   1.504184e-01
      vertex   6.948470e-01  -6.182150e-01   2.202995e-01
      vertex   7.544394e-01  -6.211175e-01   1.844160e-01
    endloop
  endfacet
  facet normal    4.403864e-02   9.990269e-01   2.398544e-03
    outer loop
      vertex   7.539217e-01  -6.209292e-01   1.155050e-01
      vertex   6.942164e-01  -6.183811e-01   1.504184e-01
      vertex   7.544394e-01  -6.211175e-01   1.844160e-01
    endloop
  endfacet
  facet normal   -5.290530e-01  -8.485751e-01   4.832208e-03
    outer loop
      vertex   6.436591e-01  -7.795915e-01   6.739311e-01
      vertex   6.950233e-01  -8.118306e-01   6.360816e-01
      vertex   6.959982e-01  -8.120769e-01   6.995786e-01
    endloop
  endfacet
  facet normal    5.814647e-02  -9.982967e-01  -4.764478e-03
    outer loop
      vertex   6.959982e-01  -8.120769e-01   6.995786e-01
      vertex   6.950233e-01  -8.118306e-01   6.360816e-01
      vertex   7.556137e-01  -8.084434e-01   6.658128e-01
    endloop
  endfacet
  facet normal    5.356944e-02  -9.985536e-01   4.592503e-03
    outer loop
      vertex   6.950233e-01  -8.118306e-01   6.360816e-01
      vertex   7.546945e-01  -8.087885e-01   6.014828e-01
      vertex   7.556137e-01  -8.084434e-01   6.658128e-01
    endloop
  endfacet
  facet normal   -5.723680e-01  -8.149889e-01   9.048709e-02
    outer loop
      vertex   6.440202e-01  -7.800159e-01   1.852297e-01
      vertex   6.946641e-01  -8.117372e-01   2.198691e-01
      vertex   6.330705e-01  -7.644294e-01   2.563514e-01
    endloop
  endfacet
  facet normal   -9.350009e-01  -3.427989e-01   9.089668e-02
    outer loop
      vertex   6.440202e-01  -7.800159e-01   1.852297e-01
      vertex   6.204108e-01  -7.059455e-01   2.217150e-01
      vertex   6.205087e-01  -7.250740e-01   1.505836e-01
    endloop
  endfacet
  facet normal   -9.609000e-01  -2.616558e-01  -9.059470e-02
    outer loop
      vertex   6.204108e-01  -7.059455e-01   2.217150e-01
      vertex   6.440202e-01  -7.800159e-01   1.852297e-01
      vertex   6.330705e-01  -7.644294e-01   2.563514e-01
    endloop
  endfacet
  facet normal    1.311294e-02  -9.984674e-01   5.376743e-02
    outer loop
      vertex   6.834791e-01  -8.080926e-01   2.902785e-01
      vertex   6.946641e-01  -8.117372e-01   2.198691e-01
      vertex   7.539765e-01  -8.090510e-01   2.552865e-01
    endloop
  endfacet
  facet normal   -6.301519e-01  -7.741479e-01  -6.003034e-02
    outer loop
      vertex   6.946641e-01  -8.117372e-01   2.198691e-01
      vertex   6.834791e-01  -8.080926e-01   2.902785e-01
      vertex   6.330705e-01  -7.644294e-01   2.563514e-01
    endloop
  endfacet
  facet normal    4.695256e-02  -9.988930e-01  -2.870496e-03
    outer loop
      vertex   6.946641e-01  -8.117372e-01   2.198691e-01
      vertex   7.546026e-01  -8.088225e-01   1.860000e-01
      vertex   7.539765e-01  -8.090510e-01   2.552865e-01
    endloop
  endfacet
  facet normal   -5.337730e-01   8.456122e-01   5.137948e-03
    outer loop
      vertex   6.943835e-01  -6.183367e-01   6.330798e-01
      vertex   6.441016e-01  -6.498891e-01   6.023209e-01
      vertex   6.434015e-01  -6.507142e-01   6.653872e-01
    endloop
  endfacet
  facet normal   -5.480802e-01   8.359871e-01  -2.708513e-02
    outer loop
      vertex   6.943835e-01  -6.183367e-01   6.330798e-01
      vertex   6.434015e-01  -6.507142e-01   6.653872e-01
      vertex   6.896525e-01  -6.197161e-01   6.862387e-01
    endloop
  endfacet
  facet normal    2.981710e-02   9.991467e-01   2.857913e-02
    outer loop
      vertex   7.547341e-01  -6.212261e-01   6.711301e-01
      vertex   6.943835e-01  -6.183367e-01   6.330798e-01
      vertex   6.896525e-01  -6.197161e-01   6.862387e-01
    endloop
  endfacet
  facet normal    4.706945e-02  -9.988898e-01   1.928252e-03
    outer loop
      vertex   7.545493e-01  -8.088421e-01   3.941279e-01
      vertex   6.946395e-01  -8.117308e-01   3.601405e-01
      vertex   7.541300e-01  -8.089954e-01   3.249359e-01
    endloop
  endfacet
  facet normal    6.097355e-01  -7.926026e-01  -1.939033e-03
    outer loop
      vertex   8.019733e-01  -7.722745e-01   3.593333e-01
      vertex   7.545493e-01  -8.088421e-01   3.941279e-01
      vertex   7.541300e-01  -8.089954e-01   3.249359e-01
    endloop
  endfacet
  facet normal    6.108179e-01  -7.917710e-01   4.102447e-04
    outer loop
      vertex   7.545493e-01  -8.088421e-01   3.941279e-01
      vertex   8.019733e-01  -7.722745e-01   3.593333e-01
      vertex   8.020277e-01  -7.721967e-01   4.286623e-01
    endloop
  endfacet
  facet normal   -9.193461e-01   3.934173e-01  -5.059073e-03
    outer loop
      vertex   6.434015e-01  -6.507142e-01   6.653872e-01
      vertex   6.441016e-01  -6.498891e-01   6.023209e-01
      vertex   6.205569e-01  -7.044607e-01   6.371679e-01
    endloop
  endfacet
  facet normal   -9.184439e-01   3.955496e-01  -1.110293e-03
    outer loop
      vertex   6.205569e-01  -7.044607e-01   6.371679e-01
      vertex   6.441016e-01  -6.498891e-01   6.023209e-01
      vertex   6.205302e-01  -7.047160e-01   5.683033e-01
    endloop
  endfacet
  facet normal   -9.196159e-01   3.927969e-01   4.138399e-03
    outer loop
      vertex   6.205302e-01  -7.047160e-01   5.683033e-01
      vertex   6.441016e-01  -6.498891e-01   6.023209e-01
      vertex   6.434768e-01  -6.506245e-01   5.332878e-01
    endloop
  endfacet
  facet normal   -9.320798e-01   3.526336e-01   8.292607e-02
    outer loop
      vertex   6.202719e-01  -7.223694e-01   7.101192e-01
      vertex   6.434015e-01  -6.507142e-01   6.653872e-01
      vertex   6.205569e-01  -7.044607e-01   6.371679e-01
    endloop
  endfacet
  facet normal   -9.566680e-01   2.895417e-01  -3.085316e-02
    outer loop
      vertex   6.434015e-01  -6.507142e-01   6.653872e-01
      vertex   6.202719e-01  -7.223694e-01   7.101192e-01
      vertex   6.396133e-01  -6.555190e-01   7.377550e-01
    endloop
  endfacet
  facet normal   -5.643890e-01   8.251230e-01   2.524063e-02
    outer loop
      vertex   6.434015e-01  -6.507142e-01   6.653872e-01
      vertex   6.396133e-01  -6.555190e-01   7.377550e-01
      vertex   6.896525e-01  -6.197161e-01   6.862387e-01
    endloop
  endfacet
  facet normal   -9.799775e-01  -1.991047e-01  -1.179638e-03
    outer loop
      vertex   6.205049e-01  -7.049640e-01   1.179687e-02
      vertex   6.205326e-01  -7.046924e-01  -5.711445e-02
      vertex   6.323765e-01  -7.631884e-01  -2.309517e-02
    endloop
  endfacet
  facet normal   -9.345764e-01  -3.417002e-01  -9.903484e-02
    outer loop
      vertex   6.205231e-01  -7.252149e-01   8.149661e-02
      vertex   6.205049e-01  -7.049640e-01   1.179687e-02
      vertex   6.442948e-01  -7.803355e-01   4.734942e-02
    endloop
  endfacet
  facet normal   -9.614203e-01  -2.561417e-01   1.003119e-01
    outer loop
      vertex   6.205049e-01  -7.049640e-01   1.179687e-02
      vertex   6.323765e-01  -7.631884e-01  -2.309517e-02
      vertex   6.442948e-01  -7.803355e-01   4.734942e-02
    endloop
  endfacet
  facet normal   -9.210846e-01   3.893522e-01  -2.852193e-03
    outer loop
      vertex   6.205326e-01  -7.046924e-01  -5.711445e-02
      vertex   6.435328e-01  -6.505581e-01  -9.488519e-02
      vertex   6.204711e-01  -7.053046e-01  -1.208120e-01
    endloop
  endfacet
  facet normal   -9.786199e-01  -2.056563e-01   2.921978e-03
    outer loop
      vertex   6.205326e-01  -7.046924e-01  -5.711445e-02
      vertex   6.204711e-01  -7.053046e-01  -1.208120e-01
      vertex   6.329688e-01  -7.642500e-01  -8.386359e-02
    endloop
  endfacet
  facet normal   -9.794073e-01  -2.018044e-01  -6.020369e-03
    outer loop
      vertex   6.205326e-01  -7.046924e-01  -5.711445e-02
      vertex   6.329688e-01  -7.642500e-01  -8.386359e-02
      vertex   6.323765e-01  -7.631884e-01  -2.309517e-02
    endloop
  endfacet
  facet normal   -9.217150e-01   3.878670e-01   8.446686e-04
    outer loop
      vertex   6.204711e-01  -7.053046e-01  -1.208120e-01
      vertex   6.435328e-01  -6.505581e-01  -9.488519e-02
      vertex   6.434102e-01  -6.507038e-01  -1.617421e-01
    endloop
  endfacet
  facet normal   -5.505318e-01   8.344309e-01   2.529566e-02
    outer loop
      vertex   6.435328e-01  -6.505581e-01  -9.488519e-02
      vertex   6.942332e-01  -6.183767e-01  -5.301947e-02
      vertex   6.898015e-01  -6.196687e-01  -1.068478e-01
    endloop
  endfacet
  facet normal   -5.553834e-01   8.315940e-01  -7.946423e-04
    outer loop
      vertex   6.434102e-01  -6.507038e-01  -1.617421e-01
      vertex   6.435328e-01  -6.505581e-01  -9.488519e-02
      vertex   6.898015e-01  -6.196687e-01  -1.068478e-01
    endloop
  endfacet
  facet normal   -9.332025e-01   3.561424e-01  -4.791403e-02
    outer loop
      vertex   6.204711e-01  -7.053046e-01  -1.208120e-01
      vertex   6.434102e-01  -6.507038e-01  -1.617421e-01
      vertex   6.200000e-01  -7.150000e-01  -1.837016e-01
    endloop
  endfacet
  facet normal   -6.668333e-01  -7.448105e-01  -2.430299e-02
    outer loop
      vertex   6.329688e-01  -7.642500e-01  -8.386359e-02
      vertex   6.825835e-01  -8.077362e-01  -1.124931e-01
      vertex   6.785274e-01  -8.059947e-01  -5.457522e-02
    endloop
  endfacet
  facet normal   -6.777354e-01  -7.352794e-01   6.240119e-03
    outer loop
      vertex   6.323765e-01  -7.631884e-01  -2.309517e-02
      vertex   6.329688e-01  -7.642500e-01  -8.386359e-02
      vertex   6.785274e-01  -8.059947e-01  -5.457522e-02
    endloop
  endfacet
  facet normal   -3.501407e-02  -9.990060e-01   2.758745e-02
    outer loop
      vertex   6.825835e-01  -8.077362e-01  -1.124931e-01
      vertex   7.531499e-01  -8.093455e-01  -8.120759e-02
      vertex   6.785274e-01  -8.059947e-01  -5.457522e-02
    endloop
  endfacet
  facet normal   -7.033398e-02  -9.917001e-01   1.076295e-01
    outer loop
      vertex   7.531499e-01  -8.093455e-01  -8.120759e-02
      vertex   6.825835e-01  -8.077362e-01  -1.124931e-01
      vertex   7.337544e-01  -8.140496e-01  -1.372253e-01
    endloop
  endfacet
  facet normal   -9.427503e-02  -9.938179e-01   5.863595e-02
    outer loop
      vertex   6.825835e-01  -8.077362e-01  -1.124931e-01
      vertex   7.026352e-01  -8.134808e-01  -1.776183e-01
      vertex   7.337544e-01  -8.140496e-01  -1.372253e-01
    endloop
  endfacet
  facet normal   -9.399743e-01  -3.305368e-01  -8.481587e-02
    outer loop
      vertex   6.436591e-01  -7.795915e-01   6.739311e-01
      vertex   6.202719e-01  -7.223694e-01   7.101192e-01
      vertex   6.205569e-01  -7.044607e-01   6.371679e-01
    endloop
  endfacet
  facet normal   -9.547399e-01   2.942356e-01  -4.355697e-02
    outer loop
      vertex   6.396133e-01  -6.555190e-01   7.377550e-01
      vertex   6.202719e-01  -7.223694e-01   7.101192e-01
      vertex   6.200000e-01  -7.150000e-01   7.658611e-01
    endloop
  endfacet
  facet normal   -9.320936e-01   3.574351e-01  -5.866512e-02
    outer loop
      vertex   6.200378e-01  -7.177503e-01   4.967109e-01
      vertex   6.205302e-01  -7.047160e-01   5.683033e-01
      vertex   6.434768e-01  -6.506245e-01   5.332878e-01
    endloop
  endfacet
  facet normal   -9.405212e-01   3.277524e-01  -8.943332e-02
    outer loop
      vertex   6.205087e-01  -7.250740e-01   1.505836e-01
      vertex   6.204108e-01  -7.059455e-01   2.217150e-01
      vertex   6.426659e-01  -6.516010e-01   1.868303e-01
    endloop
  endfacet
  facet normal   -9.451897e-01  -3.209545e-01  -6.003917e-02
    outer loop
      vertex   6.429466e-01  -7.787399e-01   4.620957e-01
      vertex   6.200378e-01  -7.177503e-01   4.967109e-01
      vertex   6.203985e-01  -7.060813e-01   4.286529e-01
    endloop
  endfacet
  facet normal   -9.620610e-01  -2.588052e-01   8.636248e-02
    outer loop
      vertex   6.330126e-01  -7.643274e-01   3.946233e-01
      vertex   6.429466e-01  -7.787399e-01   4.620957e-01
      vertex   6.203985e-01  -7.060813e-01   4.286529e-01
    endloop
  endfacet
  facet normal    1.383063e-02  -9.984340e-01  -5.420501e-02
    outer loop
      vertex   6.946395e-01  -8.117308e-01   3.601405e-01
      vertex   6.834791e-01  -8.080926e-01   2.902785e-01
      vertex   7.541300e-01  -8.089954e-01   3.249359e-01
    endloop
  endfacet
  facet normal   -1.318404e-02  -9.999127e-01   8.272755e-04
    outer loop
      vertex   7.541300e-01  -8.089954e-01   3.249359e-01
      vertex   6.834791e-01  -8.080926e-01   2.902785e-01
      vertex   7.539765e-01  -8.090510e-01   2.552865e-01
    endloop
  endfacet
  facet normal    5.023670e-02   9.987355e-01  -1.942435e-03
    outer loop
      vertex   6.948470e-01  -6.182150e-01   2.202995e-01
      vertex   6.952848e-01  -6.181023e-01   2.895769e-01
      vertex   7.545268e-01  -6.211496e-01   2.549381e-01
    endloop
  endfacet
  facet normal    4.888377e-02   9.988044e-01   3.944117e-04
    outer loop
      vertex   7.544394e-01  -6.211175e-01   1.844160e-01
      vertex   6.948470e-01  -6.182150e-01   2.202995e-01
      vertex   7.545268e-01  -6.211496e-01   2.549381e-01
    endloop
  endfacet
  facet normal    5.120019e-02   9.986884e-01  -2.904488e-04
    outer loop
      vertex   6.952848e-01  -6.181023e-01   2.895769e-01
      vertex   7.544621e-01  -6.211258e-01   3.253164e-01
      vertex   7.545268e-01  -6.211496e-01   2.549381e-01
    endloop
  endfacet
  facet normal    2.979957e-02   9.992062e-01  -2.643788e-02
    outer loop
      vertex   6.942332e-01  -6.183767e-01  -5.301947e-02
      vertex   7.546418e-01  -6.211920e-01  -9.133336e-02
      vertex   6.898015e-01  -6.196687e-01  -1.068478e-01
    endloop
  endfacet
  facet normal    6.109344e-01  -7.916812e-01   1.757654e-04
    outer loop
      vertex   8.019733e-01  -7.722745e-01   1.513333e-01
      vertex   8.019967e-01  -7.722412e-01   2.206673e-01
      vertex   7.546026e-01  -8.088225e-01   1.860000e-01
    endloop
  endfacet
  facet normal    6.096847e-01  -7.926388e-01   2.894700e-03
    outer loop
      vertex   7.546026e-01  -8.088225e-01   1.860000e-01
      vertex   8.019967e-01  -7.722412e-01   2.206673e-01
      vertex   7.539765e-01  -8.090510e-01   2.552865e-01
    endloop
  endfacet
  facet normal   -4.302472e-02  -9.990607e-01   5.148923e-03
    outer loop
      vertex   7.531499e-01  -8.093455e-01  -8.120759e-02
      vertex   7.539253e-01  -8.090695e-01  -2.116837e-02
      vertex   6.785274e-01  -8.059947e-01  -5.457522e-02
    endloop
  endfacet
  facet normal    5.435727e-01  -8.309655e-01  -1.184273e-01
    outer loop
      vertex   8.029959e-01  -7.707824e-01  -1.230030e-01
      vertex   7.531499e-01  -8.093455e-01  -8.120759e-02
      vertex   7.337544e-01  -8.140496e-01  -1.372253e-01
    endloop
  endfacet
  facet normal    6.108314e-01   7.917606e-01  -3.968020e-04
    outer loop
      vertex   8.020424e-01  -6.578244e-01   2.204673e-01
      vertex   7.544394e-01  -6.211175e-01   1.844160e-01
      vertex   7.545268e-01  -6.211496e-01   2.549381e-01
    endloop
  endfacet
  facet normal    0.000000e+00   0.000000e+00   1.000000e+00
    outer loop
      vertex   8.200000e-01  -7.150000e-01   8.100000e-01
      vertex   7.966044e-01  -6.507212e-01   8.100000e-01
      vertex   7.515861e-01  -7.004416e-01   8.100000e-01
    endloop
  endfacet
  facet normal    0.000000e+00  -0.000000e+00   1.000000e+00
    outer loop
      vertex   7.966044e-01  -7.792788e-01   8.100000e-01
      vertex   8.200000e-01  -7.150000e-01   8.100000e-01
      vertex   7.445181e-01  -7.574604e-01   8.100000e-01
    endloop
  endfacet
  facet normal    0.000000e+00   0.000000e+00   1.000000e+00
    outer loop
      vertex   8.200000e-01  -7.150000e-01   8.100000e-01
      vertex   7.515861e-01  -7.004416e-01   8.100000e-01
      vertex   7.445181e-01  -7.574604e-01   8.100000e-01
    endloop
  endfacet
  facet normal    0.000000e+00   0.000000e+00   1.000000e+00
    outer loop
      vertex   7.966044e-01  -6.507212e-01   8.100000e-01
      vertex   7.373648e-01  -6.165192e-01   8.100000e-01
      vertex   7.515861e-01  -7.004416e-01   8.100000e-01
    endloop
  endfacet
  facet normal    0.000000e+00   0.000000e+00   1.000000e+00
    outer loop
      vertex   7.373648e-01  -6.165192e-01   8.100000e-01
      vertex   6.700000e-01  -6.283975e-01   8.100000e-01
      vertex   6.964381e-01  -6.741842e-01   8.100000e-01
    endloop
  endfacet
  facet normal    0.000000e+00   0.000000e+00   1.000000e+00
    outer loop
      vertex   7.515861e-01  -7.004416e-01   8.100000e-01
      vertex   7.373648e-01  -6.165192e-01   8.100000e-01
      vertex   6.964381e-01  -6.741842e-01   8.100000e-01
    endloop
  endfacet
  facet normal    0.000000e+00   0.000000e+00   1.000000e+00
    outer loop
      vertex   6.700000e-01  -6.283975e-01   8.100000e-01
      vertex   6.260307e-01  -6.807980e-01   8.100000e-01
      vertex   6.964381e-01  -6.741842e-01   8.100000e-01
    endloop
  endfacet
  facet normal    0.000000e+00   0.000000e+00   1.000000e+00
    outer loop
      vertex   6.260307e-01  -6.807980e-01   8.100000e-01
      vertex   6.260307e-01  -7.492020e-01   8.100000e-01
      vertex   6.915534e-01  -7.349589e-01   8.100000e-01
    endloop
  endfacet
  facet normal   -0.000000e+00   0.000000e+00   1.000000e+00
    outer loop
      vertex   6.260307e-01  -6.807980e-01   8.100000e-01
      vertex   6.915534e-01  -7.349589e-01   8.100000e-01
      vertex   6.964381e-01  -6.741842e-01   8.100000e-01
    endloop
  endfacet
  facet normal   -0.000000e+00   0.000000e+00   1.000000e+00
    outer loop
      vertex   6.260307e-01  -7.492020e-01   8.100000e-01
      vertex   6.700000e-01  -8.016025e-01   8.100000e-01
      vertex   6.915534e-01  -7.349589e-01   8.100000e-01
    endloop
  endfacet
  facet normal   -0.000000e+00   0.000000e+00   1.000000e+00
    outer loop
      vertex   6.700000e-01  -8.016025e-01   8.100000e-01
      vertex   7.373648e-01  -8.134808e-01   8.100000e-01
      vertex   7.445181e-01  -7.574604e-01   8.100000e-01
    endloop
  endfacet
  facet normal    0.000000e+00   0.000000e+00   1.000000e+00
    outer loop
      vertex   6.915534e-01  -7.349589e-01   8.100000e-01
      vertex   6.700000e-01  -8.016025e-01   8.100000e-01
      vertex   7.445181e-01  -7.574604e-01   8.100000e-01
    endloop
  endfacet
  facet normal    0.000000e+00   0.000000e+00   1.000000e+00
    outer loop
      vertex   7.373648e-01  -8.134808e-01   8.100000e-01
      vertex   7.966044e-01  -7.792788e-01   8.100000e-01
      vertex   7.445181e-01  -7.574604e-01   8.100000e-01
    endloop
  endfacet
  facet normal    0.000000e+00   0.000000e+00   1.000000e+00
    outer loop
      vertex   7.515861e-01  -7.004416e-01   8.100000e-01
      vertex   6.915534e-01  -7.349589e-01   8.100000e-01
      vertex   7.445181e-01  -7.574604e-01   8.100000e-01
    endloop
  endfacet
  facet normal    0.000000e+00   0.000000e+00   1.000000e+00
    outer loop
      vertex   6.915534e-01  -7.349589e-01   8.100000e-01
      vertex   7.515861e-01  -7.004416e-01   8.100000e-01
      vertex   6.964381e-01  -6.741842e-01   8.100000e-01
    endloop
  endfacet
  facet normal    0.000000e+00   0.000000e+00  -1.000000e+00
    outer loop
      vertex   7.515861e-01  -7.004416e-01  -2.300000e-01
      vertex   7.966044e-01  -6.507212e-01  -2.300000e-01
      vertex   8.200000e-01  -7.150000e-01  -2.300000e-01
    endloop
  endfacet
  facet normal    0.000000e+00   0.000000e+00  -1.000000e+00
    outer loop
      vertex   7.445181e-01  -7.574604e-01  -2.300000e-01
      vertex   8.200000e-01  -7.150000e-01  -2.300000e-01
      vertex   7.966044e-01  -7.792788e-01  -2.300000e-01
    endloop
  endfacet
  facet normal    0.000000e+00   0.000000e+00  -1.000000e+00
    outer loop
      vertex   7.445181e-01  -7.574604e-01  -2.300000e-01
      vertex   7.515861e-01  -7.004416e-01  -2.300000e-01
      vertex   8.200000e-01  -7.150000e-01  -2.300000e-01
    endloop
  endfacet
  facet normal    0.000000e+00   0.000000e+00  -1.000000e+00
    outer loop
      vertex   7.515861e-01  -7.004416e-01  -2.300000e-01
      vertex   7.373648e-01  -6.165192e-01  -2.300000e-01
      vertex   7.966044e-01  -6.507212e-01  -2.300000e-01
    endloop
  endfacet
  facet normal    0.000000e+00   0.000000e+00  -1.000000e+00
    outer loop
      vertex   6.964381e-01  -6.741842e-01  -2.300000e-01
      vertex   6.700000e-01  -6.283975e-01  -2.300000e-01
      vertex   7.373648e-01  -6.165192e-01  -2.300000e-01
    endloop
  endfacet
  facet normal    0.000000e+00   0.000000e+00  -1.000000e+00
    outer loop
      vertex   6.964381e-01  -6.741842e-01  -2.300000e-01
      vertex   7.373648e-01  -6.165192e-01  -2.300000e-01
      vertex   7.515861e-01  -7.004416e-01  -2.300000e-01
    endloop
  endfacet
  facet normal   -0.000000e+00   0.000000e+00  -1.000000e+00
    outer loop
      vertex   6.964381e-01  -6.741842e-01  -2.300000e-01
      vertex   6.260307e-01  -6.807980e-01  -2.300000e-01
      vertex   6.700000e-01  -6.283975e-01  -2.300000e-01
    endloop
  endfacet
  facet normal   -0.000000e+00   0.000000e+00  -1.000000e+00
    outer loop
      vertex   6.915534e-01  -7.349589e-01  -2.300000e-01
      vertex   6.260307e-01  -7.492020e-01  -2.300000e-01
      vertex   6.260307e-01  -6.807980e-01  -2.300000e-01
    endloop
  endfacet
  facet normal    0.000000e+00   0.000000e+00  -1.000000e+00
    outer loop
      vertex   6.964381e-01  -6.741842e-01  -2.300000e-01
      vertex   6.915534e-01  -7.349589e-01  -2.300000e-01
      vertex   6.260307e-01  -6.807980e-01  -2.300000e-01
    endloop
  endfacet
  facet normal    0.000000e+00   0.000000e+00  -1.000000e+00
    outer loop
      vertex   6.915534e-01  -7.349589e-01  -2.300000e-01
      vertex   6.700000e-01  -8.016025e-01  -2.300000e-01
      vertex   6.260307e-01  -7.492020e-01  -2.300000e-01
    endloop
  endfacet
  facet normal    0.000000e+00   0.000000e+00  -1.000000e+00
    outer loop
      vertex   7.445181e-01  -7.574604e-01  -2.300000e-01
      vertex   7.373648e-01  -8.134808e-01  -2.300000e-01
      vertex   6.700000e-01  -8.016025e-01  -2.300000e-01
    endloop
  endfacet
  facet normal   -0.000000e+00   0.000000e+00  -1.000000e+00
    outer loop
      vertex   7.445181e-01  -7.574604e-01  -2.300000e-01
      vertex   6.700000e-01  -8.016025e-01  -2.300000e-01
      vertex   6.915534e-01  -7.349589e-01  -2.300000e-01
    endloop
  endfacet
  facet normal    0.000000e+00  -0.000000e+00  -1.000000e+00
    outer loop
      vertex   7.445181e-01  -7.574604e-01  -2.300000e-01
      vertex   7.966044e-01  -7.792788e-01  -2.300000e-01
      vertex   7.373648e-01  -8.134808e-01  -2.300000e-01
    endloop
  endfacet
  facet normal    0.000000e+00   0.000000e+00  -1.000000e+00
    outer loop
      vertex   7.445181e-01  -7.574604e-01  -2.300000e-01
      vertex   6.915534e-01  -7.349589e-01  -2.300000e-01
      vertex   7.515861e-01  -7.004416e-01  -2.300000e-01
    endloop
  endfacet
  facet normal    0.000000e+00  -0.000000e+00  -1.000000e+00
    outer loop
      vertex   6.964381e-01  -6.741842e-01  -2.300000e-01
      vertex   7.515861e-01  -7.004416e-01  -2.300000e-01
      vertex   6.915534e-01  -7.349589e-01  -2.300000e-01
    endloop
  endfacet
  facet normal    9.357261e-01   3.405765e-01   9.178369e-02
    outer loop
      vertex   7.966044e-01   7.792788e-01   8.100000e-01
      vertex   8.200000e-01   7.150000e-01   8.100000e-01
      vertex   8.071519e-01   7.640362e-01   7.590294e-01
    endloop
  endfacet
  facet normal    9.354615e-01  -3.404802e-01   9.478911e-02
    outer loop
      vertex   8.200000e-01   7.150000e-01   8.100000e-01
      vertex   7.966044e-01   6.507212e-01   8.100000e-01
      vertex   8.075419e-01   6.666635e-01   7.593240e-01
    endloop
  endfacet
  facet normal    9.673467e-01   2.534570e-01   0.000000e+00
    outer loop
      vertex   8.200000e-01   7.150000e-01   8.100000e-01
      vertex   8.200000e-01   7.150000e-01   7.406667e-01
      vertex   8.071519e-01   7.640362e-01   7.590294e-01
    endloop
  endfacet
  facet normal    9.683540e-01  -2.495809e-01   0.000000e+00
    outer loop
      vertex   8.200000e-01   7.150000e-01   7.406667e-01
      vertex   8.200000e-01   7.150000e-01   8.100000e-01
      vertex   8.075419e-01   6.666635e-01   7.593240e-01
    endloop
  endfacet
  facet normal    9.673467e-01   2.534570e-01   0.000000e+00
    outer loop
      vertex   8.200000e-01   7.150000e-01  -1.606667e-01
      vertex   8.200000e-01   7.150000e-01  -2.300000e-01
      vertex   8.071519e-01   7.640362e-01  -1.790294e-01
    endloop
  endfacet
  facet normal    9.683540e-01  -2.495809e-01   0.000000e+00
    outer loop
      vertex   8.200000e-01   7.150000e-01  -2.300000e-01
      vertex   8.200000e-01   7.150000e-01  -1.606667e-01
      vertex   8.075419e-01   6.666635e-01  -1.793240e-01
    endloop
  endfacet
  facet normal    9.357261e-01   3.405765e-01  -9.178369e-02
    outer loop
      vertex   8.200000e-01   7.150000e-01  -2.300000e-01
      vertex   7.966044e-01   7.792788e-01  -2.300000e-01
      vertex   8.071519e-01   7.640362e-01  -1.790294e-01
    endloop
  endfacet
  facet normal    9.354615e-01  -3.404802e-01  -9.478911e-02
    outer loop
      vertex   7.966044e-01   6.507212e-01  -2.300000e-01
      vertex   8.200000e-01   7.150000e-01  -2.300000e-01
      vertex   8.075419e-01   6.666635e-01  -1.793240e-01
    endloop
  endfacet
  facet normal    4.980723e-01   8.626865e-01   8.772649e-02
    outer loop
      vertex   7.373648e-01   8.134808e-01   8.100000e-01
      vertex   7.966044e-01   7.792788e-01   8.100000e-01
      vertex   7.672156e-01   8.031515e-01   7.420967e-01
    endloop
  endfacet
  facet normal    7.116720e-01   6.997710e-01  -6.199650e-02
    outer loop
      vertex   7.672156e-01   8.031515e-01   7.420967e-01
      vertex   7.966044e-01   7.792788e-01   8.100000e-01
      vertex   8.071519e-01   7.640362e-01   7.590294e-01
    endloop
  endfacet
  facet normal   -1.727460e-01   9.796913e-01   1.018024e-01
    outer loop
      vertex   6.700000e-01   8.016025e-01   8.100000e-01
      vertex   7.373648e-01   8.134808e-01   8.100000e-01
      vertex   7.026352e-01   8.134808e-01   7.510681e-01
    endloop
  endfacet
  facet normal    1.457110e-01   9.855935e-01  -8.587020e-02
    outer loop
      vertex   7.026352e-01   8.134808e-01   7.510681e-01
      vertex   7.373648e-01   8.134808e-01   8.100000e-01
      vertex   7.672156e-01   8.031515e-01   7.420967e-01
    endloop
  endfacet
  facet normal   -7.630793e-01   6.402995e-01   8.790075e-02
    outer loop
      vertex   6.260307e-01   7.492020e-01   8.100000e-01
      vertex   6.700000e-01   8.016025e-01   8.100000e-01
      vertex   6.433838e-01   7.792648e-01   7.416571e-01
    endloop
  endfacet
  facet normal   -4.865616e-01   8.685326e-01  -9.438684e-02
    outer loop
      vertex   6.700000e-01   8.016025e-01   8.100000e-01
      vertex   7.026352e-01   8.134808e-01   7.510681e-01
      vertex   6.433838e-01   7.792648e-01   7.416571e-01
    endloop
  endfacet
  facet normal   -9.916350e-01   3.218922e-15   1.290734e-01
    outer loop
      vertex   6.260307e-01   6.807980e-01   8.100000e-01
      vertex   6.260307e-01   7.492020e-01   8.100000e-01
      vertex   6.200000e-01   7.150000e-01   7.636675e-01
    endloop
  endfacet
  facet normal   -9.455446e-01   3.082669e-01  -1.044843e-01
    outer loop
      vertex   6.260307e-01   7.492020e-01   8.100000e-01
      vertex   6.433838e-01   7.792648e-01   7.416571e-01
      vertex   6.200000e-01   7.150000e-01   7.636675e-01
    endloop
  endfacet
  facet normal   -7.635558e-01  -6.406994e-01   8.054052e-02
    outer loop
      vertex   6.700000e-01   6.283975e-01   8.100000e-01
      vertex   6.260307e-01   6.807980e-01   8.100000e-01
      vertex   6.398225e-01   6.552374e-01   7.374170e-01
    endloop
  endfacet
  facet normal   -9.561922e-01  -2.807829e-01  -8.281004e-02
    outer loop
      vertex   6.398225e-01   6.552374e-01   7.374170e-01
      vertex   6.260307e-01   6.807980e-01   8.100000e-01
      vertex   6.200000e-01   7.150000e-01   7.636675e-01
    endloop
  endfacet
  facet normal   -1.729862e-01  -9.810533e-01   8.723661e-02
    outer loop
      vertex   7.373648e-01   6.165192e-01   8.100000e-01
      vertex   6.700000e-01   6.283975e-01   8.100000e-01
      vertex   7.016744e-01   6.166935e-01   7.411872e-01
    endloop
  endfacet
  facet normal   -5.221917e-01  -8.473808e-01  -9.623748e-02
    outer loop
      vertex   6.700000e-01   6.283975e-01   8.100000e-01
      vertex   6.398225e-01   6.552374e-01   7.374170e-01
      vertex   7.016744e-01   6.166935e-01   7.411872e-01
    endloop
  endfacet
  facet normal    4.976754e-01  -8.619990e-01   9.631649e-02
    outer loop
      vertex   7.966044e-01   6.507212e-01   8.100000e-01
      vertex   7.373648e-01   6.165192e-01   8.100000e-01
      vertex   7.665274e-01   6.264834e-01   7.484897e-01
    endloop
  endfacet
  facet normal    1.580211e-01  -9.838178e-01  -8.445053e-02
    outer loop
      vertex   7.665274e-01   6.264834e-01   7.484897e-01
      vertex   7.373648e-01   6.165192e-01   8.100000e-01
      vertex   7.016744e-01   6.166935e-01   7.411872e-01
    endloop
  endfacet
  facet normal    7.073481e-01  -7.035234e-01  -6.865504e-02
    outer loop
      vertex   7.966044e-01   6.507212e-01   8.100000e-01
      vertex   7.665274e-01   6.264834e-01   7.484897e-01
      vertex   8.075419e-01   6.666635e-01   7.593240e-01
    endloop
  endfacet
  facet normal    9.538693e-01   3.002221e-01   0.000000e+00
    outer loop
      vertex   8.200000e-01   7.150000e-01  -9.133333e-02
      vertex   8.200000e-01   7.150000e-01  -1.606667e-01
      vertex   8.019733e-01   7.722745e-01  -1.260000e-01
    endloop
  endfacet
  facet normal    9.565457e-01  -2.915826e-01   0.000000e+00
    outer loop
      vertex   8.200000e-01   7.150000e-01  -1.606667e-01
      vertex   8.200000e-01   7.150000e-01  -9.133333e-02
      vertex   8.029959e-01   6.592176e-01  -1.230030e-01
    endloop
  endfacet
  facet normal    9.611323e-01   2.711992e-01   5.172701e-02
    outer loop
      vertex   8.019733e-01   7.722745e-01  -1.260000e-01
      vertex   8.200000e-01   7.150000e-01  -1.606667e-01
      vertex   8.071519e-01   7.640362e-01  -1.790294e-01
    endloop
  endfacet
  facet normal    9.633569e-01  -2.647941e-01   4.275052e-02
    outer loop
      vertex   8.200000e-01   7.150000e-01  -1.606667e-01
      vertex   8.029959e-01   6.592176e-01  -1.230030e-01
      vertex   8.075419e-01   6.666635e-01  -1.793240e-01
    endloop
  endfacet
  facet normal    9.526649e-01  -3.040225e-01   0.000000e+00
    outer loop
      vertex   8.200000e-01   7.150000e-01  -9.133333e-02
      vertex   8.200000e-01   7.150000e-01  -2.200000e-02
      vertex   8.015141e-01   6.570737e-01  -5.466941e-02
    endloop
  endfacet
  facet normal    9.538562e-01   3.002637e-01   0.000000e+00
    outer loop
      vertex   8.200000e-01   7.150000e-01  -2.200000e-02
      vertex   8.200000e-01   7.150000e-01  -9.133333e-02
      vertex   8.019683e-01   7.722817e-01  -5.677085e-02
    endloop
  endfacet
  facet normal    9.546652e-01  -2.974644e-01   1.136983e-02
    outer loop
      vertex   8.200000e-01   7.150000e-01  -9.133333e-02
      vertex   8.015141e-01   6.570737e-01  -5.466941e-02
      vertex   8.029959e-01   6.592176e-01  -1.230030e-01
    endloop
  endfacet
  facet normal    9.538628e-01   3.002430e-01   3.782467e-05
    outer loop
      vertex   8.200000e-01   7.150000e-01  -9.133333e-02
      vertex   8.019733e-01   7.722745e-01  -1.260000e-01
      vertex   8.019683e-01   7.722817e-01  -5.677085e-02
    endloop
  endfacet
  facet normal    9.537394e-01   3.006344e-01   0.000000e+00
    outer loop
      vertex   8.200000e-01   7.150000e-01   4.733333e-02
      vertex   8.200000e-01   7.150000e-01  -2.200000e-02
      vertex   8.019238e-01   7.723454e-01   1.243765e-02
    endloop
  endfacet
  facet normal    9.522917e-01  -3.051893e-01   0.000000e+00
    outer loop
      vertex   8.200000e-01   7.150000e-01  -2.200000e-02
      vertex   8.200000e-01   7.150000e-01   4.733333e-02
      vertex   8.013719e-01   6.568742e-01   1.378935e-02
    endloop
  endfacet
  facet normal    9.537975e-01   3.004501e-01   3.374450e-04
    outer loop
      vertex   8.019238e-01   7.723454e-01   1.243765e-02
      vertex   8.200000e-01   7.150000e-01  -2.200000e-02
      vertex   8.019683e-01   7.722817e-01  -5.677085e-02
    endloop
  endfacet
  facet normal    9.524860e-01  -3.045803e-01   1.090267e-03
    outer loop
      vertex   8.015141e-01   6.570737e-01  -5.466941e-02
      vertex   8.200000e-01   7.150000e-01  -2.200000e-02
      vertex   8.013719e-01   6.568742e-01   1.378935e-02
    endloop
  endfacet
  facet normal    9.540723e-01  -2.995764e-01   0.000000e+00
    outer loop
      vertex   8.200000e-01   7.150000e-01   4.733333e-02
      vertex   8.200000e-01   7.150000e-01   1.166667e-01
      vertex   8.020508e-01   6.578365e-01   8.209232e-02
    endloop
  endfacet
  facet normal    9.533288e-01   3.019342e-01   0.000000e+00
    outer loop
      vertex   8.200000e-01   7.150000e-01   1.166667e-01
      vertex   8.200000e-01   7.150000e-01   4.733333e-02
      vertex   8.017671e-01   7.725685e-01   8.180304e-02
    endloop
  endfacet
  facet normal    9.531491e-01  -3.024560e-01  -5.212438e-03
    outer loop
      vertex   8.200000e-01   7.150000e-01   4.733333e-02
      vertex   8.020508e-01   6.578365e-01   8.209232e-02
      vertex   8.013719e-01   6.568742e-01   1.378935e-02
    endloop
  endfacet
  facet normal    9.535320e-01   3.012896e-01   1.184124e-03
    outer loop
      vertex   8.200000e-01   7.150000e-01   4.733333e-02
      vertex   8.019238e-01   7.723454e-01   1.243765e-02
      vertex   8.017671e-01   7.725685e-01   8.180304e-02
    endloop
  endfacet
  facet normal    9.537276e-01   3.006721e-01   0.000000e+00
    outer loop
      vertex   8.200000e-01   7.150000e-01   1.860000e-01
      vertex   8.200000e-01   7.150000e-01   1.166667e-01
      vertex   8.019193e-01   7.723519e-01   1.512249e-01
    endloop
  endfacet
  facet normal    9.539728e-01  -2.998931e-01   0.000000e+00
    outer loop
      vertex   8.200000e-01   7.150000e-01   1.166667e-01
      vertex   8.200000e-01   7.150000e-01   1.860000e-01
      vertex   8.020128e-01   6.577820e-01   1.514325e-01
    endloop
  endfacet
  facet normal    9.540226e-01  -2.997344e-01   2.869552e-04
    outer loop
      vertex   8.020508e-01   6.578365e-01   8.209232e-02
      vertex   8.200000e-01   7.150000e-01   1.166667e-01
      vertex   8.020128e-01   6.577820e-01   1.514325e-01
    endloop
  endfacet
  facet normal    9.535282e-01   3.013016e-01  -1.148954e-03
    outer loop
      vertex   8.019193e-01   7.723519e-01   1.512249e-01
      vertex   8.200000e-01   7.150000e-01   1.166667e-01
      vertex   8.017671e-01   7.725685e-01   8.180304e-02
    endloop
  endfacet
  facet normal    9.540502e-01  -2.996467e-01   0.000000e+00
    outer loop
      vertex   8.200000e-01   7.150000e-01   1.860000e-01
      vertex   8.200000e-01   7.150000e-01   2.553333e-01
      vertex   8.020424e-01   6.578244e-01   2.208660e-01
    endloop
  endfacet
  facet normal    9.538504e-01   3.002822e-01   0.000000e+00
    outer loop
      vertex   8.200000e-01   7.150000e-01   2.553333e-01
      vertex   8.200000e-01   7.150000e-01   1.860000e-01
      vertex   8.019661e-01   7.722849e-01   2.206359e-01
    endloop
  endfacet
  facet normal    9.537890e-01   3.004769e-01  -3.539092e-04
    outer loop
      vertex   8.200000e-01   7.150000e-01   1.860000e-01
      vertex   8.019193e-01   7.723519e-01   1.512249e-01
      vertex   8.019661e-01   7.722849e-01   2.206359e-01
    endloop
  endfacet
  facet normal    9.540113e-01  -2.997705e-01  -2.230216e-04
    outer loop
      vertex   8.200000e-01   7.150000e-01   1.860000e-01
      vertex   8.020424e-01   6.578244e-01   2.208660e-01
      vertex   8.020128e-01   6.577820e-01   1.514325e-01
    endloop
  endfacet
  facet normal    9.539863e-01  -2.998501e-01   0.000000e+00
    outer loop
      vertex   8.200000e-01   7.150000e-01   2.553333e-01
      vertex   8.200000e-01   7.150000e-01   3.246667e-01
      vertex   8.020180e-01   6.577894e-01   2.900627e-01
    endloop
  endfacet
  facet normal    9.538693e-01   3.002221e-01   0.000000e+00
    outer loop
      vertex   8.200000e-01   7.150000e-01   3.246667e-01
      vertex   8.200000e-01   7.150000e-01   2.553333e-01
      vertex   8.019733e-01   7.722745e-01   2.900000e-01
    endloop
  endfacet
  facet normal    9.540184e-01  -2.997480e-01   1.847412e-04
    outer loop
      vertex   8.200000e-01   7.150000e-01   2.553333e-01
      vertex   8.020180e-01   6.577894e-01   2.900627e-01
      vertex   8.020424e-01   6.578244e-01   2.208660e-01
    endloop
  endfacet
  facet normal    9.538599e-01   3.002522e-01  -5.455381e-05
    outer loop
      vertex   8.019733e-01   7.722745e-01   2.900000e-01
      vertex   8.200000e-01   7.150000e-01   2.553333e-01
      vertex   8.019661e-01   7.722849e-01   2.206359e-01
    endloop
  endfacet
  facet normal    9.537256e-01  -3.006783e-01   0.000000e+00
    outer loop
      vertex   8.200000e-01   7.150000e-01   3.246667e-01
      vertex   8.200000e-01   7.150000e-01   3.940000e-01
      vertex   8.019185e-01   6.576471e-01   3.593727e-01
    endloop
  endfacet
  facet normal    9.527171e-01   3.038586e-01   0.000000e+00
    outer loop
      vertex   8.200000e-01   7.150000e-01   3.940000e-01
      vertex   8.200000e-01   7.150000e-01   3.246667e-01
      vertex   8.015340e-01   7.728983e-01   3.595304e-01
    endloop
  endfacet
  facet normal    9.538558e-01  -3.002641e-01   7.522815e-04
    outer loop
      vertex   8.020180e-01   6.577894e-01   2.900627e-01
      vertex   8.200000e-01   7.150000e-01   3.246667e-01
      vertex   8.019185e-01   6.576471e-01   3.593727e-01
    endloop
  endfacet
  facet normal    9.532879e-01   3.020451e-01   3.314082e-03
    outer loop
      vertex   8.200000e-01   7.150000e-01   3.246667e-01
      vertex   8.019733e-01   7.722745e-01   2.900000e-01
      vertex   8.015340e-01   7.728983e-01   3.595304e-01
    endloop
  endfacet
  facet normal    9.531420e-01   3.025234e-01   0.000000e+00
    outer loop
      vertex   8.200000e-01   7.150000e-01   4.633333e-01
      vertex   8.200000e-01   7.150000e-01   3.940000e-01
      vertex   8.016959e-01   7.726696e-01   4.290171e-01
    endloop
  endfacet
  facet normal    9.531434e-01  -3.025188e-01   0.000000e+00
    outer loop
      vertex   8.200000e-01   7.150000e-01   3.940000e-01
      vertex   8.200000e-01   7.150000e-01   4.633333e-01
      vertex   8.016965e-01   6.573312e-01   4.290682e-01
    endloop
  endfacet
  facet normal    9.529269e-01   3.031976e-01  -1.222712e-03
    outer loop
      vertex   8.016959e-01   7.726696e-01   4.290171e-01
      vertex   8.200000e-01   7.150000e-01   3.940000e-01
      vertex   8.015340e-01   7.728983e-01   3.595304e-01
    endloop
  endfacet
  facet normal    9.534346e-01  -3.015952e-01   1.670717e-03
    outer loop
      vertex   8.019185e-01   6.576471e-01   3.593727e-01
      vertex   8.200000e-01   7.150000e-01   3.940000e-01
      vertex   8.016965e-01   6.573312e-01   4.290682e-01
    endloop
  endfacet
  facet normal    9.536861e-01  -3.008037e-01   0.000000e+00
    outer loop
      vertex   8.200000e-01   7.150000e-01   4.633333e-01
      vertex   8.200000e-01   7.150000e-01   5.326667e-01
      vertex   8.019034e-01   6.576255e-01   4.983542e-01
    endloop
  endfacet
  facet normal    9.533288e-01   3.019342e-01   0.000000e+00
    outer loop
      vertex   8.200000e-01   7.150000e-01   5.326667e-01
      vertex   8.200000e-01   7.150000e-01   4.633333e-01
      vertex   8.017671e-01   7.725685e-01   4.981970e-01
    endloop
  endfacet
  facet normal    9.534102e-01  -3.016728e-01  -1.566388e-03
    outer loop
      vertex   8.200000e-01   7.150000e-01   4.633333e-01
      vertex   8.019034e-01   6.576255e-01   4.983542e-01
      vertex   8.016965e-01   6.573312e-01   4.290682e-01
    endloop
  endfacet
  facet normal    9.532344e-01   3.022314e-01  -5.400387e-04
    outer loop
      vertex   8.200000e-01   7.150000e-01   4.633333e-01
      vertex   8.016959e-01   7.726696e-01   4.290171e-01
      vertex   8.017671e-01   7.725685e-01   4.981970e-01
    endloop
  endfacet
  facet normal    9.537394e-01   3.006344e-01   0.000000e+00
    outer loop
      vertex   8.200000e-01   7.150000e-01   6.020000e-01
      vertex   8.200000e-01   7.150000e-01   5.326667e-01
      vertex   8.019238e-01   7.723454e-01   5.675623e-01
    endloop
  endfacet
  facet normal    9.521306e-01  -3.056914e-01   0.000000e+00
    outer loop
      vertex   8.200000e-01   7.150000e-01   5.326667e-01
      vertex   8.200000e-01   7.150000e-01   6.020000e-01
      vertex   8.013106e-01   6.567884e-01   5.664102e-01
    endloop
  endfacet
  facet normal    9.528888e-01  -3.032855e-01   4.570402e-03
    outer loop
      vertex   8.019034e-01   6.576255e-01   4.983542e-01
      vertex   8.200000e-01   7.150000e-01   5.326667e-01
      vertex   8.013106e-01   6.567884e-01   5.664102e-01
    endloop
  endfacet
  facet normal    9.535320e-01   3.012896e-01  -1.184124e-03
    outer loop
      vertex   8.019238e-01   7.723454e-01   5.675623e-01
      vertex   8.200000e-01   7.150000e-01   5.326667e-01
      vertex   8.017671e-01   7.725685e-01   4.981970e-01
    endloop
  endfacet
  facet normal    9.526649e-01  -3.040222e-01   0.000000e+00
    outer loop
      vertex   8.200000e-01   7.150000e-01   6.020000e-01
      vertex   8.200000e-01   7.150000e-01   6.713333e-01
      vertex   8.015141e-01   6.570737e-01   6.346694e-01
    endloop
  endfacet
  facet normal    9.540502e-01   2.996467e-01   0.000000e+00
    outer loop
      vertex   8.200000e-01   7.150000e-01   6.713333e-01
      vertex   8.200000e-01   7.150000e-01   6.020000e-01
      vertex   8.020424e-01   7.721756e-01   6.368660e-01
    endloop
  endfacet
  facet normal    9.538934e-01   3.001443e-01  -8.968984e-04
    outer loop
      vertex   8.200000e-01   7.150000e-01   6.020000e-01
      vertex   8.019238e-01   7.723454e-01   5.675623e-01
      vertex   8.020424e-01   7.721756e-01   6.368660e-01
    endloop
  endfacet
  facet normal    9.524077e-01  -3.048231e-01  -1.565677e-03
    outer loop
      vertex   8.200000e-01   7.150000e-01   6.020000e-01
      vertex   8.015141e-01   6.570737e-01   6.346694e-01
      vertex   8.013106e-01   6.567884e-01   5.664102e-01
    endloop
  endfacet
  facet normal    9.538693e-01   3.002221e-01   0.000000e+00
    outer loop
      vertex   8.200000e-01   7.150000e-01   7.406667e-01
      vertex   8.200000e-01   7.150000e-01   6.713333e-01
      vertex   8.019733e-01   7.722745e-01   7.060000e-01
    endloop
  endfacet
  facet normal    9.565457e-01  -2.915826e-01   0.000000e+00
    outer loop
      vertex   8.200000e-01   7.150000e-01   6.713333e-01
      vertex   8.200000e-01   7.150000e-01   7.406667e-01
      vertex   8.029959e-01   6.592176e-01   7.030030e-01
    endloop
  endfacet
  facet normal    9.546652e-01  -2.974643e-01  -1.136959e-02
    outer loop
      vertex   8.015141e-01   6.570737e-01   6.346694e-01
      vertex   8.200000e-01   7.150000e-01   6.713333e-01
      vertex   8.029959e-01   6.592176e-01   7.030030e-01
    endloop
  endfacet
  facet normal    9.539599e-01   2.999338e-01   5.234264e-04
    outer loop
      vertex   8.019733e-01   7.722745e-01   7.060000e-01
      vertex   8.200000e-01   7.150000e-01   6.713333e-01
      vertex   8.020424e-01   7.721756e-01   6.368660e-01
    endloop
  endfacet
  facet normal    9.611323e-01   2.711992e-01  -5.172701e-02
    outer loop
      vertex   8.200000e-01   7.150000e-01   7.406667e-01
      vertex   8.019733e-01   7.722745e-01   7.060000e-01
      vertex   8.071519e-01   7.640362e-01   7.590294e-01
    endloop
  endfacet
  facet normal    9.633569e-01  -2.647941e-01  -4.275052e-02
    outer loop
      vertex   8.029959e-01   6.592176e-01   7.030030e-01
      vertex   8.200000e-01   7.150000e-01   7.406667e-01
      vertex   8.075419e-01   6.666635e-01   7.593240e-01
    endloop
  endfacet
  facet normal    4.980651e-01   8.626740e-01  -8.789004e-02
    outer loop
      vertex   7.966044e-01   7.792788e-01  -2.300000e-01
      vertex   7.373648e-01   8.134808e-01  -2.300000e-01
      vertex   7.672141e-01   8.031523e-01  -1.622246e-01
    endloop
  endfacet
  facet normal    7.115743e-01   6.998660e-01   6.204514e-02
    outer loop
      vertex   7.966044e-01   7.792788e-01  -2.300000e-01
      vertex   7.672141e-01   8.031523e-01  -1.622246e-01
      vertex   8.071519e-01   7.640362e-01  -1.790294e-01
    endloop
  endfacet
  facet normal   -1.727460e-01   9.796913e-01  -1.018024e-01
    outer loop
      vertex   7.373648e-01   8.134808e-01  -2.300000e-01
      vertex   6.700000e-01   8.016025e-01  -2.300000e-01
      vertex   7.026352e-01   8.134808e-01  -1.710681e-01
    endloop
  endfacet
  facet normal    1.458560e-01   9.855646e-01   8.595564e-02
    outer loop
      vertex   7.373648e-01   8.134808e-01  -2.300000e-01
      vertex   7.026352e-01   8.134808e-01  -1.710681e-01
      vertex   7.672141e-01   8.031523e-01  -1.622246e-01
    endloop
  endfacet
  facet normal   -7.630767e-01   6.402974e-01  -8.793912e-02
    outer loop
      vertex   6.700000e-01   8.016025e-01  -2.300000e-01
      vertex   6.260307e-01   7.492020e-01  -2.300000e-01
      vertex   6.434203e-01   7.793082e-01  -1.616872e-01
    endloop
  endfacet
  facet normal   -4.863651e-01   8.686572e-01   9.425290e-02
    outer loop
      vertex   7.026352e-01   8.134808e-01  -1.710681e-01
      vertex   6.700000e-01   8.016025e-01  -2.300000e-01
      vertex   6.434203e-01   7.793082e-01  -1.616872e-01
    endloop
  endfacet
  facet normal   -9.916351e-01   3.218922e-15  -1.290730e-01
    outer loop
      vertex   6.260307e-01   7.492020e-01  -2.300000e-01
      vertex   6.260307e-01   6.807980e-01  -2.300000e-01
      vertex   6.200000e-01   7.150000e-01  -1.836674e-01
    endloop
  endfacet
  facet normal   -9.454348e-01   3.085322e-01   1.046941e-01
    outer loop
      vertex   6.434203e-01   7.793082e-01  -1.616872e-01
      vertex   6.260307e-01   7.492020e-01  -2.300000e-01
      vertex   6.200000e-01   7.150000e-01  -1.836674e-01
    endloop
  endfacet
  facet normal   -7.635525e-01  -6.406966e-01  -8.059458e-02
    outer loop
      vertex   6.260307e-01   6.807980e-01  -2.300000e-01
      vertex   6.700000e-01   6.283975e-01  -2.300000e-01
      vertex   6.398305e-01   6.552267e-01  -1.574565e-01
    endloop
  endfacet
  facet normal   -9.561595e-01  -2.808733e-01   8.288083e-02
    outer loop
      vertex   6.260307e-01   6.807980e-01  -2.300000e-01
      vertex   6.398305e-01   6.552267e-01  -1.574565e-01
      vertex   6.200000e-01   7.150000e-01  -1.836674e-01
    endloop
  endfacet
  facet normal   -1.729863e-01  -9.810539e-01  -8.722922e-02
    outer loop
      vertex   6.700000e-01   6.283975e-01  -2.300000e-01
      vertex   7.373648e-01   6.165192e-01  -2.300000e-01
      vertex   7.016763e-01   6.166931e-01  -1.611811e-01
    endloop
  endfacet
  facet normal   -5.221781e-01  -8.473899e-01   9.623128e-02
    outer loop
      vertex   6.398305e-01   6.552267e-01  -1.574565e-01
      vertex   6.700000e-01   6.283975e-01  -2.300000e-01
      vertex   7.016763e-01   6.166931e-01  -1.611811e-01
    endloop
  endfacet
  facet normal    4.976754e-01  -8.619990e-01  -9.631690e-02
    outer loop
      vertex   7.373648e-01   6.165192e-01  -2.300000e-01
      vertex   7.966044e-01   6.507212e-01  -2.300000e-01
      vertex   7.665274e-01   6.264833e-01  -1.684900e-01
    endloop
  endfacet
  facet normal    1.580380e-01  -9.838158e-01   8.444234e-02
    outer loop
      vertex   7.373648e-01   6.165192e-01  -2.300000e-01
      vertex   7.665274e-01   6.264833e-01  -1.684900e-01
      vertex   7.016763e-01   6.166931e-01  -1.611811e-01
    endloop
  endfacet
  facet normal    7.073477e-01  -7.035237e-01   6.865523e-02
    outer loop
      vertex   7.665274e-01   6.264833e-01  -1.684900e-01
      vertex   7.966044e-01   6.507212e-01  -2.300000e-01
      vertex   8.075419e-01   6.666635e-01  -1.793240e-01
    endloop
  endfacet
  facet normal    6.091859e-01  -7.930274e-01  -1.861962e-04
    outer loop
      vertex   8.020424e-01   6.578244e-01   2.208660e-01
      vertex   8.020180e-01   6.577894e-01   2.900627e-01
      vertex   7.541139e-01   6.209987e-01   2.553605e-01
    endloop
  endfacet
  facet normal    6.082157e-01  -7.937694e-01   1.939819e-03
    outer loop
      vertex   7.541139e-01   6.209987e-01   2.553605e-01
      vertex   8.020180e-01   6.577894e-01   2.900627e-01
      vertex   7.536983e-01   6.208489e-01   3.243760e-01
    endloop
  endfacet
  facet normal    6.070066e-01  -7.946964e-01  -7.608768e-04
    outer loop
      vertex   7.536983e-01   6.208489e-01   3.243760e-01
      vertex   8.020180e-01   6.577894e-01   2.900627e-01
      vertex   8.019185e-01   6.576471e-01   3.593727e-01
    endloop
  endfacet
  facet normal    6.096510e-01  -7.926535e-01   5.108250e-03
    outer loop
      vertex   8.013719e-01   6.568742e-01   1.378935e-02
      vertex   8.020508e-01   6.578365e-01   8.209232e-02
      vertex   7.547528e-01   6.212330e-01   4.713473e-02
    endloop
  endfacet
  facet normal    6.104742e-01  -7.920291e-01   3.340796e-03
    outer loop
      vertex   7.547528e-01   6.212330e-01   4.713473e-02
      vertex   8.020508e-01   6.578365e-01   8.209232e-02
      vertex   7.540266e-01   6.209671e-01   1.167774e-01
    endloop
  endfacet
  facet normal    6.088289e-01  -7.933015e-01  -2.896652e-04
    outer loop
      vertex   7.540266e-01   6.209671e-01   1.167774e-01
      vertex   8.020508e-01   6.578365e-01   8.209232e-02
      vertex   8.020128e-01   6.577820e-01   1.514325e-01
    endloop
  endfacet
  facet normal    6.089548e-01  -7.931924e-01  -4.452310e-03
    outer loop
      vertex   8.019034e-01   6.576255e-01   4.983542e-01
      vertex   8.013106e-01   6.567884e-01   5.664102e-01
      vertex   7.547528e-01   6.212330e-01   5.328653e-01
    endloop
  endfacet
  facet normal    6.089486e-01  -7.931971e-01  -4.465564e-03
    outer loop
      vertex   8.019034e-01   6.576255e-01   4.983542e-01
      vertex   7.547528e-01   6.212330e-01   5.328653e-01
      vertex   7.537794e-01   6.208780e-01   4.631950e-01
    endloop
  endfacet
  facet normal    6.061714e-01  -7.953325e-01   1.567704e-03
    outer loop
      vertex   8.019034e-01   6.576255e-01   4.983542e-01
      vertex   7.537794e-01   6.208780e-01   4.631950e-01
      vertex   8.016965e-01   6.573312e-01   4.290682e-01
    endloop
  endfacet
  facet normal    6.104213e-01   7.920768e-01  -3.360677e-04
    outer loop
      vertex   8.019238e-01   7.723454e-01   1.243765e-02
      vertex   8.019683e-01   7.722817e-01  -5.677085e-02
      vertex   7.545447e-01   8.088438e-01  -2.221126e-02
    endloop
  endfacet
  facet normal    6.100006e-01   7.924007e-01   5.804337e-04
    outer loop
      vertex   8.019238e-01   7.723454e-01   1.243765e-02
      vertex   7.545447e-01   8.088438e-01  -2.221126e-02
      vertex   7.544183e-01   8.088903e-01   4.725177e-02
    endloop
  endfacet
  facet normal    6.091919e-01   7.930220e-01  -1.175284e-03
    outer loop
      vertex   8.019238e-01   7.723454e-01   1.243765e-02
      vertex   7.544183e-01   8.088903e-01   4.725177e-02
      vertex   8.017671e-01   7.725685e-01   8.180304e-02
    endloop
  endfacet
  facet normal    6.108802e-01   7.917225e-01   8.943556e-04
    outer loop
      vertex   8.020424e-01   7.721756e-01   6.368660e-01
      vertex   8.019238e-01   7.723454e-01   5.675623e-01
      vertex   7.545927e-01   8.088261e-01   6.021988e-01
    endloop
  endfacet
  facet normal    6.100168e-01   7.923879e-01  -9.862940e-04
    outer loop
      vertex   7.545927e-01   8.088261e-01   6.021988e-01
      vertex   8.019238e-01   7.723454e-01   5.675623e-01
      vertex   7.543789e-01   8.089047e-01   5.330639e-01
    endloop
  endfacet
  facet normal    6.090306e-01   7.931458e-01   1.176047e-03
    outer loop
      vertex   7.543789e-01   8.089047e-01   5.330639e-01
      vertex   8.019238e-01   7.723454e-01   5.675623e-01
      vertex   8.017671e-01   7.725685e-01   4.981970e-01
    endloop
  endfacet
  facet normal   -9.696565e-01  -2.366001e-01  -6.153563e-02
    outer loop
      vertex   6.204928e-01   7.249155e-01  -1.206886e-01
      vertex   6.398305e-01   6.552267e-01  -1.574565e-01
      vertex   6.325059e-01   6.665770e-01  -8.567970e-02
    endloop
  endfacet
  facet normal   -9.545554e-01  -2.931693e-01   5.362638e-02
    outer loop
      vertex   6.398305e-01   6.552267e-01  -1.574565e-01
      vertex   6.204928e-01   7.249155e-01  -1.206886e-01
      vertex   6.200000e-01   7.150000e-01  -1.836674e-01
    endloop
  endfacet
  facet normal   -7.072329e-01  -7.058789e-01   3.945265e-02
    outer loop
      vertex   6.325059e-01   6.665770e-01  -8.567970e-02
      vertex   6.398305e-01   6.552267e-01  -1.574565e-01
      vertex   6.677704e-01   6.297236e-01  -1.128989e-01
    endloop
  endfacet
  facet normal   -5.294560e-01  -8.356294e-01  -1.462869e-01
    outer loop
      vertex   6.398305e-01   6.552267e-01  -1.574565e-01
      vertex   7.016763e-01   6.166931e-01  -1.611811e-01
      vertex   6.677704e-01   6.297236e-01  -1.128989e-01
    endloop
  endfacet
  facet normal   -9.696687e-01  -2.365451e-01   6.155536e-02
    outer loop
      vertex   6.398225e-01   6.552374e-01   7.374170e-01
      vertex   6.204928e-01   7.249160e-01   7.006821e-01
      vertex   6.324833e-01   6.666179e-01   6.655369e-01
    endloop
  endfacet
  facet normal   -9.545850e-01  -2.930761e-01  -5.360935e-02
    outer loop
      vertex   6.204928e-01   7.249160e-01   7.006821e-01
      vertex   6.398225e-01   6.552374e-01   7.374170e-01
      vertex   6.200000e-01   7.150000e-01   7.636675e-01
    endloop
  endfacet
  facet normal   -7.076465e-01  -7.054650e-01  -3.944073e-02
    outer loop
      vertex   6.398225e-01   6.552374e-01   7.374170e-01
      vertex   6.324833e-01   6.666179e-01   6.655369e-01
      vertex   6.676854e-01   6.297757e-01   6.929260e-01
    endloop
  endfacet
  facet normal   -5.295892e-01  -8.355089e-01   1.464925e-01
    outer loop
      vertex   7.016744e-01   6.166935e-01   7.411872e-01
      vertex   6.398225e-01   6.552374e-01   7.374170e-01
      vertex   6.676854e-01   6.297757e-01   6.929260e-01
    endloop
  endfacet
  facet normal    6.076103e-01   7.942351e-01   5.343479e-04
    outer loop
      vertex   8.017671e-01   7.725685e-01   4.981970e-01
      vertex   8.016959e-01   7.726696e-01   4.290171e-01
      vertex   7.542294e-01   8.089593e-01   4.637483e-01
    endloop
  endfacet
  facet normal    6.077311e-01   7.941424e-01   7.963394e-04
    outer loop
      vertex   7.542294e-01   8.089593e-01   4.637483e-01
      vertex   8.016959e-01   7.726696e-01   4.290171e-01
      vertex   7.544041e-01   8.088955e-01   3.940851e-01
    endloop
  endfacet
  facet normal    6.075436e-01   7.942854e-01   1.198552e-03
    outer loop
      vertex   7.544041e-01   8.088955e-01   3.940851e-01
      vertex   8.016959e-01   7.726696e-01   4.290171e-01
      vertex   8.015340e-01   7.728983e-01   3.595304e-01
    endloop
  endfacet
  facet normal    6.092439e-01   7.929821e-01   1.139898e-03
    outer loop
      vertex   8.019193e-01   7.723519e-01   1.512249e-01
      vertex   8.017671e-01   7.725685e-01   8.180304e-02
      vertex   7.544335e-01   8.088847e-01   1.166096e-01
    endloop
  endfacet
  facet normal    6.100719e-01   7.923458e-01  -6.675375e-04
    outer loop
      vertex   8.019193e-01   7.723519e-01   1.512249e-01
      vertex   7.544335e-01   8.088847e-01   1.166096e-01
      vertex   7.545787e-01   8.088313e-01   1.859584e-01
    endloop
  endfacet
  facet normal    6.105414e-01   7.919842e-01   3.521936e-04
    outer loop
      vertex   8.019193e-01   7.723519e-01   1.512249e-01
      vertex   7.545787e-01   8.088313e-01   1.859584e-01
      vertex   8.019661e-01   7.722849e-01   2.206359e-01
    endloop
  endfacet
  facet normal    6.093006e-01   7.929326e-01  -3.263014e-03
    outer loop
      vertex   8.015340e-01   7.728983e-01   3.595304e-01
      vertex   8.019733e-01   7.722745e-01   2.900000e-01
      vertex   7.545878e-01   8.088279e-01   3.244382e-01
    endloop
  endfacet
  facet normal    6.111528e-01   7.915126e-01   5.427799e-05
    outer loop
      vertex   8.019733e-01   7.722745e-01   2.900000e-01
      vertex   8.019661e-01   7.722849e-01   2.206359e-01
      vertex   7.546794e-01   8.087941e-01   2.550948e-01
    endloop
  endfacet
  facet normal    6.109833e-01   7.916434e-01   4.207826e-04
    outer loop
      vertex   8.019733e-01   7.722745e-01   2.900000e-01
      vertex   7.546794e-01   8.087941e-01   2.550948e-01
      vertex   7.545878e-01   8.088279e-01   3.244382e-01
    endloop
  endfacet
  facet normal    1.643344e-01   9.851645e-01  -4.944802e-02
    outer loop
      vertex   7.026352e-01   8.134808e-01  -1.710681e-01
      vertex   7.546434e-01   8.088074e-01  -9.133336e-02
      vertex   7.672141e-01   8.031523e-01  -1.622246e-01
    endloop
  endfacet
  facet normal    1.719511e-02   9.987317e-01   4.732098e-02
    outer loop
      vertex   7.546434e-01   8.088074e-01  -9.133336e-02
      vertex   7.026352e-01   8.134808e-01  -1.710681e-01
      vertex   6.903813e-01   8.105130e-01  -1.039789e-01
    endloop
  endfacet
  facet normal   -5.055301e-01   8.611022e-01  -5.424346e-02
    outer loop
      vertex   7.026352e-01   8.134808e-01  -1.710681e-01
      vertex   6.434203e-01   7.793082e-01  -1.616872e-01
      vertex   6.903813e-01   8.105130e-01  -1.039789e-01
    endloop
  endfacet
  facet normal    1.643983e-01   9.851694e-01   4.913684e-02
    outer loop
      vertex   7.547341e-01   8.087739e-01   6.711301e-01
      vertex   7.026352e-01   8.134808e-01   7.510681e-01
      vertex   7.672156e-01   8.031515e-01   7.420967e-01
    endloop
  endfacet
  facet normal    1.759150e-02   9.987239e-01  -4.734121e-02
    outer loop
      vertex   7.026352e-01   8.134808e-01   7.510681e-01
      vertex   7.547341e-01   8.087739e-01   6.711301e-01
      vertex   6.904025e-01   8.105196e-01   6.840524e-01
    endloop
  endfacet
  facet normal   -5.057935e-01   8.609451e-01   5.428226e-02
    outer loop
      vertex   6.433838e-01   7.792648e-01   7.416571e-01
      vertex   7.026352e-01   8.134808e-01   7.510681e-01
      vertex   6.904025e-01   8.105196e-01   6.840524e-01
    endloop
  endfacet
  facet normal    5.195777e-01  -8.544220e-01  -1.411463e-03
    outer loop
      vertex   8.015141e-01   6.570737e-01  -5.466941e-02
      vertex   8.013719e-01   6.568742e-01   1.378935e-02
      vertex   7.340394e-01   6.159904e-01  -2.340906e-02
    endloop
  endfacet
  facet normal    5.195485e-01  -8.544396e-01  -1.497600e-03
    outer loop
      vertex   8.015141e-01   6.570737e-01  -5.466941e-02
      vertex   7.340394e-01   6.159904e-01  -2.340906e-02
      vertex   7.337815e-01   6.159542e-01  -9.222471e-02
    endloop
  endfacet
  facet normal    5.250709e-01  -8.509208e-01  -1.531031e-02
    outer loop
      vertex   8.015141e-01   6.570737e-01  -5.466941e-02
      vertex   7.337815e-01   6.159542e-01  -9.222471e-02
      vertex   8.029959e-01   6.592176e-01  -1.230030e-01
    endloop
  endfacet
  facet normal    5.193735e-01  -8.545450e-01   2.023846e-03
    outer loop
      vertex   8.013106e-01   6.567884e-01   5.664102e-01
      vertex   8.015141e-01   6.570737e-01   6.346694e-01
      vertex   7.340402e-01   6.159905e-01   6.034090e-01
    endloop
  endfacet
  facet normal    5.195518e-01  -8.544376e-01   1.497915e-03
    outer loop
      vertex   7.340402e-01   6.159905e-01   6.034090e-01
      vertex   8.015141e-01   6.570737e-01   6.346694e-01
      vertex   7.337821e-01   6.159543e-01   6.722247e-01
    endloop
  endfacet
  facet normal    5.250739e-01  -8.509189e-01   1.530988e-02
    outer loop
      vertex   7.337821e-01   6.159543e-01   6.722247e-01
      vertex   8.015141e-01   6.570737e-01   6.346694e-01
      vertex   8.029959e-01   6.592176e-01   7.030030e-01
    endloop
  endfacet
  facet normal    5.667108e-01  -8.134316e-01   1.310261e-01
    outer loop
      vertex   7.337815e-01   6.159542e-01  -9.222471e-02
      vertex   7.665274e-01   6.264833e-01  -1.684900e-01
      vertex   8.029959e-01   6.592176e-01  -1.230030e-01
    endloop
  endfacet
  facet normal    1.404641e-01  -9.871663e-01  -7.597658e-02
    outer loop
      vertex   7.665274e-01   6.264833e-01  -1.684900e-01
      vertex   7.337815e-01   6.159542e-01  -9.222471e-02
      vertex   7.016763e-01   6.166931e-01  -1.611811e-01
    endloop
  endfacet
  facet normal    6.939909e-01  -7.189251e-01  -3.902950e-02
    outer loop
      vertex   8.029959e-01   6.592176e-01  -1.230030e-01
      vertex   7.665274e-01   6.264833e-01  -1.684900e-01
      vertex   8.075419e-01   6.666635e-01  -1.793240e-01
    endloop
  endfacet
  facet normal    5.667134e-01  -8.134302e-01  -1.310239e-01
    outer loop
      vertex   7.665274e-01   6.264834e-01   7.484897e-01
      vertex   7.337821e-01   6.159543e-01   6.722247e-01
      vertex   8.029959e-01   6.592176e-01   7.030030e-01
    endloop
  endfacet
  facet normal    1.404621e-01  -9.871665e-01   7.597796e-02
    outer loop
      vertex   7.337821e-01   6.159543e-01   6.722247e-01
      vertex   7.665274e-01   6.264834e-01   7.484897e-01
      vertex   7.016744e-01   6.166935e-01   7.411872e-01
    endloop
  endfacet
  facet normal    6.939909e-01  -7.189251e-01   3.902950e-02
    outer loop
      vertex   7.665274e-01   6.264834e-01   7.484897e-01
      vertex   8.029959e-01   6.592176e-01   7.030030e-01
      vertex   8.075419e-01   6.666635e-01   7.593240e-01
    endloop
  endfacet
  facet normal    6.116495e-01   7.911287e-01  -5.213951e-04
    outer loop
      vertex   8.019733e-01   7.722745e-01   7.060000e-01
      vertex   8.020424e-01   7.721756e-01   6.368660e-01
      vertex   7.547341e-01   8.087739e-01   6.711301e-01
    endloop
  endfacet
  facet normal    6.336092e-01   7.720180e-01  -5.027470e-02
    outer loop
      vertex   8.019733e-01   7.722745e-01   7.060000e-01
      vertex   7.547341e-01   8.087739e-01   6.711301e-01
      vertex   7.672156e-01   8.031515e-01   7.420967e-01
    endloop
  endfacet
  facet normal    6.892027e-01   7.231671e-01   4.504360e-02
    outer loop
      vertex   8.019733e-01   7.722745e-01   7.060000e-01
      vertex   7.672156e-01   8.031515e-01   7.420967e-01
      vertex   8.071519e-01   7.640362e-01   7.590294e-01
    endloop
  endfacet
  facet normal    6.110088e-01   7.916238e-01  -3.765881e-05
    outer loop
      vertex   8.019683e-01   7.722817e-01  -5.677085e-02
      vertex   8.019733e-01   7.722745e-01  -1.260000e-01
      vertex   7.546434e-01   8.088074e-01  -9.133336e-02
    endloop
  endfacet
  facet normal    6.332384e-01   7.722957e-01   5.068062e-02
    outer loop
      vertex   7.546434e-01   8.088074e-01  -9.133336e-02
      vertex   8.019733e-01   7.722745e-01  -1.260000e-01
      vertex   7.672141e-01   8.031523e-01  -1.622246e-01
    endloop
  endfacet
  facet normal    6.892760e-01   7.230984e-01  -4.502578e-02
    outer loop
      vertex   7.672141e-01   8.031523e-01  -1.622246e-01
      vertex   8.019733e-01   7.722745e-01  -1.260000e-01
      vertex   8.071519e-01   7.640362e-01  -1.790294e-01
    endloop
  endfacet
  facet normal    5.562861e-01  -8.247015e-01   1.020452e-01
    outer loop
      vertex   7.547528e-01   6.212330e-01   5.328653e-01
      vertex   8.013106e-01   6.567884e-01   5.664102e-01
      vertex   7.340402e-01   6.159905e-01   6.034090e-01
    endloop
  endfacet
  facet normal   -5.495604e-02  -9.984716e-01   5.855897e-03
    outer loop
      vertex   7.537794e-01   6.208780e-01   4.631950e-01
      vertex   7.547528e-01   6.212330e-01   5.328653e-01
      vertex   6.756027e-01   6.253960e-01   4.998736e-01
    endloop
  endfacet
  facet normal   -9.587636e-02  -9.901805e-01  -1.017365e-01
    outer loop
      vertex   6.760705e-01   6.251657e-01   5.687394e-01
      vertex   7.547528e-01   6.212330e-01   5.328653e-01
      vertex   7.340402e-01   6.159905e-01   6.034090e-01
    endloop
  endfacet
  facet normal   -5.127943e-02  -9.986799e-01  -2.990905e-03
    outer loop
      vertex   7.547528e-01   6.212330e-01   5.328653e-01
      vertex   6.760705e-01   6.251657e-01   5.687394e-01
      vertex   6.756027e-01   6.253960e-01   4.998736e-01
    endloop
  endfacet
  facet normal    6.043747e-01  -7.966966e-01  -2.412104e-03
    outer loop
      vertex   7.537794e-01   6.208780e-01   4.631950e-01
      vertex   7.532591e-01   6.206929e-01   3.939688e-01
      vertex   8.016965e-01   6.573312e-01   4.290682e-01
    endloop
  endfacet
  facet normal    5.951099e-03  -9.999788e-01   2.629227e-03
    outer loop
      vertex   7.532591e-01   6.206929e-01   3.939688e-01
      vertex   7.537794e-01   6.208780e-01   4.631950e-01
      vertex   6.876103e-01   6.203908e-01   4.276541e-01
    endloop
  endfacet
  facet normal   -2.734632e-02  -9.975372e-01   6.458810e-02
    outer loop
      vertex   6.876103e-01   6.203908e-01   4.276541e-01
      vertex   7.537794e-01   6.208780e-01   4.631950e-01
      vertex   6.756027e-01   6.253960e-01   4.998736e-01
    endloop
  endfacet
  facet normal    5.569641e-01  -8.242140e-01  -1.022851e-01
    outer loop
      vertex   8.013719e-01   6.568742e-01   1.378935e-02
      vertex   7.547528e-01   6.212330e-01   4.713473e-02
      vertex   7.340394e-01   6.159904e-01  -2.340906e-02
    endloop
  endfacet
  facet normal   -5.434606e-02  -9.985126e-01  -4.379685e-03
    outer loop
      vertex   7.547528e-01   6.212330e-01   4.713473e-02
      vertex   7.540266e-01   6.209671e-01   1.167774e-01
      vertex   6.756021e-01   6.253963e-01   8.012597e-02
    endloop
  endfacet
  facet normal   -9.588573e-02  -9.901791e-01   1.017415e-01
    outer loop
      vertex   7.547528e-01   6.212330e-01   4.713473e-02
      vertex   6.760697e-01   6.251661e-01   1.125818e-02
      vertex   7.340394e-01   6.159904e-01  -2.340906e-02
    endloop
  endfacet
  facet normal   -5.128334e-02  -9.986797e-01   2.989318e-03
    outer loop
      vertex   6.760697e-01   6.251661e-01   1.125818e-02
      vertex   7.547528e-01   6.212330e-01   4.713473e-02
      vertex   6.756021e-01   6.253963e-01   8.012597e-02
    endloop
  endfacet
  facet normal    6.078029e-01  -7.940855e-01   1.963929e-03
    outer loop
      vertex   7.536049e-01   6.208155e-01   1.860259e-01
      vertex   7.540266e-01   6.209671e-01   1.167774e-01
      vertex   8.020128e-01   6.577820e-01   1.514325e-01
    endloop
  endfacet
  facet normal    1.886758e-02  -9.998198e-01  -2.073113e-03
    outer loop
      vertex   7.540266e-01   6.209671e-01   1.167774e-01
      vertex   7.536049e-01   6.208155e-01   1.860259e-01
      vertex   6.897619e-01   6.196813e-01   1.520225e-01
    endloop
  endfacet
  facet normal   -2.122245e-02  -9.969526e-01  -7.506712e-02
    outer loop
      vertex   7.540266e-01   6.209671e-01   1.167774e-01
      vertex   6.897619e-01   6.196813e-01   1.520225e-01
      vertex   6.756021e-01   6.253963e-01   8.012597e-02
    endloop
  endfacet
  facet normal    6.081964e-01  -7.937831e-01  -2.367931e-03
    outer loop
      vertex   8.020424e-01   6.578244e-01   2.208660e-01
      vertex   7.541139e-01   6.209987e-01   2.553605e-01
      vertex   7.536049e-01   6.208155e-01   1.860259e-01
    endloop
  endfacet
  facet normal    6.070203e-01  -7.946863e-01   2.266647e-04
    outer loop
      vertex   8.020424e-01   6.578244e-01   2.208660e-01
      vertex   7.536049e-01   6.208155e-01   1.860259e-01
      vertex   8.020128e-01   6.577820e-01   1.514325e-01
    endloop
  endfacet
  facet normal   -3.918486e-03  -9.999899e-01  -2.193899e-03
    outer loop
      vertex   7.541139e-01   6.209987e-01   2.553605e-01
      vertex   7.536983e-01   6.208489e-01   3.243760e-01
      vertex   6.853546e-01   6.211933e-01   2.894773e-01
    endloop
  endfacet
  facet normal   -2.953712e-02  -9.995596e-01   2.857417e-03
    outer loop
      vertex   7.536049e-01   6.208155e-01   1.860259e-01
      vertex   7.541139e-01   6.209987e-01   2.553605e-01
      vertex   6.806304e-01   6.230759e-01   2.223998e-01
    endloop
  endfacet
  facet normal   -1.618221e-02  -9.995068e-01  -2.691308e-02
    outer loop
      vertex   7.541139e-01   6.209987e-01   2.553605e-01
      vertex   6.853546e-01   6.211933e-01   2.894773e-01
      vertex   6.806304e-01   6.230759e-01   2.223998e-01
    endloop
  endfacet
  facet normal    6.057212e-01  -7.956744e-01   2.038479e-03
    outer loop
      vertex   7.536983e-01   6.208489e-01   3.243760e-01
      vertex   8.019185e-01   6.576471e-01   3.593727e-01
      vertex   7.532591e-01   6.206929e-01   3.939688e-01
    endloop
  endfacet
  facet normal   -2.332484e-02  -9.997251e-01  -2.388665e-03
    outer loop
      vertex   7.536983e-01   6.208489e-01   3.243760e-01
      vertex   7.532591e-01   6.206929e-01   3.939688e-01
      vertex   6.821467e-01   6.224412e-01   3.566445e-01
    endloop
  endfacet
  facet normal   -1.417653e-02  -9.997393e-01   1.789732e-02
    outer loop
      vertex   6.853546e-01   6.211933e-01   2.894773e-01
      vertex   7.536983e-01   6.208489e-01   3.243760e-01
      vertex   6.821467e-01   6.224412e-01   3.566445e-01
    endloop
  endfacet
  facet normal   -7.403201e-03  -9.988571e-01   4.721947e-02
    outer loop
      vertex   6.897619e-01   6.196813e-01   1.520225e-01
      vertex   7.536049e-01   6.208155e-01   1.860259e-01
      vertex   6.806304e-01   6.230759e-01   2.223998e-01
    endloop
  endfacet
  facet normal    6.040417e-01  -7.969509e-01  -1.687199e-03
    outer loop
      vertex   7.532591e-01   6.206929e-01   3.939688e-01
      vertex   8.019185e-01   6.576471e-01   3.593727e-01
      vertex   8.016965e-01   6.573312e-01   4.290682e-01
    endloop
  endfacet
  facet normal   -9.822075e-03  -9.995567e-01  -2.810707e-02
    outer loop
      vertex   7.532591e-01   6.206929e-01   3.939688e-01
      vertex   6.876103e-01   6.203908e-01   4.276541e-01
      vertex   6.821467e-01   6.224412e-01   3.566445e-01
    endloop
  endfacet
  facet normal    6.107831e-01   7.917979e-01   4.554145e-04
    outer loop
      vertex   7.545447e-01   8.088438e-01  -2.221126e-02
      vertex   8.019683e-01   7.722817e-01  -5.677085e-02
      vertex   7.546434e-01   8.088074e-01  -9.133336e-02
    endloop
  endfacet
  facet normal    4.819970e-02   9.988376e-01  -5.800690e-04
    outer loop
      vertex   7.544183e-01   8.088903e-01   4.725177e-02
      vertex   7.545447e-01   8.088438e-01  -2.221126e-02
      vertex   6.947163e-01   8.117509e-01   1.219274e-02
    endloop
  endfacet
  facet normal    4.763574e-02   9.988636e-01  -1.563004e-03
    outer loop
      vertex   6.947163e-01   8.117509e-01   1.219274e-02
      vertex   7.545447e-01   8.088438e-01  -2.221126e-02
      vertex   6.943877e-01   8.116644e-01  -5.307724e-02
    endloop
  endfacet
  facet normal    4.707050e-02   9.988915e-01  -4.588192e-04
    outer loop
      vertex   6.943877e-01   8.116644e-01  -5.307724e-02
      vertex   7.545447e-01   8.088438e-01  -2.221126e-02
      vertex   7.546434e-01   8.088074e-01  -9.133336e-02
    endloop
  endfacet
  facet normal    6.086845e-01   7.934123e-01  -6.964875e-05
    outer loop
      vertex   8.017671e-01   7.725685e-01   8.180304e-02
      vertex   7.544183e-01   8.088903e-01   4.725177e-02
      vertex   7.544335e-01   8.088847e-01   1.166096e-01
    endloop
  endfacet
  facet normal    4.756515e-02   9.988681e-01   6.985221e-05
    outer loop
      vertex   7.544335e-01   8.088847e-01   1.166096e-01
      vertex   7.544183e-01   8.088903e-01   4.725177e-02
      vertex   6.946514e-01   8.117339e-01   8.174634e-02
    endloop
  endfacet
  facet normal    4.769094e-02   9.988621e-01   2.883008e-04
    outer loop
      vertex   7.544183e-01   8.088903e-01   4.725177e-02
      vertex   6.947163e-01   8.117509e-01   1.219274e-02
      vertex   6.946514e-01   8.117339e-01   8.174634e-02
    endloop
  endfacet
  facet normal    4.785790e-02   9.988539e-01   6.687708e-04
    outer loop
      vertex   7.545787e-01   8.088313e-01   1.859584e-01
      vertex   7.544335e-01   8.088847e-01   1.166096e-01
      vertex   6.946256e-01   8.117271e-01   1.511300e-01
    endloop
  endfacet
  facet normal    4.753894e-02   9.988694e-01   1.148960e-04
    outer loop
      vertex   6.946256e-01   8.117271e-01   1.511300e-01
      vertex   7.544335e-01   8.088847e-01   1.166096e-01
      vertex   6.946514e-01   8.117339e-01   8.174634e-02
    endloop
  endfacet
  facet normal    4.878717e-02   9.988088e-01  -9.346214e-04
    outer loop
      vertex   7.545787e-01   8.088313e-01   1.859584e-01
      vertex   6.946256e-01   8.117271e-01   1.511300e-01
      vertex   6.948354e-01   8.117819e-01   2.206256e-01
    endloop
  endfacet
  facet normal    4.959726e-02   9.987692e-01   4.647983e-04
    outer loop
      vertex   7.545787e-01   8.088313e-01   1.859584e-01
      vertex   6.948354e-01   8.117819e-01   2.206256e-01
      vertex   7.546794e-01   8.087941e-01   2.550948e-01
    endloop
  endfacet
  facet normal    6.109160e-01   7.916953e-01  -4.642160e-04
    outer loop
      vertex   8.019661e-01   7.722849e-01   2.206359e-01
      vertex   7.545787e-01   8.088313e-01   1.859584e-01
      vertex   7.546794e-01   8.087941e-01   2.550948e-01
    endloop
  endfacet
  facet normal    6.115891e-01   7.911753e-01  -6.544620e-04
    outer loop
      vertex   8.020424e-01   7.721756e-01   6.368660e-01
      vertex   7.545927e-01   8.088261e-01   6.021988e-01
      vertex   7.547341e-01   8.087739e-01   6.711301e-01
    endloop
  endfacet
  facet normal    5.065142e-02   9.987159e-01   9.781811e-04
    outer loop
      vertex   7.545927e-01   8.088261e-01   6.021988e-01
      vertex   7.543789e-01   8.089047e-01   5.330639e-01
      vertex   6.951862e-01   8.118725e-01   5.680467e-01
    endloop
  endfacet
  facet normal    4.919418e-02   9.987830e-01   3.518988e-03
    outer loop
      vertex   7.545927e-01   8.088261e-01   6.021988e-01
      vertex   6.951862e-01   8.118725e-01   5.680467e-01
      vertex   6.944456e-01   8.116797e-01   6.331037e-01
    endloop
  endfacet
  facet normal    4.772828e-02   9.988601e-01   6.589364e-04
    outer loop
      vertex   7.545927e-01   8.088261e-01   6.021988e-01
      vertex   6.944456e-01   8.116797e-01   6.331037e-01
      vertex   7.547341e-01   8.087739e-01   6.711301e-01
    endloop
  endfacet
  facet normal    6.081680e-01   7.938080e-01  -6.864446e-04
    outer loop
      vertex   7.543789e-01   8.089047e-01   5.330639e-01
      vertex   8.017671e-01   7.725685e-01   4.981970e-01
      vertex   7.542294e-01   8.089593e-01   4.637483e-01
    endloop
  endfacet
  facet normal    4.853329e-02   9.988213e-01   6.820675e-04
    outer loop
      vertex   7.543789e-01   8.089047e-01   5.330639e-01
      vertex   7.542294e-01   8.089593e-01   4.637483e-01
      vertex   6.949628e-01   8.118150e-01   4.990468e-01
    endloop
  endfacet
  facet normal    4.948969e-02   9.987741e-01  -9.924681e-04
    outer loop
      vertex   6.951862e-01   8.118725e-01   5.680467e-01
      vertex   7.543789e-01   8.089047e-01   5.330639e-01
      vertex   6.949628e-01   8.118150e-01   4.990468e-01
    endloop
  endfacet
  facet normal    4.459579e-02   9.990048e-01  -8.033767e-04
    outer loop
      vertex   7.542294e-01   8.089593e-01   4.637483e-01
      vertex   7.544041e-01   8.088955e-01   3.940851e-01
      vertex   6.941895e-01   8.116117e-01   4.291688e-01
    endloop
  endfacet
  facet normal    4.609753e-02   9.989311e-01  -3.416474e-03
    outer loop
      vertex   7.542294e-01   8.089593e-01   4.637483e-01
      vertex   6.941895e-01   8.116117e-01   4.291688e-01
      vertex   6.949628e-01   8.118150e-01   4.990468e-01
    endloop
  endfacet
  facet normal    4.615970e-02   9.989323e-01   1.886389e-03
    outer loop
      vertex   6.941895e-01   8.116117e-01   4.291688e-01
      vertex   7.544041e-01   8.088955e-01   3.940851e-01
      vertex   6.946108e-01   8.117233e-01   3.597652e-01
    endloop
  endfacet
  facet normal    4.772270e-02   9.988603e-01  -8.426589e-04
    outer loop
      vertex   6.946108e-01   8.117233e-01   3.597652e-01
      vertex   7.544041e-01   8.088955e-01   3.940851e-01
      vertex   7.545878e-01   8.088279e-01   3.244382e-01
    endloop
  endfacet
  facet normal    6.073742e-01   7.944154e-01   8.321950e-04
    outer loop
      vertex   7.544041e-01   8.088955e-01   3.940851e-01
      vertex   8.015340e-01   7.728983e-01   3.595304e-01
      vertex   7.545878e-01   8.088279e-01   3.244382e-01
    endloop
  endfacet
  facet normal   -6.398953e-01  -7.679856e-01   2.705836e-02
    outer loop
      vertex   6.821467e-01   6.224412e-01   3.566445e-01
      vertex   6.876103e-01   6.203908e-01   4.276541e-01
      vertex   6.340883e-01   6.638221e-01   3.946194e-01
    endloop
  endfacet
  facet normal   -6.640183e-01  -7.454053e-01  -5.874236e-02
    outer loop
      vertex   6.876103e-01   6.203908e-01   4.276541e-01
      vertex   6.756027e-01   6.253960e-01   4.998736e-01
      vertex   6.325666e-01   6.664675e-01   4.651767e-01
    endloop
  endfacet
  facet normal   -6.356863e-01  -7.717973e-01   1.522767e-02
    outer loop
      vertex   6.876103e-01   6.203908e-01   4.276541e-01
      vertex   6.325666e-01   6.664675e-01   4.651767e-01
      vertex   6.340883e-01   6.638221e-01   3.946194e-01
    endloop
  endfacet
  facet normal   -6.508071e-01  -7.592338e-01   3.763481e-03
    outer loop
      vertex   6.327714e-01   6.661005e-01   2.558596e-01
      vertex   6.853546e-01   6.211933e-01   2.894773e-01
      vertex   6.324070e-01   6.667561e-01   3.251242e-01
    endloop
  endfacet
  facet normal   -6.585064e-01  -7.521508e-01   2.526793e-02
    outer loop
      vertex   6.853546e-01   6.211933e-01   2.894773e-01
      vertex   6.327714e-01   6.661005e-01   2.558596e-01
      vertex   6.806304e-01   6.230759e-01   2.223998e-01
    endloop
  endfacet
  facet normal   -6.589111e-01  -7.520173e-01  -1.749763e-02
    outer loop
      vertex   6.324070e-01   6.667561e-01   3.251242e-01
      vertex   6.853546e-01   6.211933e-01   2.894773e-01
      vertex   6.821467e-01   6.224412e-01   3.566445e-01
    endloop
  endfacet
  facet normal   -6.328876e-01  -7.742428e-01  -1.206204e-03
    outer loop
      vertex   6.897619e-01   6.196813e-01   1.520225e-01
      vertex   6.326561e-01   6.663067e-01   1.870018e-01
      vertex   6.325414e-01   6.665129e-01   1.148011e-01
    endloop
  endfacet
  facet normal   -6.490587e-01  -7.592480e-01  -4.759380e-02
    outer loop
      vertex   6.326561e-01   6.663067e-01   1.870018e-01
      vertex   6.897619e-01   6.196813e-01   1.520225e-01
      vertex   6.806304e-01   6.230759e-01   2.223998e-01
    endloop
  endfacet
  facet normal   -6.587432e-01  -7.490863e-01   7.019328e-02
    outer loop
      vertex   6.756021e-01   6.253963e-01   8.012597e-02
      vertex   6.897619e-01   6.196813e-01   1.520225e-01
      vertex   6.325414e-01   6.665129e-01   1.148011e-01
    endloop
  endfacet
  facet normal   -5.308692e-01   8.474524e-01   1.549849e-03
    outer loop
      vertex   6.947163e-01   8.117509e-01   1.219274e-02
      vertex   6.943877e-01   8.116644e-01  -5.307724e-02
      vertex   6.440952e-01   7.801035e-01  -2.233408e-02
    endloop
  endfacet
  facet normal   -5.304181e-01   8.477360e-01   6.285304e-04
    outer loop
      vertex   6.947163e-01   8.117509e-01   1.219274e-02
      vertex   6.440952e-01   7.801035e-01  -2.233408e-02
      vertex   6.440004e-01   7.799927e-01   4.701329e-02
    endloop
  endfacet
  facet normal   -5.308704e-01   8.474530e-01  -2.883231e-04
    outer loop
      vertex   6.947163e-01   8.117509e-01   1.219274e-02
      vertex   6.440004e-01   7.799927e-01   4.701329e-02
      vertex   6.946514e-01   8.117339e-01   8.174634e-02
    endloop
  endfacet
  facet normal   -5.291322e-01   8.485321e-01  -3.509999e-03
    outer loop
      vertex   6.944456e-01   8.116797e-01   6.331037e-01
      vertex   6.951862e-01   8.118725e-01   5.680467e-01
      vertex   6.441905e-01   7.802144e-01   6.024059e-01
    endloop
  endfacet
  facet normal   -5.276246e-01   8.494775e-01  -4.012787e-04
    outer loop
      vertex   6.441905e-01   7.802144e-01   6.024059e-01
      vertex   6.951862e-01   8.118725e-01   5.680467e-01
      vertex   6.441304e-01   7.801445e-01   5.333936e-01
    endloop
  endfacet
  facet normal   -5.283119e-01   8.490498e-01   1.002933e-03
    outer loop
      vertex   6.441304e-01   7.801445e-01   5.333936e-01
      vertex   6.951862e-01   8.118725e-01   5.680467e-01
      vertex   6.949628e-01   8.118150e-01   4.990468e-01
    endloop
  endfacet
  facet normal   -5.326434e-01   8.463377e-01  -1.873106e-03
    outer loop
      vertex   6.941895e-01   8.116117e-01   4.291688e-01
      vertex   6.946108e-01   8.117233e-01   3.597652e-01
      vertex   6.439188e-01   7.798972e-01   3.945713e-01
    endloop
  endfacet
  facet normal   -5.345024e-01   8.451648e-01   1.903127e-03
    outer loop
      vertex   6.941895e-01   8.116117e-01   4.291688e-01
      vertex   6.439188e-01   7.798972e-01   3.945713e-01
      vertex   6.436330e-01   7.795607e-01   4.637581e-01
    endloop
  endfacet
  facet normal   -5.337460e-01   8.456378e-01   3.446922e-03
    outer loop
      vertex   6.941895e-01   8.116117e-01   4.291688e-01
      vertex   6.436330e-01   7.795607e-01   4.637581e-01
      vertex   6.949628e-01   8.118150e-01   4.990468e-01
    endloop
  endfacet
  facet normal   -5.310814e-01   8.473198e-01   1.299988e-03
    outer loop
      vertex   6.439188e-01   7.798972e-01   3.945713e-01
      vertex   6.946108e-01   8.117233e-01   3.597652e-01
      vertex   6.441159e-01   7.801276e-01   3.249288e-01
    endloop
  endfacet
  facet normal   -5.300957e-01   8.479376e-01  -6.890217e-04
    outer loop
      vertex   6.946108e-01   8.117233e-01   3.597652e-01
      vertex   6.947666e-01   8.117640e-01   2.900893e-01
      vertex   6.441159e-01   7.801276e-01   3.249288e-01
    endloop
  endfacet
  facet normal    4.862502e-02   9.988169e-01   6.928226e-04
    outer loop
      vertex   6.947666e-01   8.117640e-01   2.900893e-01
      vertex   6.946108e-01   8.117233e-01   3.597652e-01
      vertex   7.545878e-01   8.088279e-01   3.244382e-01
    endloop
  endfacet
  facet normal   -5.309240e-01   8.474189e-01   9.344875e-04
    outer loop
      vertex   6.948354e-01   8.117819e-01   2.206256e-01
      vertex   6.946256e-01   8.117271e-01   1.511300e-01
      vertex   6.439594e-01   7.799448e-01   1.864702e-01
    endloop
  endfacet
  facet normal   -5.316059e-01   8.469918e-01  -4.271394e-04
    outer loop
      vertex   6.439594e-01   7.799448e-01   1.864702e-01
      vertex   6.946256e-01   8.117271e-01   1.511300e-01
      vertex   6.438947e-01   7.798690e-01   1.166365e-01
    endloop
  endfacet
  facet normal   -5.317581e-01   8.468963e-01  -1.150013e-04
    outer loop
      vertex   6.438947e-01   7.798690e-01   1.166365e-01
      vertex   6.946256e-01   8.117271e-01   1.511300e-01
      vertex   6.946514e-01   8.117339e-01   8.174634e-02
    endloop
  endfacet
  facet normal   -5.299536e-01   8.480260e-01  -1.076927e-03
    outer loop
      vertex   6.948354e-01   8.117819e-01   2.206256e-01
      vertex   6.439594e-01   7.799448e-01   1.864702e-01
      vertex   6.441211e-01   7.801337e-01   2.556057e-01
    endloop
  endfacet
  facet normal   -5.295711e-01   8.482655e-01  -3.057748e-04
    outer loop
      vertex   6.948354e-01   8.117819e-01   2.206256e-01
      vertex   6.441211e-01   7.801337e-01   2.556057e-01
      vertex   6.947666e-01   8.117640e-01   2.900893e-01
    endloop
  endfacet
  facet normal    4.968802e-02   9.987647e-01   3.068354e-04
    outer loop
      vertex   6.948354e-01   8.117819e-01   2.206256e-01
      vertex   6.947666e-01   8.117640e-01   2.900893e-01
      vertex   7.546794e-01   8.087941e-01   2.550948e-01
    endloop
  endfacet
  facet normal   -9.198630e-01   3.922396e-01   4.262610e-04
    outer loop
      vertex   6.439594e-01   7.799448e-01   1.864702e-01
      vertex   6.438947e-01   7.798690e-01   1.166365e-01
      vertex   6.204974e-01   7.249613e-01   1.509338e-01
    endloop
  endfacet
  facet normal   -9.194119e-01   3.932945e-01   1.076040e-03
    outer loop
      vertex   6.441211e-01   7.801337e-01   2.556057e-01
      vertex   6.439594e-01   7.799448e-01   1.864702e-01
      vertex   6.205027e-01   7.250144e-01   2.212805e-01
    endloop
  endfacet
  facet normal   -9.197107e-01   3.925966e-01  -2.265733e-04
    outer loop
      vertex   6.205027e-01   7.250144e-01   2.212805e-01
      vertex   6.439594e-01   7.799448e-01   1.864702e-01
      vertex   6.204974e-01   7.249613e-01   1.509338e-01
    endloop
  endfacet
  facet normal   -5.313565e-01   8.471480e-01   6.992288e-04
    outer loop
      vertex   6.440004e-01   7.799927e-01   4.701329e-02
      vertex   6.438947e-01   7.798690e-01   1.166365e-01
      vertex   6.946514e-01   8.117339e-01   8.174634e-02
    endloop
  endfacet
  facet normal   -9.194664e-01   3.931681e-01  -6.962881e-04
    outer loop
      vertex   6.438947e-01   7.798690e-01   1.166365e-01
      vertex   6.440004e-01   7.799927e-01   4.701329e-02
      vertex   6.205143e-01   7.251287e-01   8.130612e-02
    endloop
  endfacet
  facet normal   -9.197966e-01   3.923949e-01   7.201336e-04
    outer loop
      vertex   6.204974e-01   7.249613e-01   1.509338e-01
      vertex   6.438947e-01   7.798690e-01   1.166365e-01
      vertex   6.205143e-01   7.251287e-01   8.130612e-02
    endloop
  endfacet
  facet normal   -9.189307e-01   3.944177e-01  -1.058707e-03
    outer loop
      vertex   6.441211e-01   7.801337e-01   2.556057e-01
      vertex   6.205027e-01   7.250144e-01   2.212805e-01
      vertex   6.205275e-01   7.252576e-01   2.903861e-01
    endloop
  endfacet
  facet normal   -9.186958e-01   3.949658e-01  -3.448896e-05
    outer loop
      vertex   6.441211e-01   7.801337e-01   2.556057e-01
      vertex   6.205275e-01   7.252576e-01   2.903861e-01
      vertex   6.441159e-01   7.801276e-01   3.249288e-01
    endloop
  endfacet
  facet normal   -5.297378e-01   8.481614e-01   3.448077e-05
    outer loop
      vertex   6.947666e-01   8.117640e-01   2.900893e-01
      vertex   6.441211e-01   7.801337e-01   2.556057e-01
      vertex   6.441159e-01   7.801276e-01   3.249288e-01
    endloop
  endfacet
  facet normal   -9.201874e-01   3.914735e-01  -1.896673e-03
    outer loop
      vertex   6.436330e-01   7.795607e-01   4.637581e-01
      vertex   6.439188e-01   7.798972e-01   3.945713e-01
      vertex   6.205043e-01   7.250300e-01   4.297219e-01
    endloop
  endfacet
  facet normal   -9.194553e-01   3.931926e-01   1.274419e-03
    outer loop
      vertex   6.205043e-01   7.250300e-01   4.297219e-01
      vertex   6.439188e-01   7.798972e-01   3.945713e-01
      vertex   6.205348e-01   7.253286e-01   3.596394e-01
    endloop
  endfacet
  facet normal   -9.188596e-01   3.945826e-01  -1.295682e-03
    outer loop
      vertex   6.439188e-01   7.798972e-01   3.945713e-01
      vertex   6.441159e-01   7.801276e-01   3.249288e-01
      vertex   6.205348e-01   7.253286e-01   3.596394e-01
    endloop
  endfacet
  facet normal   -9.204961e-01   3.907514e-01  -5.301045e-04
    outer loop
      vertex   6.436330e-01   7.795607e-01   4.637581e-01
      vertex   6.205043e-01   7.250300e-01   4.297219e-01
      vertex   6.205168e-01   7.251534e-01   4.989607e-01
    endloop
  endfacet
  facet normal   -9.196034e-01   3.928343e-01   3.275286e-03
    outer loop
      vertex   6.436330e-01   7.795607e-01   4.637581e-01
      vertex   6.205168e-01   7.251534e-01   4.989607e-01
      vertex   6.441304e-01   7.801445e-01   5.333936e-01
    endloop
  endfacet
  facet normal   -5.304118e-01   8.477336e-01  -3.318539e-03
    outer loop
      vertex   6.436330e-01   7.795607e-01   4.637581e-01
      vertex   6.441304e-01   7.801445e-01   5.333936e-01
      vertex   6.949628e-01   8.118150e-01   4.990468e-01
    endloop
  endfacet
  facet normal   -9.791214e-01  -2.032734e-01   1.066584e-03
    outer loop
      vertex   6.205275e-01   7.252576e-01   2.903861e-01
      vertex   6.205027e-01   7.250144e-01   2.212805e-01
      vertex   6.327714e-01   6.661005e-01   2.558596e-01
    endloop
  endfacet
  facet normal   -9.791173e-01  -2.032937e-01   1.030610e-03
    outer loop
      vertex   6.327714e-01   6.661005e-01   2.558596e-01
      vertex   6.205027e-01   7.250144e-01   2.212805e-01
      vertex   6.326561e-01   6.663067e-01   1.870018e-01
    endloop
  endfacet
  facet normal   -9.792110e-01  -2.028440e-01   2.272232e-04
    outer loop
      vertex   6.326561e-01   6.663067e-01   1.870018e-01
      vertex   6.205027e-01   7.250144e-01   2.212805e-01
      vertex   6.204974e-01   7.249613e-01   1.509338e-01
    endloop
  endfacet
  facet normal   -9.796155e-01  -2.008556e-01  -3.251307e-03
    outer loop
      vertex   6.205275e-01   7.252576e-01   2.903861e-01
      vertex   6.327714e-01   6.661005e-01   2.558596e-01
      vertex   6.324070e-01   6.667561e-01   3.251242e-01
    endloop
  endfacet
  facet normal   -9.800345e-01  -1.988272e-01   3.079013e-04
    outer loop
      vertex   6.205275e-01   7.252576e-01   2.903861e-01
      vertex   6.324070e-01   6.667561e-01   3.251242e-01
      vertex   6.205348e-01   7.253286e-01   3.596394e-01
    endloop
  endfacet
  facet normal   -9.186333e-01   3.951110e-01  -3.077050e-04
    outer loop
      vertex   6.441159e-01   7.801276e-01   3.249288e-01
      vertex   6.205275e-01   7.252576e-01   2.903861e-01
      vertex   6.205348e-01   7.253286e-01   3.596394e-01
    endloop
  endfacet
  facet normal   -5.329324e-01   8.461519e-01  -3.160370e-03
    outer loop
      vertex   6.440952e-01   7.801035e-01  -2.233408e-02
      vertex   6.943877e-01   8.116644e-01  -5.307724e-02
      vertex   6.436009e-01   7.795227e-01  -9.448098e-02
    endloop
  endfacet
  facet normal   -5.486781e-01   8.356810e-01   2.428220e-02
    outer loop
      vertex   6.436009e-01   7.795227e-01  -9.448098e-02
      vertex   6.943877e-01   8.116644e-01  -5.307724e-02
      vertex   6.903813e-01   8.105130e-01  -1.039789e-01
    endloop
  endfacet
  facet normal    3.145405e-02   9.991905e-01  -2.507800e-02
    outer loop
      vertex   6.943877e-01   8.116644e-01  -5.307724e-02
      vertex   7.546434e-01   8.088074e-01  -9.133336e-02
      vertex   6.903813e-01   8.105130e-01  -1.039789e-01
    endloop
  endfacet
  facet normal   -9.188930e-01   3.944945e-01   3.120169e-03
    outer loop
      vertex   6.440952e-01   7.801035e-01  -2.233408e-02
      vertex   6.436009e-01   7.795227e-01  -9.448098e-02
      vertex   6.205588e-01   7.255570e-01  -5.732520e-02
    endloop
  endfacet
  facet normal   -9.184432e-01   3.955512e-01   1.170261e-03
    outer loop
      vertex   6.440952e-01   7.801035e-01  -2.233408e-02
      vertex   6.205588e-01   7.255570e-01  -5.732520e-02
      vertex   6.205305e-01   7.252872e-01   1.168663e-02
    endloop
  endfacet
  facet normal   -9.188484e-01   3.946102e-01  -6.267041e-04
    outer loop
      vertex   6.440952e-01   7.801035e-01  -2.233408e-02
      vertex   6.205305e-01   7.252872e-01   1.168663e-02
      vertex   6.440004e-01   7.799927e-01   4.701329e-02
    endloop
  endfacet
  facet normal   -9.204151e-01   3.909311e-01  -2.999187e-03
    outer loop
      vertex   6.205588e-01   7.255570e-01  -5.732520e-02
      vertex   6.436009e-01   7.795227e-01  -9.448098e-02
      vertex   6.204928e-01   7.249155e-01  -1.206886e-01
    endloop
  endfacet
  facet normal   -9.211483e-01   3.892099e-01   1.233604e-03
    outer loop
      vertex   6.204928e-01   7.249155e-01  -1.206886e-01
      vertex   6.436009e-01   7.795227e-01  -9.448098e-02
      vertex   6.434203e-01   7.793082e-01  -1.616872e-01
    endloop
  endfacet
  facet normal   -5.524374e-01   8.335535e-01  -1.175472e-03
    outer loop
      vertex   6.434203e-01   7.793082e-01  -1.616872e-01
      vertex   6.436009e-01   7.795227e-01  -9.448098e-02
      vertex   6.903813e-01   8.105130e-01  -1.039789e-01
    endloop
  endfacet
  facet normal   -9.803993e-01  -1.970176e-01  -1.172021e-03
    outer loop
      vertex   6.205305e-01   7.252872e-01   1.168663e-02
      vertex   6.205588e-01   7.255570e-01  -5.732520e-02
      vertex   6.322921e-01   6.669654e-01  -2.295479e-02
    endloop
  endfacet
  facet normal   -9.802903e-01  -1.975509e-01  -2.118337e-03
    outer loop
      vertex   6.322921e-01   6.669654e-01  -2.295479e-02
      vertex   6.205588e-01   7.255570e-01  -5.732520e-02
      vertex   6.325059e-01   6.665770e-01  -8.567970e-02
    endloop
  endfacet
  facet normal   -9.798045e-01  -1.999348e-01   3.045190e-03
    outer loop
      vertex   6.205588e-01   7.255570e-01  -5.732520e-02
      vertex   6.204928e-01   7.249155e-01  -1.206886e-01
      vertex   6.325059e-01   6.665770e-01  -8.567970e-02
    endloop
  endfacet
  facet normal   -9.801320e-01  -1.983430e-01   1.150156e-03
    outer loop
      vertex   6.205305e-01   7.252872e-01   1.168663e-02
      vertex   6.322921e-01   6.669654e-01  -2.295479e-02
      vertex   6.324200e-01   6.667325e-01   4.591277e-02
    endloop
  endfacet
  facet normal   -9.799236e-01  -1.993722e-01  -6.830488e-04
    outer loop
      vertex   6.205305e-01   7.252872e-01   1.168663e-02
      vertex   6.324200e-01   6.667325e-01   4.591277e-02
      vertex   6.205143e-01   7.251287e-01   8.130612e-02
    endloop
  endfacet
  facet normal   -9.191546e-01   3.938963e-01   6.822498e-04
    outer loop
      vertex   6.440004e-01   7.799927e-01   4.701329e-02
      vertex   6.205305e-01   7.252872e-01   1.168663e-02
      vertex   6.205143e-01   7.251287e-01   8.130612e-02
    endloop
  endfacet
  facet normal   -6.900988e-01  -7.237142e-01  -1.165177e-03
    outer loop
      vertex   6.324200e-01   6.667325e-01   4.591277e-02
      vertex   6.322921e-01   6.669654e-01  -2.295479e-02
      vertex   6.760697e-01   6.251661e-01   1.125818e-02
    endloop
  endfacet
  facet normal   -6.935089e-01  -7.204117e-01   7.233067e-03
    outer loop
      vertex   6.760697e-01   6.251661e-01   1.125818e-02
      vertex   6.322921e-01   6.669654e-01  -2.295479e-02
      vertex   6.746845e-01   6.258568e-01  -5.275918e-02
    endloop
  endfacet
  facet normal   -6.953975e-01  -7.186223e-01   2.078848e-03
    outer loop
      vertex   6.746845e-01   6.258568e-01  -5.275918e-02
      vertex   6.322921e-01   6.669654e-01  -2.295479e-02
      vertex   6.325059e-01   6.665770e-01  -8.567970e-02
    endloop
  endfacet
  facet normal   -6.905575e-01  -7.232739e-01  -2.271103e-03
    outer loop
      vertex   6.324200e-01   6.667325e-01   4.591277e-02
      vertex   6.760697e-01   6.251661e-01   1.125818e-02
      vertex   6.756021e-01   6.253963e-01   8.012597e-02
    endloop
  endfacet
  facet normal   -6.910491e-01  -7.228070e-01  -1.086475e-03
    outer loop
      vertex   6.324200e-01   6.667325e-01   4.591277e-02
      vertex   6.756021e-01   6.253963e-01   8.012597e-02
      vertex   6.325414e-01   6.665129e-01   1.148011e-01
    endloop
  endfacet
  facet normal   -9.797131e-01  -2.004024e-01   1.087508e-03
    outer loop
      vertex   6.324200e-01   6.667325e-01   4.591277e-02
      vertex   6.325414e-01   6.665129e-01   1.148011e-01
      vertex   6.205143e-01   7.251287e-01   8.130612e-02
    endloop
  endfacet
  facet normal   -5.322708e-01   8.465663e-01   3.643080e-03
    outer loop
      vertex   6.944456e-01   8.116797e-01   6.331037e-01
      vertex   6.441905e-01   7.802144e-01   6.024059e-01
      vertex   6.436209e-01   7.795464e-01   6.744247e-01
    endloop
  endfacet
  facet normal   -5.483767e-01   8.358729e-01  -2.448284e-02
    outer loop
      vertex   6.944456e-01   8.116797e-01   6.331037e-01
      vertex   6.436209e-01   7.795464e-01   6.744247e-01
      vertex   6.904025e-01   8.105196e-01   6.840524e-01
    endloop
  endfacet
  facet normal    3.219626e-02   9.991611e-01   2.530696e-02
    outer loop
      vertex   7.547341e-01   8.087739e-01   6.711301e-01
      vertex   6.944456e-01   8.116797e-01   6.331037e-01
      vertex   6.904025e-01   8.105196e-01   6.840524e-01
    endloop
  endfacet
  facet normal   -9.186936e-01   3.949547e-01  -3.602420e-03
    outer loop
      vertex   6.436209e-01   7.795464e-01   6.744247e-01
      vertex   6.441905e-01   7.802144e-01   6.024059e-01
      vertex   6.205598e-01   7.255660e-01   6.373163e-01
    endloop
  endfacet
  facet normal   -9.181446e-01   3.962435e-01  -1.213236e-03
    outer loop
      vertex   6.205598e-01   7.255660e-01   6.373163e-01
      vertex   6.441905e-01   7.802144e-01   6.024059e-01
      vertex   6.205305e-01   7.252870e-01   5.683133e-01
    endloop
  endfacet
  facet normal   -9.185091e-01   3.953997e-01   3.992382e-04
    outer loop
      vertex   6.205305e-01   7.252870e-01   5.683133e-01
      vertex   6.441905e-01   7.802144e-01   6.024059e-01
      vertex   6.441304e-01   7.801445e-01   5.333936e-01
    endloop
  endfacet
  facet normal   -9.203456e-01   3.910942e-01   3.039982e-03
    outer loop
      vertex   6.436209e-01   7.795464e-01   6.744247e-01
      vertex   6.205598e-01   7.255660e-01   6.373163e-01
      vertex   6.204928e-01   7.249160e-01   7.006821e-01
    endloop
  endfacet
  facet normal   -9.211531e-01   3.891971e-01  -1.618136e-03
    outer loop
      vertex   6.436209e-01   7.795464e-01   6.744247e-01
      vertex   6.204928e-01   7.249160e-01   7.006821e-01
      vertex   6.433838e-01   7.792648e-01   7.416571e-01
    endloop
  endfacet
  facet normal   -5.522704e-01   8.336636e-01   1.544185e-03
    outer loop
      vertex   6.436209e-01   7.795464e-01   6.744247e-01
      vertex   6.433838e-01   7.792648e-01   7.416571e-01
      vertex   6.904025e-01   8.105196e-01   6.840524e-01
    endloop
  endfacet
  facet normal   -9.804175e-01  -1.969265e-01   1.212109e-03
    outer loop
      vertex   6.205598e-01   7.255660e-01   6.373163e-01
      vertex   6.205305e-01   7.252870e-01   5.683133e-01
      vertex   6.322852e-01   6.669779e-01   6.029230e-01
    endloop
  endfacet
  facet normal   -9.803308e-01  -1.973517e-01   1.965934e-03
    outer loop
      vertex   6.205598e-01   7.255660e-01   6.373163e-01
      vertex   6.322852e-01   6.669779e-01   6.029230e-01
      vertex   6.324833e-01   6.666179e-01   6.655369e-01
    endloop
  endfacet
  facet normal   -9.798577e-01  -1.996731e-01  -3.083154e-03
    outer loop
      vertex   6.204928e-01   7.249160e-01   7.006821e-01
      vertex   6.205598e-01   7.255660e-01   6.373163e-01
      vertex   6.324833e-01   6.666179e-01   6.655369e-01
    endloop
  endfacet
  facet normal   -9.801350e-01  -1.983278e-01  -1.244708e-03
    outer loop
      vertex   6.322852e-01   6.669779e-01   6.029230e-01
      vertex   6.205305e-01   7.252870e-01   5.683133e-01
      vertex   6.324236e-01   6.667260e-01   5.340839e-01
    endloop
  endfacet
  facet normal   -9.799280e-01  -1.993509e-01   5.776496e-04
    outer loop
      vertex   6.324236e-01   6.667260e-01   5.340839e-01
      vertex   6.205305e-01   7.252870e-01   5.683133e-01
      vertex   6.205168e-01   7.251534e-01   4.989607e-01
    endloop
  endfacet
  facet normal   -9.187349e-01   3.948745e-01  -5.785258e-04
    outer loop
      vertex   6.205168e-01   7.251534e-01   4.989607e-01
      vertex   6.205305e-01   7.252870e-01   5.683133e-01
      vertex   6.441304e-01   7.801445e-01   5.333936e-01
    endloop
  endfacet
  facet normal   -6.901084e-01  -7.237049e-01   1.261120e-03
    outer loop
      vertex   6.322852e-01   6.669779e-01   6.029230e-01
      vertex   6.324236e-01   6.667260e-01   5.340839e-01
      vertex   6.760705e-01   6.251657e-01   5.687394e-01
    endloop
  endfacet
  facet normal   -6.935632e-01  -7.203592e-01  -7.256426e-03
    outer loop
      vertex   6.322852e-01   6.669779e-01   6.029230e-01
      vertex   6.760705e-01   6.251657e-01   5.687394e-01
      vertex   6.746820e-01   6.258581e-01   6.327153e-01
    endloop
  endfacet
  facet normal   -6.955129e-01  -7.185110e-01  -1.930820e-03
    outer loop
      vertex   6.322852e-01   6.669779e-01   6.029230e-01
      vertex   6.746820e-01   6.258581e-01   6.327153e-01
      vertex   6.324833e-01   6.666179e-01   6.655369e-01
    endloop
  endfacet
  facet normal   -6.905278e-01  -7.233023e-01   2.272087e-03
    outer loop
      vertex   6.760705e-01   6.251657e-01   5.687394e-01
      vertex   6.324236e-01   6.667260e-01   5.340839e-01
      vertex   6.756027e-01   6.253960e-01   4.998736e-01
    endloop
  endfacet
  facet normal   -6.909404e-01  -7.229106e-01   1.278023e-03
    outer loop
      vertex   6.756027e-01   6.253960e-01   4.998736e-01
      vertex   6.324236e-01   6.667260e-01   5.340839e-01
      vertex   6.325666e-01   6.664675e-01   4.651767e-01
    endloop
  endfacet
  facet normal   -9.797085e-01  -2.004235e-01  -1.280965e-03
    outer loop
      vertex   6.324236e-01   6.667260e-01   5.340839e-01
      vertex   6.205168e-01   7.251534e-01   4.989607e-01
      vertex   6.325666e-01   6.664675e-01   4.651767e-01
    endloop
  endfacet
  facet normal   -9.795033e-01  -2.014274e-01   5.361696e-04
    outer loop
      vertex   6.205168e-01   7.251534e-01   4.989607e-01
      vertex   6.205043e-01   7.250300e-01   4.297219e-01
      vertex   6.325666e-01   6.664675e-01   4.651767e-01
    endloop
  endfacet
  facet normal   -9.764090e-01  -2.159252e-01  -1.345685e-03
    outer loop
      vertex   6.205043e-01   7.250300e-01   4.297219e-01
      vertex   6.205348e-01   7.253286e-01   3.596394e-01
      vertex   6.340883e-01   6.638221e-01   3.946194e-01
    endloop
  endfacet
  facet normal   -9.777401e-01  -2.094019e-01  -1.323549e-02
    outer loop
      vertex   6.325666e-01   6.664675e-01   4.651767e-01
      vertex   6.205043e-01   7.250300e-01   4.297219e-01
      vertex   6.340883e-01   6.638221e-01   3.946194e-01
    endloop
  endfacet
  facet normal   -9.330246e-01   3.564844e-01  -4.882479e-02
    outer loop
      vertex   6.204928e-01   7.249155e-01  -1.206886e-01
      vertex   6.434203e-01   7.793082e-01  -1.616872e-01
      vertex   6.200000e-01   7.150000e-01  -1.836674e-01
    endloop
  endfacet
  facet normal   -9.331205e-01   3.562394e-01   4.878241e-02
    outer loop
      vertex   6.433838e-01   7.792648e-01   7.416571e-01
      vertex   6.204928e-01   7.249160e-01   7.006821e-01
      vertex   6.200000e-01   7.150000e-01   7.636675e-01
    endloop
  endfacet
  facet normal   -1.605188e-01  -9.870067e-01  -7.176073e-03
    outer loop
      vertex   6.760697e-01   6.251661e-01   1.125818e-02
      vertex   6.746845e-01   6.258568e-01  -5.275918e-02
      vertex   7.340394e-01   6.159904e-01  -2.340906e-02
    endloop
  endfacet
  facet normal   -1.645236e-01  -9.863725e-01   1.136078e-03
    outer loop
      vertex   7.340394e-01   6.159904e-01  -2.340906e-02
      vertex   6.746845e-01   6.258568e-01  -5.275918e-02
      vertex   7.337815e-01   6.159542e-01  -9.222471e-02
    endloop
  endfacet
  facet normal   -1.917008e-01  -9.805963e-01  -4.100919e-02
    outer loop
      vertex   7.337815e-01   6.159542e-01  -9.222471e-02
      vertex   6.746845e-01   6.258568e-01  -5.275918e-02
      vertex   6.677704e-01   6.297236e-01  -1.128989e-01
    endloop
  endfacet
  facet normal   -7.085668e-01  -7.047171e-01   3.615146e-02
    outer loop
      vertex   6.746845e-01   6.258568e-01  -5.275918e-02
      vertex   6.325059e-01   6.665770e-01  -8.567970e-02
      vertex   6.677704e-01   6.297236e-01  -1.128989e-01
    endloop
  endfacet
  facet normal   -1.605236e-01  -9.870058e-01   7.197827e-03
    outer loop
      vertex   6.746820e-01   6.258581e-01   6.327153e-01
      vertex   6.760705e-01   6.251657e-01   5.687394e-01
      vertex   7.340402e-01   6.159905e-01   6.034090e-01
    endloop
  endfacet
  facet normal   -1.645328e-01  -9.863710e-01  -1.136386e-03
    outer loop
      vertex   6.746820e-01   6.258581e-01   6.327153e-01
      vertex   7.340402e-01   6.159905e-01   6.034090e-01
      vertex   7.337821e-01   6.159543e-01   6.722247e-01
    endloop
  endfacet
  facet normal   -1.920411e-01  -9.805099e-01   4.148091e-02
    outer loop
      vertex   6.746820e-01   6.258581e-01   6.327153e-01
      vertex   7.337821e-01   6.159543e-01   6.722247e-01
      vertex   6.676854e-01   6.297757e-01   6.929260e-01
    endloop
  endfacet
  facet normal   -7.088291e-01  -7.044336e-01  -3.653346e-02
    outer loop
      vertex   6.324833e-01   6.666179e-01   6.655369e-01
      vertex   6.746820e-01   6.258581e-01   6.327153e-01
      vertex   6.676854e-01   6.297757e-01   6.929260e-01
    endloop
  endfacet
  facet normal   -6.689746e-01  -7.432845e-01  -1.106186e-03
    outer loop
      vertex   6.327714e-01   6.661005e-01   2.558596e-01
      vertex   6.326561e-01   6.663067e-01   1.870018e-01
      vertex   6.806304e-01   6.230759e-01   2.223998e-01
    endloop
  endfacet
  facet normal   -9.793020e-01  -2.024020e-01   9.767310e-04
    outer loop
      vertex   6.325414e-01   6.665129e-01   1.148011e-01
      vertex   6.326561e-01   6.663067e-01   1.870018e-01
      vertex   6.204974e-01   7.249613e-01   1.509338e-01
    endloop
  endfacet
  facet normal   -2.325011e-01  -9.676584e-01   9.788012e-02
    outer loop
      vertex   7.016763e-01   6.166931e-01  -1.611811e-01
      vertex   7.337815e-01   6.159542e-01  -9.222471e-02
      vertex   6.677704e-01   6.297236e-01  -1.128989e-01
    endloop
  endfacet
  facet normal   -2.330475e-01  -9.675013e-01  -9.813261e-02
    outer loop
      vertex   7.337821e-01   6.159543e-01   6.722247e-01
      vertex   7.016744e-01   6.166935e-01   7.411872e-01
      vertex   6.676854e-01   6.297757e-01   6.929260e-01
    endloop
  endfacet
  facet normal   -6.595442e-01  -7.515003e-01  -1.577175e-02
    outer loop
      vertex   6.324070e-01   6.667561e-01   3.251242e-01
      vertex   6.821467e-01   6.224412e-01   3.566445e-01
      vertex   6.340883e-01   6.638221e-01   3.946194e-01
    endloop
  endfacet
  facet normal   -9.782123e-01  -2.070702e-01   1.492309e-02
    outer loop
      vertex   6.205348e-01   7.253286e-01   3.596394e-01
      vertex   6.324070e-01   6.667561e-01   3.251242e-01
      vertex   6.340883e-01   6.638221e-01   3.946194e-01
    endloop
  endfacet
  facet normal   -9.795099e-01  -2.013947e-01  -7.219475e-04
    outer loop
      vertex   6.325414e-01   6.665129e-01   1.148011e-01
      vertex   6.204974e-01   7.249613e-01   1.509338e-01
      vertex   6.205143e-01   7.251287e-01   8.130612e-02
    endloop
  endfacet
  facet normal    4.926349e-02   9.987857e-01  -4.217761e-04
    outer loop
      vertex   7.546794e-01   8.087941e-01   2.550948e-01
      vertex   6.947666e-01   8.117640e-01   2.900893e-01
      vertex   7.545878e-01   8.088279e-01   3.244382e-01
    endloop
  endfacet
  facet normal    0.000000e+00   0.000000e+00   1.000000e+00
    outer loop
      vertex   8.200000e-01   7.150000e-01   8.100000e-01
      vertex   7.966044e-01   7.792788e-01   8.100000e-01
      vertex   7.515861e-01   7.295584e-01   8.100000e-01
    endloop
  endfacet
  facet normal    0.000000e+00  -0.000000e+00   1.000000e+00
    outer loop
      vertex   7.966044e-01   6.507212e-01   8.100000e-01
      vertex   8.200000e-01   7.150000e-01   8.100000e-01
      vertex   7.445181e-01   6.725396e-01   8.100000e-01
    endloop
  endfacet
  facet normal    0.000000e+00   0.000000e+00   1.000000e+00
    outer loop
      vertex   8.200000e-01   7.150000e-01   8.100000e-01
      vertex   7.515861e-01   7.295584e-01   8.100000e-01
      vertex   7.445181e-01   6.725396e-01   8.100000e-01
    endloop
  endfacet
  facet normal    0.000000e+00   0.000000e+00   1.000000e+00
    outer loop
      vertex   7.966044e-01   7.792788e-01   8.100000e-01
      vertex   7.373648e-01   8.134808e-01   8.100000e-01
      vertex   7.515861e-01   7.295584e-01   8.100000e-01
    endloop
  endfacet
  facet normal    0.000000e+00   0.000000e+00   1.000000e+00
    outer loop
      vertex   7.373648e-01   8.134808e-01   8.100000e-01
      vertex   6.700000e-01   8.016025e-01   8.100000e-01
      vertex   6.964381e-01   7.558158e-01   8.100000e-01
    endloop
  endfacet
  facet normal    0.000000e+00   0.000000e+00   1.000000e+00
    outer loop
      vertex   7.515861e-01   7.295584e-01   8.100000e-01
      vertex   7.373648e-01   8.134808e-01   8.100000e-01
      vertex   6.964381e-01   7.558158e-01   8.100000e-01
    endloop
  endfacet
  facet normal    0.000000e+00   0.000000e+00   1.000000e+00
    outer loop
      vertex   6.700000e-01   8.016025e-01   8.100000e-01
      vertex   6.260307e-01   7.492020e-01   8.100000e-01
      vertex   6.964381e-01   7.558158e-01   8.100000e-01
    endloop
  endfacet
  facet normal    0.000000e+00   0.000000e+00   1.000000e+00
    outer loop
      vertex   6.260307e-01   7.492020e-01   8.100000e-01
      vertex   6.260307e-01   6.807980e-01   8.100000e-01
      vertex   6.915534e-01   6.950411e-01   8.100000e-01
    endloop
  endfacet
  facet normal   -0.000000e+00   0.000000e+00   1.000000e+00
    outer loop
      vertex   6.260307e-01   7.492020e-01   8.100000e-01
      vertex   6.915534e-01   6.950411e-01   8.100000e-01
      vertex   6.964381e-01   7.558158e-01   8.100000e-01
    endloop
  endfacet
  facet normal   -0.000000e+00   0.000000e+00   1.000000e+00
    outer loop
      vertex   6.260307e-01   6.807980e-01   8.100000e-01
      vertex   6.700000e-01   6.283975e-01   8.100000e-01
      vertex   6.915534e-01   6.950411e-01   8.100000e-01
    endloop
  endfacet
  facet normal   -0.000000e+00   0.000000e+00   1.000000e+00
    outer loop
      vertex   6.700000e-01   6.283975e-01   8.100000e-01
      vertex   7.373648e-01   6.165192e-01   8.100000e-01
      vertex   7.445181e-01   6.725396e-01   8.100000e-01
    endloop
  endfacet
  facet normal    0.000000e+00   0.000000e+00   1.000000e+00
    outer loop
      vertex   6.915534e-01   6.950411e-01   8.100000e-01
      vertex   6.700000e-01   6.283975e-01   8.100000e-01
      vertex   7.445181e-01   6.725396e-01   8.100000e-01
    endloop
  endfacet
  facet normal    0.000000e+00   0.000000e+00   1.000000e+00
    outer loop
      vertex   7.373648e-01   6.165192e-01   8.100000e-01
      vertex   7.966044e-01   6.507212e-01   8.100000e-01
      vertex   7.445181e-01   6.725396e-01   8.100000e-01
    endloop
  endfacet
  facet normal    0.000000e+00   0.000000e+00   1.000000e+00
    outer loop
      vertex   7.515861e-01   7.295584e-01   8.100000e-01
      vertex   6.915534e-01   6.950411e-01   8.100000e-01
      vertex   7.445181e-01   6.725396e-01   8.100000e-01
    endloop
  endfacet
  facet normal    0.000000e+00   0.000000e+00   1.000000e+00
    outer loop
      vertex   6.915534e-01   6.950411e-01   8.100000e-01
      vertex   7.515861e-01   7.295584e-01   8.100000e-01
      vertex   6.964381e-01   7.558158e-01   8.100000e-01
    endloop
  endfacet
  facet normal    0.000000e+00   0.000000e+00  -1.000000e+00
    outer loop
      vertex   7.669846e-01   7.321010e-01  -2.300000e-01
      vertex   7.966044e-01   7.792788e-01  -2.300000e-01
      vertex   8.200000e-01   7.150000e-01  -2.300000e-01
    endloop
  endfacet
  facet normal    0.000000e+00   0.000000e+00  -1.000000e+00
    outer loop
      vertex   7.669846e-01   7.321010e-01  -2.300000e-01
      vertex   8.200000e-01   7.150000e-01  -2.300000e-01
      vertex   7.966044e-01   6.507212e-01  -2.300000e-01
    endloop
  endfacet
  facet normal    0.000000e+00   0.000000e+00  -1.000000e+00
    outer loop
      vertex   7.669846e-01   7.321010e-01  -2.300000e-01
      vertex   7.373648e-01   8.134808e-01  -2.300000e-01
      vertex   7.966044e-01   7.792788e-01  -2.300000e-01
    endloop
  endfacet
  facet normal    0.000000e+00   0.000000e+00  -1.000000e+00
    outer loop
      vertex   7.139693e-01   7.492020e-01  -2.300000e-01
      vertex   6.700000e-01   8.016025e-01  -2.300000e-01
      vertex   7.373648e-01   8.134808e-01  -2.300000e-01
    endloop
  endfacet
  facet normal    0.000000e+00   0.000000e+00  -1.000000e+00
    outer loop
      vertex   7.669846e-01   7.321010e-01  -2.300000e-01
      vertex   7.139693e-01   7.492020e-01  -2.300000e-01
      vertex   7.373648e-01   8.134808e-01  -2.300000e-01
    endloop
  endfacet
  facet normal    0.000000e+00   0.000000e+00  -1.000000e+00
    outer loop
      vertex   6.700000e-01   7.150000e-01  -2.300000e-01
      vertex   6.260307e-01   7.492020e-01  -2.300000e-01
      vertex   6.700000e-01   8.016025e-01  -2.300000e-01
    endloop
  endfacet
  facet normal    0.000000e+00   0.000000e+00  -1.000000e+00
    outer loop
      vertex   6.700000e-01   7.150000e-01  -2.300000e-01
      vertex   6.700000e-01   8.016025e-01  -2.300000e-01
      vertex   7.139693e-01   7.492020e-01  -2.300000e-01
    endloop
  endfacet
  facet normal   -0.000000e+00   0.000000e+00  -1.000000e+00
    outer loop
      vertex   6.700000e-01   7.150000e-01  -2.300000e-01
      vertex   6.260307e-01   6.807980e-01  -2.300000e-01
      vertex   6.260307e-01   7.492020e-01  -2.300000e-01
    endloop
  endfacet
  facet normal    0.000000e+00   0.000000e+00  -1.000000e+00
    outer loop
      vertex   6.700000e-01   7.150000e-01  -2.300000e-01
      vertex   6.700000e-01   6.283975e-01  -2.300000e-01
      vertex   6.260307e-01   6.807980e-01  -2.300000e-01
    endloop
  endfacet
  facet normal    0.000000e+00  -0.000000e+00  -1.000000e+00
    outer loop
      vertex   7.258205e-01   6.819902e-01  -2.300000e-01
      vertex   7.373648e-01   6.165192e-01  -2.300000e-01
      vertex   6.700000e-01   6.283975e-01  -2.300000e-01
    endloop
  endfacet
  facet normal    0.000000e+00  -0.000000e+00  -1.000000e+00
    outer loop
      vertex   6.700000e-01   7.150000e-01  -2.300000e-01
      vertex   7.258205e-01   6.819902e-01  -2.300000e-01
      vertex   6.700000e-01   6.283975e-01  -2.300000e-01
    endloop
  endfacet
  facet normal    0.000000e+00   0.000000e+00  -1.000000e+00
    outer loop
      vertex   7.258205e-01   6.819902e-01  -2.300000e-01
      vertex   7.966044e-01   6.507212e-01  -2.300000e-01
      vertex   7.373648e-01   6.165192e-01  -2.300000e-01
    endloop
  endfacet
  facet normal    0.000000e+00  -0.000000e+00  -1.000000e+00
    outer loop
      vertex   7.669846e-01   7.321010e-01  -2.300000e-01
      vertex   7.966044e-01   6.507212e-01  -2.300000e-01
      vertex   7.258205e-01   6.819902e-01  -2.300000e-01
    endloop
  endfacet
  facet normal    0.000000e+00   0.000000e+00  -1.000000e+00
    outer loop
      vertex   6.700000e-01   7.150000e-01  -2.300000e-01
      vertex   7.139693e-01   7.492020e-01  -2.300000e-01
      vertex   7.258205e-01   6.819902e-01  -2.300000e-01
    endloop
  endfacet
  facet normal   -0.000000e+00   0.000000e+00  -1.000000e+00
    outer loop
      vertex   7.669846e-01   7.321010e-01  -2.300000e-01
      vertex   7.258205e-01   6.819902e-01  -2.300000e-01
      vertex   7.139693e-01   7.492020e-01  -2.300000e-01
    endloop
  endfacet
  facet normal   -1.000000e+00  -0.000000e+00   0.000000e+00
    outer loop
      vertex  -3.600000e-01  -2.515360e-01   7.153605e-02
      vertex  -3.600000e-01  -3.000000e-01   5.333333e-02
      vertex  -3.600000e-01  -3.000000e-01   1.200000e-01
    endloop
  endfacet
  facet normal   -1.000000e+00   0.000000e+00   0.000000e+00
    outer loop
      vertex  -3.600000e-01  -2.515360e-01   7.153605e-02
      vertex  -3.600000e-01  -3.000000e-01   1.200000e-01
      vertex  -3.600000e-01  -2.333333e-01   1.200000e-01
    endloop
  endfacet
  facet normal   -1.000000e+00  -0.000000e+00   0.000000e+00
    outer loop
      vertex  -3.600000e-01  -2.515360e-01  -3.153605e-02
      vertex  -3.600000e-01  -3.000000e-01  -8.000000e-02
      vertex  -3.600000e-01  -3.000000e-01  -1.333333e-02
    endloop
  endfacet
  facet normal   -1.000000e+00   0.000000e+00  -0.000000e+00
    outer loop
      vertex  -3.600000e-01  -2.515360e-01  -3.153605e-02
      vertex  -3.600000e-01  -2.333333e-01  -8.000000e-02
      vertex  -3.600000e-01  -3.000000e-01  -8.000000e-02
    endloop
  endfacet
  facet normal   -1.000000e+00   0.000000e+00   0.000000e+00
    outer loop
      vertex  -3.600000e-01   2.515360e-01   7.153605e-02
      vertex  -3.600000e-01   2.333333e-01   1.200000e-01
      vertex  -3.600000e-01   3.000000e-01   1.200000e-01
    endloop
  endfacet
  facet normal   -1.000000e+00   0.000000e+00   0.000000e+00
    outer loop
      vertex  -3.600000e-01   2.515360e-01   7.153605e-02
      vertex  -3.600000e-01   3.000000e-01   1.200000e-01
      vertex  -3.600000e-01   3.000000e-01   5.333333e-02
    endloop
  endfacet
  facet normal   -1.000000e+00   0.000000e+00   0.000000e+00
    outer loop
      vertex  -3.600000e-01   2.515360e-01  -3.153605e-02
      vertex  -3.600000e-01   3.000000e-01  -1.333333e-02
      vertex  -3.600000e-01   3.000000e-01  -8.000000e-02
    endloop
  endfacet
  facet normal   -1.000000e+00   0.000000e+00  -0.000000e+00
    outer loop
      vertex  -3.600000e-01   2.515360e-01  -3.153605e-02
      vertex  -3.600000e-01   3.000000e-01  -8.000000e-02
      vertex  -3.600000e-01   2.333333e-01  -8.000000e-02
    endloop
  endfacet
  facet normal   -1.000000e+00  -0.000000e+00   0.000000e+00
    outer loop
      vertex  -3.600000e-01  -2.424518e-01   2.000000e-02
      vertex  -3.600000e-01  -3.000000e-01  -1.333333e-02
      vertex  -3.600000e-01  -3.000000e-01   5.333333e-02
    endloop
  endfacet
  facet normal   -1.000000e+00   0.000000e+00   0.000000e+00
    outer loop
      vertex  -3.600000e-01  -2.515360e-01  -3.153605e-02
      vertex  -3.600000e-01  -3.000000e-01  -1.333333e-02
      vertex  -3.600000e-01  -2.424518e-01   2.000000e-02
    endloop
  endfacet
  facet normal   -1.000000e+00   0.000000e+00  -0.000000e+00
    outer loop
      vertex  -3.600000e-01  -2.515360e-01   7.153605e-02
      vertex  -3.600000e-01  -2.424518e-01   2.000000e-02
      vertex  -3.600000e-01  -3.000000e-01   5.333333e-02
    endloop
  endfacet
  facet normal   -1.000000e+00   0.000000e+00   0.000000e+00
    outer loop
      vertex  -3.600000e-01  -1.996933e-01   6.896684e-02
      vertex  -3.600000e-01  -2.333333e-01   1.200000e-01
      vertex  -3.600000e-01  -1.666667e-01   1.200000e-01
    endloop
  endfacet
  facet normal   -1.000000e+00   0.000000e+00   0.000000e+00
    outer loop
      vertex  -3.600000e-01  -2.515360e-01   7.153605e-02
      vertex  -3.600000e-01  -2.333333e-01   1.200000e-01
      vertex  -3.600000e-01  -1.996933e-01   6.896684e-02
    endloop
  endfacet
  facet normal   -1.000000e+00   0.000000e+00   0.000000e+00
    outer loop
      vertex  -3.600000e-01  -1.333200e-01   6.389806e-02
      vertex  -3.600000e-01  -1.666667e-01   1.200000e-01
      vertex  -3.600000e-01  -1.000000e-01   1.200000e-01
    endloop
  endfacet
  facet normal   -1.000000e+00   0.000000e+00   0.000000e+00
    outer loop
      vertex  -3.600000e-01  -1.333200e-01   6.389806e-02
      vertex  -3.600000e-01  -1.996933e-01   6.896684e-02
      vertex  -3.600000e-01  -1.666667e-01   1.200000e-01
    endloop
  endfacet
  facet normal   -1.000000e+00   0.000000e+00   0.000000e+00
    outer loop
      vertex  -3.600000e-01  -6.666667e-02   6.226497e-02
      vertex  -3.600000e-01  -1.000000e-01   1.200000e-01
      vertex  -3.600000e-01  -3.333333e-02   1.200000e-01
    endloop
  endfacet
  facet normal   -1.000000e+00   0.000000e+00   0.000000e+00
    outer loop
      vertex  -3.600000e-01  -1.333200e-01   6.389806e-02
      vertex  -3.600000e-01  -1.000000e-01   1.200000e-01
      vertex  -3.600000e-01  -6.666667e-02   6.226497e-02
    endloop
  endfacet
  facet normal   -1.000000e+00   0.000000e+00   0.000000e+00
    outer loop
      vertex  -3.600000e-01  -1.110223e-16   6.226497e-02
      vertex  -3.600000e-01  -3.333333e-02   1.200000e-01
      vertex  -3.600000e-01   3.333333e-02   1.200000e-01
    endloop
  endfacet
  facet normal   -1.000000e+00   0.000000e+00   0.000000e+00
    outer loop
      vertex  -3.600000e-01  -1.110223e-16   6.226497e-02
      vertex  -3.600000e-01  -6.666667e-02   6.226497e-02
      vertex  -3.600000e-01  -3.333333e-02   1.200000e-01
    endloop
  endfacet
  facet normal   -1.000000e+00   0.000000e+00   0.000000e+00
    outer loop
      vertex  -3.600000e-01   6.666667e-02   6.226497e-02
      vertex  -3.600000e-01   3.333333e-02   1.200000e-01
      vertex  -3.600000e-01   1.000000e-01   1.200000e-01
    endloop
  endfacet
  facet normal   -1.000000e+00   0.000000e+00   0.000000e+00
    outer loop
      vertex  -3.600000e-01  -1.110223e-16   6.226497e-02
      vertex  -3.600000e-01   3.333333e-02   1.200000e-01
      vertex  -3.600000e-01   6.666667e-02   6.226497e-02
    endloop
  endfacet
  facet normal   -1.000000e+00   0.000000e+00   0.000000e+00
    outer loop
      vertex  -3.600000e-01   1.333200e-01   6.389806e-02
      vertex  -3.600000e-01   1.000000e-01   1.200000e-01
      vertex  -3.600000e-01   1.666667e-01   1.200000e-01
    endloop
  endfacet
  facet normal   -1.000000e+00  -0.000000e+00   0.000000e+00
    outer loop
      vertex  -3.600000e-01   1.333200e-01   6.389806e-02
      vertex  -3.600000e-01   6.666667e-02   6.226497e-02
      vertex  -3.600000e-01   1.000000e-01   1.200000e-01
    endloop
  endfacet
  facet normal   -1.000000e+00   0.000000e+00   0.000000e+00
    outer loop
      vertex  -3.600000e-01   1.996933e-01   6.896684e-02
      vertex  -3.600000e-01   1.666667e-01   1.200000e-01
      vertex  -3.600000e-01   2.333333e-01   1.200000e-01
    endloop
  endfacet
  facet normal   -1.000000e+00   0.000000e+00   0.000000e+00
    outer loop
      vertex  -3.600000e-01   1.333200e-01   6.389806e-02
      vertex  -3.600000e-01   1.666667e-01   1.200000e-01
      vertex  -3.600000e-01   1.996933e-01   6.896684e-02
    endloop
  endfacet
  facet normal   -1.000000e+00  -0.000000e+00   0.000000e+00
    outer loop
      vertex  -3.600000e-01   2.515360e-01   7.153605e-02
      vertex  -3.600000e-01   1.996933e-01   6.896684e-02
      vertex  -3.600000e-01   2.333333e-01   1.200000e-01
    endloop
  endfacet
  facet normal   -1.000000e+00   0.000000e+00   0.000000e+00
    outer loop
      vertex  -3.600000e-01   2.424518e-01   2.000000e-02
      vertex  -3.600000e-01   3.000000e-01   5.333333e-02
      vertex  -3.600000e-01   3.000000e-01  -1.333333e-02
    endloop
  endfacet
  facet normal   -1.000000e+00   0.000000e+00   0.000000e+00
    outer loop
      vertex  -3.600000e-01   2.515360e-01  -3.153605e-02
      vertex  -3.600000e-01   2.424518e-01   2.000000e-02
      vertex  -3.600000e-01   3.000000e-01  -1.333333e-02
    endloop
  endfacet
  facet normal   -1.000000e+00   0.000000e+00  -0.000000e+00
    outer loop
      vertex  -3.600000e-01   2.515360e-01   7.153605e-02
      vertex  -3.600000e-01   3.000000e-01   5.333333e-02
      vertex  -3.600000e-01   2.424518e-01   2.000000e-02
    endloop
  endfacet
  facet normal   -1.000000e+00   0.000000e+00  -0.000000e+00
    outer loop
      vertex  -3.600000e-01  -1.996933e-01  -2.896684e-02
      vertex  -3.600000e-01  -1.666667e-01  -8.000000e-02
      vertex  -3.600000e-01  -2.333333e-01  -8.000000e-02
    endloop
  endfacet
  facet normal   -1.000000e+00   0.000000e+00   0.000000e+00
    outer loop
      vertex  -3.600000e-01  -2.515360e-01  -3.153605e-02
      vertex  -3.600000e-01  -1.996933e-01  -2.896684e-02
      vertex  -3.600000e-01  -2.333333e-01  -8.000000e-02
    endloop
  endfacet
  facet normal   -1.000000e+00   0.000000e+00  -0.000000e+00
    outer loop
      vertex  -3.600000e-01  -1.333200e-01  -2.389806e-02
      vertex  -3.600000e-01  -1.000000e-01  -8.000000e-02
      vertex  -3.600000e-01  -1.666667e-01  -8.000000e-02
    endloop
  endfacet
  facet normal   -1.000000e+00   0.000000e+00   0.000000e+00
    outer loop
      vertex  -3.600000e-01  -1.333200e-01  -2.389806e-02
      vertex  -3.600000e-01  -1.666667e-01  -8.000000e-02
      vertex  -3.600000e-01  -1.996933e-01  -2.896684e-02
    endloop
  endfacet
  facet normal   -1.000000e+00   0.000000e+00  -0.000000e+00
    outer loop
      vertex  -3.600000e-01  -6.666609e-02  -2.367815e-02
      vertex  -3.600000e-01  -3.333333e-02  -8.000000e-02
      vertex  -3.600000e-01  -1.000000e-01  -8.000000e-02
    endloop
  endfacet
  facet normal   -1.000000e+00   0.000000e+00   0.000000e+00
    outer loop
      vertex  -3.600000e-01  -6.666609e-02  -2.367815e-02
      vertex  -3.600000e-01  -1.000000e-01  -8.000000e-02
      vertex  -3.600000e-01  -1.333200e-01  -2.389806e-02
    endloop
  endfacet
  facet normal   -1.000000e+00   0.000000e+00  -0.000000e+00
    outer loop
      vertex  -3.600000e-01  -1.665335e-16  -2.226497e-02
      vertex  -3.600000e-01   3.333333e-02  -8.000000e-02
      vertex  -3.600000e-01  -3.333333e-02  -8.000000e-02
    endloop
  endfacet
  facet normal   -1.000000e+00   0.000000e+00   0.000000e+00
    outer loop
      vertex  -3.600000e-01  -6.666609e-02  -2.367815e-02
      vertex  -3.600000e-01  -1.665335e-16  -2.226497e-02
      vertex  -3.600000e-01  -3.333333e-02  -8.000000e-02
    endloop
  endfacet
  facet normal   -1.000000e+00   0.000000e+00  -0.000000e+00
    outer loop
      vertex  -3.600000e-01   6.666667e-02  -2.226497e-02
      vertex  -3.600000e-01   1.000000e-01  -8.000000e-02
      vertex  -3.600000e-01   3.333333e-02  -8.000000e-02
    endloop
  endfacet
  facet normal   -1.000000e+00  -0.000000e+00   0.000000e+00
    outer loop
      vertex  -3.600000e-01   6.666667e-02  -2.226497e-02
      vertex  -3.600000e-01   3.333333e-02  -8.000000e-02
      vertex  -3.600000e-01  -1.665335e-16  -2.226497e-02
    endloop
  endfacet
  facet normal   -1.000000e+00   0.000000e+00  -0.000000e+00
    outer loop
      vertex  -3.600000e-01   1.333333e-01  -2.226497e-02
      vertex  -3.600000e-01   1.666667e-01  -8.000000e-02
      vertex  -3.600000e-01   1.000000e-01  -8.000000e-02
    endloop
  endfacet
  facet normal   -1.000000e+00   0.000000e+00   0.000000e+00
    outer loop
      vertex  -3.600000e-01   6.666667e-02  -2.226497e-02
      vertex  -3.600000e-01   1.333333e-01  -2.226497e-02
      vertex  -3.600000e-01   1.000000e-01  -8.000000e-02
    endloop
  endfacet
  facet normal   -1.000000e+00   0.000000e+00  -0.000000e+00
    outer loop
      vertex  -3.600000e-01   1.996933e-01  -2.896684e-02
      vertex  -3.600000e-01   2.333333e-01  -8.000000e-02
      vertex  -3.600000e-01   1.666667e-01  -8.000000e-02
    endloop
  endfacet
  facet normal   -1.000000e+00  -0.000000e+00   0.000000e+00
    outer loop
      vertex  -3.600000e-01   1.996933e-01  -2.896684e-02
      vertex  -3.600000e-01   1.666667e-01  -8.000000e-02
      vertex  -3.600000e-01   1.333333e-01  -2.226497e-02
    endloop
  endfacet
  facet normal   -1.000000e+00  -0.000000e+00   0.000000e+00
    outer loop
      vertex  -3.600000e-01   2.515360e-01  -3.153605e-02
      vertex  -3.600000e-01   2.333333e-01  -8.000000e-02
      vertex  -3.600000e-01   1.996933e-01  -2.896684e-02
    endloop
  endfacet
  facet normal   -1.000000e+00   0.000000e+00  -0.000000e+00
    outer loop
      vertex  -3.600000e-01  -1.670345e-01   2.000000e-02
      vertex  -3.600000e-01  -1.333200e-01  -2.389806e-02
      vertex  -3.600000e-01  -1.996933e-01  -2.896684e-02
    endloop
  endfacet
  facet normal   -1.000000e+00   0.000000e+00   0.000000e+00
    outer loop
      vertex  -3.600000e-01  -1.670345e-01   2.000000e-02
      vertex  -3.600000e-01  -1.996933e-01  -2.896684e-02
      vertex  -3.600000e-01  -2.424518e-01   2.000000e-02
    endloop
  endfacet
  facet normal   -1.000000e+00   0.000000e+00   0.000000e+00
    outer loop
      vertex  -3.600000e-01  -2.515360e-01  -3.153605e-02
      vertex  -3.600000e-01  -2.424518e-01   2.000000e-02
      vertex  -3.600000e-01  -1.996933e-01  -2.896684e-02
    endloop
  endfacet
  facet normal   -1.000000e+00   0.000000e+00   0.000000e+00
    outer loop
      vertex  -3.600000e-01  -3.333333e-02   2.000000e-02
      vertex  -3.600000e-01  -6.666667e-02   6.226497e-02
      vertex  -3.600000e-01  -1.110223e-16   6.226497e-02
    endloop
  endfacet
  facet normal   -1.000000e+00   0.000000e+00   0.000000e+00
    outer loop
      vertex  -3.600000e-01  -1.000568e-01   1.976447e-02
      vertex  -3.600000e-01  -1.333200e-01   6.389806e-02
      vertex  -3.600000e-01  -6.666667e-02   6.226497e-02
    endloop
  endfacet
  facet normal   -1.000000e+00  -0.000000e+00   0.000000e+00
    outer loop
      vertex  -3.600000e-01  -3.333333e-02   2.000000e-02
      vertex  -3.600000e-01  -1.000568e-01   1.976447e-02
      vertex  -3.600000e-01  -6.666667e-02   6.226497e-02
    endloop
  endfacet
  facet normal   -1.000000e+00   0.000000e+00   0.000000e+00
    outer loop
      vertex  -3.600000e-01   3.333333e-02   2.000000e-02
      vertex  -3.600000e-01  -1.110223e-16   6.226497e-02
      vertex  -3.600000e-01   6.666667e-02   6.226497e-02
    endloop
  endfacet
  facet normal   -1.000000e+00   0.000000e+00   0.000000e+00
    outer loop
      vertex  -3.600000e-01   1.000000e-01   2.000000e-02
      vertex  -3.600000e-01   6.666667e-02   6.226497e-02
      vertex  -3.600000e-01   1.333200e-01   6.389806e-02
    endloop
  endfacet
  facet normal   -1.000000e+00  -0.000000e+00   0.000000e+00
    outer loop
      vertex  -3.600000e-01   1.000000e-01   2.000000e-02
      vertex  -3.600000e-01   3.333333e-02   2.000000e-02
      vertex  -3.600000e-01   6.666667e-02   6.226497e-02
    endloop
  endfacet
  facet normal   -1.000000e+00   0.000000e+00   0.000000e+00
    outer loop
      vertex  -3.600000e-01   1.666667e-01   2.000000e-02
      vertex  -3.600000e-01   1.333200e-01   6.389806e-02
      vertex  -3.600000e-01   1.996933e-01   6.896684e-02
    endloop
  endfacet
  facet normal   -1.000000e+00   0.000000e+00   0.000000e+00
    outer loop
      vertex  -3.600000e-01   1.666667e-01   2.000000e-02
      vertex  -3.600000e-01   1.996933e-01   6.896684e-02
      vertex  -3.600000e-01   2.424518e-01   2.000000e-02
    endloop
  endfacet
  facet normal   -1.000000e+00   0.000000e+00   0.000000e+00
    outer loop
      vertex  -3.600000e-01   2.515360e-01   7.153605e-02
      vertex  -3.600000e-01   2.424518e-01   2.000000e-02
      vertex  -3.600000e-01   1.996933e-01   6.896684e-02
    endloop
  endfacet
  facet normal   -1.000000e+00   0.000000e+00  -0.000000e+00
    outer loop
      vertex  -3.600000e-01  -3.333333e-02   2.000000e-02
      vertex  -3.600000e-01  -1.665335e-16  -2.226497e-02
      vertex  -3.600000e-01  -6.666609e-02  -2.367815e-02
    endloop
  endfacet
  facet normal   -1.000000e+00   0.000000e+00  -0.000000e+00
    outer loop
      vertex  -3.600000e-01   3.333333e-02   2.000000e-02
      vertex  -3.600000e-01   6.666667e-02  -2.226497e-02
      vertex  -3.600000e-01  -1.665335e-16  -2.226497e-02
    endloop
  endfacet
  facet normal   -1.000000e+00   0.000000e+00   0.000000e+00
    outer loop
      vertex  -3.600000e-01  -3.333333e-02   2.000000e-02
      vertex  -3.600000e-01   3.333333e-02   2.000000e-02
      vertex  -3.600000e-01  -1.665335e-16  -2.226497e-02
    endloop
  endfacet
  facet normal   -1.000000e+00   0.000000e+00  -0.000000e+00
    outer loop
      vertex  -3.600000e-01   1.666667e-01   2.000000e-02
      vertex  -3.600000e-01   1.996933e-01  -2.896684e-02
      vertex  -3.600000e-01   1.333333e-01  -2.226497e-02
    endloop
  endfacet
  facet normal   -1.000000e+00   0.000000e+00  -0.000000e+00
    outer loop
      vertex  -3.600000e-01   1.000000e-01   2.000000e-02
      vertex  -3.600000e-01   1.333333e-01  -2.226497e-02
      vertex  -3.600000e-01   6.666667e-02  -2.226497e-02
    endloop
  endfacet
  facet normal   -1.000000e+00  -0.000000e+00   0.000000e+00
    outer loop
      vertex  -3.600000e-01   1.666667e-01   2.000000e-02
      vertex  -3.600000e-01   1.333333e-01  -2.226497e-02
      vertex  -3.600000e-01   1.000000e-01   2.000000e-02
    endloop
  endfacet
  facet normal   -1.000000e+00   0.000000e+00   0.000000e+00
    outer loop
      vertex  -3.600000e-01  -1.670345e-01   2.000000e-02
      vertex  -3.600000e-01  -1.996933e-01   6.896684e-02
      vertex  -3.600000e-01  -1.333200e-01   6.389806e-02
    endloop
  endfacet
  facet normal   -1.000000e+00  -0.000000e+00   0.000000e+00
    outer loop
      vertex  -3.600000e-01  -1.670345e-01   2.000000e-02
      vertex  -3.600000e-01  -2.424518e-01   2.000000e-02
      vertex  -3.600000e-01  -1.996933e-01   6.896684e-02
    endloop
  endfacet
  facet normal   -1.000000e+00   0.000000e+00   0.000000e+00
    outer loop
      vertex  -3.600000e-01  -2.515360e-01   7.153605e-02
      vertex  -3.600000e-01  -1.996933e-01   6.896684e-02
      vertex  -3.600000e-01  -2.424518e-01   2.000000e-02
    endloop
  endfacet
  facet normal   -1.000000e+00   0.000000e+00   0.000000e+00
    outer loop
      vertex  -3.600000e-01  -3.333333e-02   2.000000e-02
      vertex  -3.600000e-01  -1.110223e-16   6.226497e-02
      vertex  -3.600000e-01   3.333333e-02   2.000000e-02
    endloop
  endfacet
  facet normal   -1.000000e+00   0.000000e+00   0.000000e+00
    outer loop
      vertex  -3.600000e-01   1.666667e-01   2.000000e-02
      vertex  -3.600000e-01   2.424518e-01   2.000000e-02
      vertex  -3.600000e-01   1.996933e-01  -2.896684e-02
    endloop
  endfacet
  facet normal   -1.000000e+00   0.000000e+00   0.000000e+00
    outer loop
      vertex  -3.600000e-01   2.515360e-01  -3.153605e-02
      vertex  -3.600000e-01   1.996933e-01  -2.896684e-02
      vertex  -3.600000e-01   2.424518e-01   2.000000e-02
    endloop
  endfacet
  facet normal   -1.000000e+00   0.000000e+00  -0.000000e+00
    outer loop
      vertex  -3.600000e-01  -1.000568e-01   1.976447e-02
      vertex  -3.600000e-01  -6.666609e-02  -2.367815e-02
      vertex  -3.600000e-01  -1.333200e-01  -2.389806e-02
    endloop
  endfacet
  facet normal   -1.000000e+00  -0.000000e+00   0.000000e+00
    outer loop
      vertex  -3.600000e-01  -1.000568e-01   1.976447e-02
      vertex  -3.600000e-01  -1.333200e-01  -2.389806e-02
      vertex  -3.600000e-01  -1.670345e-01   2.000000e-02
    endloop
  endfacet
  facet normal   -1.000000e+00   0.000000e+00   0.000000e+00
    outer loop
      vertex  -3.600000e-01  -3.333333e-02   2.000000e-02
      vertex  -3.600000e-01  -6.666609e-02  -2.367815e-02
      vertex  -3.600000e-01  -1.000568e-01   1.976447e-02
    endloop
  endfacet
  facet normal   -1.000000e+00   0.000000e+00   0.000000e+00
    outer loop
      vertex  -3.600000e-01  -1.000568e-01   1.976447e-02
      vertex  -3.600000e-01  -1.670345e-01   2.000000e-02
      vertex  -3.600000e-01  -1.333200e-01   6.389806e-02
    endloop
  endfacet
  facet normal   -1.000000e+00   0.000000e+00   0.000000e+00
    outer loop
      vertex  -3.600000e-01   1.000000e-01   2.000000e-02
      vertex  -3.600000e-01   6.666667e-02  -2.226497e-02
      vertex  -3.600000e-01   3.333333e-02   2.000000e-02
    endloop
  endfacet
  facet normal   -1.000000e+00   0.000000e+00   0.000000e+00
    outer loop
      vertex  -3.600000e-01   1.666667e-01   2.000000e-02
      vertex  -3.600000e-01   1.000000e-01   2.000000e-02
      vertex  -3.600000e-01   1.333200e-01   6.389806e-02
    endloop
  endfacet
  facet normal    1.000000e+00   0.000000e+00   0.000000e+00
    outer loop
      vertex   3.600000e-01  -3.000000e-01   1.200000e-01
      vertex   3.600000e-01  -3.000000e-01   5.333333e-02
      vertex   3.600000e-01  -2.515360e-01   7.153605e-02
    endloop
  endfacet
  facet normal    1.000000e+00   0.000000e+00   0.000000e+00
    outer loop
      vertex   3.600000e-01  -2.333333e-01   1.200000e-01
      vertex   3.600000e-01  -3.000000e-01   1.200000e-01
      vertex   3.600000e-01  -2.515360e-01   7.153605e-02
    endloop
  endfacet
  facet normal    1.000000e+00   0.000000e+00   0.000000e+00
    outer loop
      vertex   3.600000e-01  -3.000000e-01  -1.333333e-02
      vertex   3.600000e-01  -3.000000e-01  -8.000000e-02
      vertex   3.600000e-01  -2.515360e-01  -3.153605e-02
    endloop
  endfacet
  facet normal    1.000000e+00   0.000000e+00   0.000000e+00
    outer loop
      vertex   3.600000e-01  -3.000000e-01  -8.000000e-02
      vertex   3.600000e-01  -2.333333e-01  -8.000000e-02
      vertex   3.600000e-01  -2.515360e-01  -3.153605e-02
    endloop
  endfacet
  facet normal    1.000000e+00   0.000000e+00   0.000000e+00
    outer loop
      vertex   3.600000e-01   3.000000e-01   1.200000e-01
      vertex   3.600000e-01   2.333333e-01   1.200000e-01
      vertex   3.600000e-01   2.515360e-01   7.153605e-02
    endloop
  endfacet
  facet normal    1.000000e+00   0.000000e+00  -0.000000e+00
    outer loop
      vertex   3.600000e-01   3.000000e-01   5.333333e-02
      vertex   3.600000e-01   3.000000e-01   1.200000e-01
      vertex   3.600000e-01   2.515360e-01   7.153605e-02
    endloop
  endfacet
  facet normal    1.000000e+00   0.000000e+00  -0.000000e+00
    outer loop
      vertex   3.600000e-01   3.000000e-01  -8.000000e-02
      vertex   3.600000e-01   3.000000e-01  -1.333333e-02
      vertex   3.600000e-01   2.515360e-01  -3.153605e-02
    endloop
  endfacet
  facet normal    1.000000e+00   0.000000e+00   0.000000e+00
    outer loop
      vertex   3.600000e-01   2.333333e-01  -8.000000e-02
      vertex   3.600000e-01   3.000000e-01  -8.000000e-02
      vertex   3.600000e-01   2.515360e-01  -3.153605e-02
    endloop
  endfacet
  facet normal    1.000000e+00   0.000000e+00   0.000000e+00
    outer loop
      vertex   3.600000e-01  -3.000000e-01   5.333333e-02
      vertex   3.600000e-01  -3.000000e-01  -1.333333e-02
      vertex   3.600000e-01  -2.424518e-01   2.000000e-02
    endloop
  endfacet
  facet normal    1.000000e+00   0.000000e+00   0.000000e+00
    outer loop
      vertex   3.600000e-01  -2.424518e-01   2.000000e-02
      vertex   3.600000e-01  -3.000000e-01  -1.333333e-02
      vertex   3.600000e-01  -2.515360e-01  -3.153605e-02
    endloop
  endfacet
  facet normal    1.000000e+00  -0.000000e+00   0.000000e+00
    outer loop
      vertex   3.600000e-01  -3.000000e-01   5.333333e-02
      vertex   3.600000e-01  -2.424518e-01   2.000000e-02
      vertex   3.600000e-01  -2.515360e-01   7.153605e-02
    endloop
  endfacet
  facet normal    1.000000e+00   0.000000e+00   0.000000e+00
    outer loop
      vertex   3.600000e-01  -1.666667e-01   1.200000e-01
      vertex   3.600000e-01  -2.333333e-01   1.200000e-01
      vertex   3.600000e-01  -1.996933e-01   6.896684e-02
    endloop
  endfacet
  facet normal    1.000000e+00   0.000000e+00   0.000000e+00
    outer loop
      vertex   3.600000e-01  -1.996933e-01   6.896684e-02
      vertex   3.600000e-01  -2.333333e-01   1.200000e-01
      vertex   3.600000e-01  -2.515360e-01   7.153605e-02
    endloop
  endfacet
  facet normal    1.000000e+00   0.000000e+00   0.000000e+00
    outer loop
      vertex   3.600000e-01  -1.000000e-01   1.200000e-01
      vertex   3.600000e-01  -1.666667e-01   1.200000e-01
      vertex   3.600000e-01  -1.333200e-01   6.389806e-02
    endloop
  endfacet
  facet normal    1.000000e+00   0.000000e+00   0.000000e+00
    outer loop
      vertex   3.600000e-01  -1.666667e-01   1.200000e-01
      vertex   3.600000e-01  -1.996933e-01   6.896684e-02
      vertex   3.600000e-01  -1.333200e-01   6.389806e-02
    endloop
  endfacet
  facet normal    1.000000e+00   0.000000e+00   0.000000e+00
    outer loop
      vertex   3.600000e-01  -3.333333e-02   1.200000e-01
      vertex   3.600000e-01  -1.000000e-01   1.200000e-01
      vertex   3.600000e-01  -6.666667e-02   6.226497e-02
    endloop
  endfacet
  facet normal    1.000000e+00   0.000000e+00   0.000000e+00
    outer loop
      vertex   3.600000e-01  -6.666667e-02   6.226497e-02
      vertex   3.600000e-01  -1.000000e-01   1.200000e-01
      vertex   3.600000e-01  -1.333200e-01   6.389806e-02
    endloop
  endfacet
  facet normal    1.000000e+00   0.000000e+00   0.000000e+00
    outer loop
      vertex   3.600000e-01   3.333333e-02   1.200000e-01
      vertex   3.600000e-01  -3.333333e-02   1.200000e-01
      vertex   3.600000e-01  -1.110223e-16   6.226497e-02
    endloop
  endfacet
  facet normal    1.000000e+00   0.000000e+00   0.000000e+00
    outer loop
      vertex   3.600000e-01  -3.333333e-02   1.200000e-01
      vertex   3.600000e-01  -6.666667e-02   6.226497e-02
      vertex   3.600000e-01  -1.110223e-16   6.226497e-02
    endloop
  endfacet
  facet normal    1.000000e+00   0.000000e+00   0.000000e+00
    outer loop
      vertex   3.600000e-01   1.000000e-01   1.200000e-01
      vertex   3.600000e-01   3.333333e-02   1.200000e-01
      vertex   3.600000e-01   6.666667e-02   6.226497e-02
    endloop
  endfacet
  facet normal    1.000000e+00   0.000000e+00   0.000000e+00
    outer loop
      vertex   3.600000e-01   6.666667e-02   6.226497e-02
      vertex   3.600000e-01   3.333333e-02   1.200000e-01
      vertex   3.600000e-01  -1.110223e-16   6.226497e-02
    endloop
  endfacet
  facet normal    1.000000e+00   0.000000e+00   0.000000e+00
    outer loop
      vertex   3.600000e-01   1.666667e-01   1.200000e-01
      vertex   3.600000e-01   1.000000e-01   1.200000e-01
      vertex   3.600000e-01   1.333200e-01   6.389806e-02
    endloop
  endfacet
  facet normal    1.000000e+00   0.000000e+00   0.000000e+00
    outer loop
      vertex   3.600000e-01   1.000000e-01   1.200000e-01
      vertex   3.600000e-01   6.666667e-02   6.226497e-02
      vertex   3.600000e-01   1.333200e-01   6.389806e-02
    endloop
  endfacet
  facet normal    1.000000e+00   0.000000e+00   0.000000e+00
    outer loop
      vertex   3.600000e-01   2.333333e-01   1.200000e-01
      vertex   3.600000e-01   1.666667e-01   1.200000e-01
      vertex   3.600000e-01   1.996933e-01   6.896684e-02
    endloop
  endfacet
  facet normal    1.000000e+00   0.000000e+00   0.000000e+00
    outer loop
      vertex   3.600000e-01   1.996933e-01   6.896684e-02
      vertex   3.600000e-01   1.666667e-01   1.200000e-01
      vertex   3.600000e-01   1.333200e-01   6.389806e-02
    endloop
  endfacet
  facet normal    1.000000e+00   0.000000e+00   0.000000e+00
    outer loop
      vertex   3.600000e-01   2.333333e-01   1.200000e-01
      vertex   3.600000e-01   1.996933e-01   6.896684e-02
      vertex   3.600000e-01   2.515360e-01   7.153605e-02
    endloop
  endfacet
  facet normal    1.000000e+00   0.000000e+00  -0.000000e+00
    outer loop
      vertex   3.600000e-01   3.000000e-01  -1.333333e-02
      vertex   3.600000e-01   3.000000e-01   5.333333e-02
      vertex   3.600000e-01   2.424518e-01   2.000000e-02
    endloop
  endfacet
  facet normal    1.000000e+00   0.000000e+00   0.000000e+00
    outer loop
      vertex   3.600000e-01   3.000000e-01  -1.333333e-02
      vertex   3.600000e-01   2.424518e-01   2.000000e-02
      vertex   3.600000e-01   2.515360e-01  -3.153605e-02
    endloop
  endfacet
  facet normal    1.000000e+00   0.000000e+00   0.000000e+00
    outer loop
      vertex   3.600000e-01   2.424518e-01   2.000000e-02
      vertex   3.600000e-01   3.000000e-01   5.333333e-02
      vertex   3.600000e-01   2.515360e-01   7.153605e-02
    endloop
  endfacet
  facet normal    1.000000e+00   0.000000e+00   0.000000e+00
    outer loop
      vertex   3.600000e-01  -2.333333e-01  -8.000000e-02
      vertex   3.600000e-01  -1.666667e-01  -8.000000e-02
      vertex   3.600000e-01  -1.996933e-01  -2.896684e-02
    endloop
  endfacet
  facet normal    1.000000e+00   0.000000e+00  -0.000000e+00
    outer loop
      vertex   3.600000e-01  -2.333333e-01  -8.000000e-02
      vertex   3.600000e-01  -1.996933e-01  -2.896684e-02
      vertex   3.600000e-01  -2.515360e-01  -3.153605e-02
    endloop
  endfacet
  facet normal    1.000000e+00   0.000000e+00   0.000000e+00
    outer loop
      vertex   3.600000e-01  -1.666667e-01  -8.000000e-02
      vertex   3.600000e-01  -1.000000e-01  -8.000000e-02
      vertex   3.600000e-01  -1.333200e-01  -2.389806e-02
    endloop
  endfacet
  facet normal    1.000000e+00  -0.000000e+00   0.000000e+00
    outer loop
      vertex   3.600000e-01  -1.996933e-01  -2.896684e-02
      vertex   3.600000e-01  -1.666667e-01  -8.000000e-02
      vertex   3.600000e-01  -1.333200e-01  -2.389806e-02
    endloop
  endfacet
  facet normal    1.000000e+00   0.000000e+00   0.000000e+00
    outer loop
      vertex   3.600000e-01  -1.000000e-01  -8.000000e-02
      vertex   3.600000e-01  -3.333333e-02  -8.000000e-02
      vertex   3.600000e-01  -6.666609e-02  -2.367815e-02
    endloop
  endfacet
  facet normal    1.000000e+00  -0.000000e+00   0.000000e+00
    outer loop
      vertex   3.600000e-01  -1.333200e-01  -2.389806e-02
      vertex   3.600000e-01  -1.000000e-01  -8.000000e-02
      vertex   3.600000e-01  -6.666609e-02  -2.367815e-02
    endloop
  endfacet
  facet normal    1.000000e+00   0.000000e+00   0.000000e+00
    outer loop
      vertex   3.600000e-01  -3.333333e-02  -8.000000e-02
      vertex   3.600000e-01   3.333333e-02  -8.000000e-02
      vertex   3.600000e-01  -1.665335e-16  -2.226497e-02
    endloop
  endfacet
  facet normal    1.000000e+00   0.000000e+00  -0.000000e+00
    outer loop
      vertex   3.600000e-01  -3.333333e-02  -8.000000e-02
      vertex   3.600000e-01  -1.665335e-16  -2.226497e-02
      vertex   3.600000e-01  -6.666609e-02  -2.367815e-02
    endloop
  endfacet
  facet normal    1.000000e+00   0.000000e+00   0.000000e+00
    outer loop
      vertex   3.600000e-01   3.333333e-02  -8.000000e-02
      vertex   3.600000e-01   1.000000e-01  -8.000000e-02
      vertex   3.600000e-01   6.666667e-02  -2.226497e-02
    endloop
  endfacet
  facet normal    1.000000e+00   0.000000e+00   0.000000e+00
    outer loop
      vertex   3.600000e-01  -1.665335e-16  -2.226497e-02
      vertex   3.600000e-01   3.333333e-02  -8.000000e-02
      vertex   3.600000e-01   6.666667e-02  -2.226497e-02
    endloop
  endfacet
  facet normal    1.000000e+00   0.000000e+00   0.000000e+00
    outer loop
      vertex   3.600000e-01   1.000000e-01  -8.000000e-02
      vertex   3.600000e-01   1.666667e-01  -8.000000e-02
      vertex   3.600000e-01   1.333333e-01  -2.226497e-02
    endloop
  endfacet
  facet normal    1.000000e+00   0.000000e+00  -0.000000e+00
    outer loop
      vertex   3.600000e-01   1.000000e-01  -8.000000e-02
      vertex   3.600000e-01   1.333333e-01  -2.226497e-02
      vertex   3.600000e-01   6.666667e-02  -2.226497e-02
    endloop
  endfacet
  facet normal    1.000000e+00   0.000000e+00   0.000000e+00
    outer loop
      vertex   3.600000e-01   1.666667e-01  -8.000000e-02
      vertex   3.600000e-01   2.333333e-01  -8.000000e-02
      vertex   3.600000e-01   1.996933e-01  -2.896684e-02
    endloop
  endfacet
  facet normal    1.000000e+00   0.000000e+00   0.000000e+00
    outer loop
      vertex   3.600000e-01   1.333333e-01  -2.226497e-02
      vertex   3.600000e-01   1.666667e-01  -8.000000e-02
      vertex   3.600000e-01   1.996933e-01  -2.896684e-02
    endloop
  endfacet
  facet normal    1.000000e+00   0.000000e+00   0.000000e+00
    outer loop
      vertex   3.600000e-01   1.996933e-01  -2.896684e-02
      vertex   3.600000e-01   2.333333e-01  -8.000000e-02
      vertex   3.600000e-01   2.515360e-01  -3.153605e-02
    endloop
  endfacet
  facet normal    1.000000e+00   0.000000e+00   0.000000e+00
    outer loop
      vertex   3.600000e-01  -1.996933e-01  -2.896684e-02
      vertex   3.600000e-01  -1.333200e-01  -2.389806e-02
      vertex   3.600000e-01  -1.670345e-01   2.000000e-02
    endloop
  endfacet
  facet normal    1.000000e+00  -0.000000e+00   0.000000e+00
    outer loop
      vertex   3.600000e-01  -2.424518e-01   2.000000e-02
      vertex   3.600000e-01  -1.996933e-01  -2.896684e-02
      vertex   3.600000e-01  -1.670345e-01   2.000000e-02
    endloop
  endfacet
  facet normal    1.000000e+00   0.000000e+00   0.000000e+00
    outer loop
      vertex   3.600000e-01  -1.996933e-01  -2.896684e-02
      vertex   3.600000e-01  -2.424518e-01   2.000000e-02
      vertex   3.600000e-01  -2.515360e-01  -3.153605e-02
    endloop
  endfacet
  facet normal    1.000000e+00   0.000000e+00   0.000000e+00
    outer loop
      vertex   3.600000e-01  -1.110223e-16   6.226497e-02
      vertex   3.600000e-01  -6.666667e-02   6.226497e-02
      vertex   3.600000e-01  -3.333333e-02   2.000000e-02
    endloop
  endfacet
  facet normal    1.000000e+00   0.000000e+00   0.000000e+00
    outer loop
      vertex   3.600000e-01  -6.666667e-02   6.226497e-02
      vertex   3.600000e-01  -1.333200e-01   6.389806e-02
      vertex   3.600000e-01  -1.000568e-01   1.976447e-02
    endloop
  endfacet
  facet normal    1.000000e+00   0.000000e+00   0.000000e+00
    outer loop
      vertex   3.600000e-01  -6.666667e-02   6.226497e-02
      vertex   3.600000e-01  -1.000568e-01   1.976447e-02
      vertex   3.600000e-01  -3.333333e-02   2.000000e-02
    endloop
  endfacet
  facet normal    1.000000e+00   0.000000e+00   0.000000e+00
    outer loop
      vertex   3.600000e-01   6.666667e-02   6.226497e-02
      vertex   3.600000e-01  -1.110223e-16   6.226497e-02
      vertex   3.600000e-01   3.333333e-02   2.000000e-02
    endloop
  endfacet
  facet normal    1.000000e+00   0.000000e+00   0.000000e+00
    outer loop
      vertex   3.600000e-01   1.333200e-01   6.389806e-02
      vertex   3.600000e-01   6.666667e-02   6.226497e-02
      vertex   3.600000e-01   1.000000e-01   2.000000e-02
    endloop
  endfacet
  facet normal    1.000000e+00   0.000000e+00   0.000000e+00
    outer loop
      vertex   3.600000e-01   6.666667e-02   6.226497e-02
      vertex   3.600000e-01   3.333333e-02   2.000000e-02
      vertex   3.600000e-01   1.000000e-01   2.000000e-02
    endloop
  endfacet
  facet normal    1.000000e+00   0.000000e+00   0.000000e+00
    outer loop
      vertex   3.600000e-01   1.996933e-01   6.896684e-02
      vertex   3.600000e-01   1.333200e-01   6.389806e-02
      vertex   3.600000e-01   1.666667e-01   2.000000e-02
    endloop
  endfacet
  facet normal    1.000000e+00   0.000000e+00   0.000000e+00
    outer loop
      vertex   3.600000e-01   2.424518e-01   2.000000e-02
      vertex   3.600000e-01   1.996933e-01   6.896684e-02
      vertex   3.600000e-01   1.666667e-01   2.000000e-02
    endloop
  endfacet
  facet normal    1.000000e+00  -0.000000e+00   0.000000e+00
    outer loop
      vertex   3.600000e-01   1.996933e-01   6.896684e-02
      vertex   3.600000e-01   2.424518e-01   2.000000e-02
      vertex   3.600000e-01   2.515360e-01   7.153605e-02
    endloop
  endfacet
  facet normal    1.000000e+00   0.000000e+00   0.000000e+00
    outer loop
      vertex   3.600000e-01  -6.666609e-02  -2.367815e-02
      vertex   3.600000e-01  -1.665335e-16  -2.226497e-02
      vertex   3.600000e-01  -3.333333e-02   2.000000e-02
    endloop
  endfacet
  facet normal    1.000000e+00  -0.000000e+00   0.000000e+00
    outer loop
      vertex   3.600000e-01  -1.665335e-16  -2.226497e-02
      vertex   3.600000e-01   6.666667e-02  -2.226497e-02
      vertex   3.600000e-01   3.333333e-02   2.000000e-02
    endloop
  endfacet
  facet normal    1.000000e+00   0.000000e+00  -0.000000e+00
    outer loop
      vertex   3.600000e-01  -1.665335e-16  -2.226497e-02
      vertex   3.600000e-01   3.333333e-02   2.000000e-02
      vertex   3.600000e-01  -3.333333e-02   2.000000e-02
    endloop
  endfacet
  facet normal    1.000000e+00  -0.000000e+00   0.000000e+00
    outer loop
      vertex   3.600000e-01   1.333333e-01  -2.226497e-02
      vertex   3.600000e-01   1.996933e-01  -2.896684e-02
      vertex   3.600000e-01   1.666667e-01   2.000000e-02
    endloop
  endfacet
  facet normal    1.000000e+00   0.000000e+00   0.000000e+00
    outer loop
      vertex   3.600000e-01   6.666667e-02  -2.226497e-02
      vertex   3.600000e-01   1.333333e-01  -2.226497e-02
      vertex   3.600000e-01   1.000000e-01   2.000000e-02
    endloop
  endfacet
  facet normal    1.000000e+00  -0.000000e+00   0.000000e+00
    outer loop
      vertex   3.600000e-01   1.000000e-01   2.000000e-02
      vertex   3.600000e-01   1.333333e-01  -2.226497e-02
      vertex   3.600000e-01   1.666667e-01   2.000000e-02
    endloop
  endfacet
  facet normal    1.000000e+00   0.000000e+00   0.000000e+00
    outer loop
      vertex   3.600000e-01  -1.333200e-01   6.389806e-02
      vertex   3.600000e-01  -1.996933e-01   6.896684e-02
      vertex   3.600000e-01  -1.670345e-01   2.000000e-02
    endloop
  endfacet
  facet normal    1.000000e+00   0.000000e+00   0.000000e+00
    outer loop
      vertex   3.600000e-01  -1.996933e-01   6.896684e-02
      vertex   3.600000e-01  -2.424518e-01   2.000000e-02
      vertex   3.600000e-01  -1.670345e-01   2.000000e-02
    endloop
  endfacet
  facet normal    1.000000e+00   0.000000e+00  -0.000000e+00
    outer loop
      vertex   3.600000e-01  -2.424518e-01   2.000000e-02
      vertex   3.600000e-01  -1.996933e-01   6.896684e-02
      vertex   3.600000e-01  -2.515360e-01   7.153605e-02
    endloop
  endfacet
  facet normal    1.000000e+00   0.000000e+00   0.000000e+00
    outer loop
      vertex   3.600000e-01   3.333333e-02   2.000000e-02
      vertex   3.600000e-01  -1.110223e-16   6.226497e-02
      vertex   3.600000e-01  -3.333333e-02   2.000000e-02
    endloop
  endfacet
  facet normal    1.000000e+00   0.000000e+00  -0.000000e+00
    outer loop
      vertex   3.600000e-01   1.996933e-01  -2.896684e-02
      vertex   3.600000e-01   2.424518e-01   2.000000e-02
      vertex   3.600000e-01   1.666667e-01   2.000000e-02
    endloop
  endfacet
  facet normal    1.000000e+00   0.000000e+00   0.000000e+00
    outer loop
      vertex   3.600000e-01   2.424518e-01   2.000000e-02
      vertex   3.600000e-01   1.996933e-01  -2.896684e-02
      vertex   3.600000e-01   2.515360e-01  -3.153605e-02
    endloop
  endfacet
  facet normal    1.000000e+00   0.000000e+00   0.000000e+00
    outer loop
      vertex   3.600000e-01  -1.333200e-01  -2.389806e-02
      vertex   3.600000e-01  -6.666609e-02  -2.367815e-02
      vertex   3.600000e-01  -1.000568e-01   1.976447e-02
    endloop
  endfacet
  facet normal    1.000000e+00   0.000000e+00   0.000000e+00
    outer loop
      vertex   3.600000e-01  -1.670345e-01   2.000000e-02
      vertex   3.600000e-01  -1.333200e-01  -2.389806e-02
      vertex   3.600000e-01  -1.000568e-01   1.976447e-02
    endloop
  endfacet
  facet normal    1.000000e+00  -0.000000e+00   0.000000e+00
    outer loop
      vertex   3.600000e-01  -1.000568e-01   1.976447e-02
      vertex   3.600000e-01  -6.666609e-02  -2.367815e-02
      vertex   3.600000e-01  -3.333333e-02   2.000000e-02
    endloop
  endfacet
  facet normal    1.000000e+00   0.000000e+00   0.000000e+00
    outer loop
      vertex   3.600000e-01  -1.333200e-01   6.389806e-02
      vertex   3.600000e-01  -1.670345e-01   2.000000e-02
      vertex   3.600000e-01  -1.000568e-01   1.976447e-02
    endloop
  endfacet
  facet normal    1.000000e+00  -0.000000e+00   0.000000e+00
    outer loop
      vertex   3.600000e-01   3.333333e-02   2.000000e-02
      vertex   3.600000e-01   6.666667e-02  -2.226497e-02
      vertex   3.600000e-01   1.000000e-01   2.000000e-02
    endloop
  endfacet
  facet normal    1.000000e+00   0.000000e+00   0.000000e+00
    outer loop
      vertex   3.600000e-01   1.333200e-01   6.389806e-02
      vertex   3.600000e-01   1.000000e-01   2.000000e-02
      vertex   3.600000e-01   1.666667e-01   2.000000e-02
    endloop
  endfacet
  facet normal   -0.000000e+00  -1.000000e+00   0.000000e+00
    outer loop
      vertex  -3.122174e-01  -3.000000e-01   7.245828e-02
      vertex  -3.600000e-01  -3.000000e-01   1.200000e-01
      vertex  -3.600000e-01  -3.000000e-01   5.333333e-02
    endloop
  endfacet
  facet normal    0.000000e+00  -1.000000e+00   0.000000e+00
    outer loop
      vertex  -3.122174e-01  -3.000000e-01   7.245828e-02
      vertex  -2.945455e-01  -3.000000e-01   1.200000e-01
      vertex  -3.600000e-01  -3.000000e-01   1.200000e-01
    endloop
  endfacet
  facet normal   -0.000000e+00  -1.000000e+00   0.000000e+00
    outer loop
      vertex  -3.122219e-01  -3.000000e-01  -3.242302e-02
      vertex  -3.600000e-01  -3.000000e-01  -1.333333e-02
      vertex  -3.600000e-01  -3.000000e-01  -8.000000e-02
    endloop
  endfacet
  facet normal    0.000000e+00  -1.000000e+00  -0.000000e+00
    outer loop
      vertex  -3.122219e-01  -3.000000e-01  -3.242302e-02
      vertex  -3.600000e-01  -3.000000e-01  -8.000000e-02
      vertex  -2.945455e-01  -3.000000e-01  -8.000000e-02
    endloop
  endfacet
  facet normal    0.000000e+00  -1.000000e+00   0.000000e+00
    outer loop
      vertex   3.122219e-01  -3.000000e-01   7.242302e-02
      vertex   3.600000e-01  -3.000000e-01   5.333333e-02
      vertex   3.600000e-01  -3.000000e-01   1.200000e-01
    endloop
  endfacet
  facet normal    0.000000e+00  -1.000000e+00   0.000000e+00
    outer loop
      vertex   3.122219e-01  -3.000000e-01   7.242302e-02
      vertex   3.600000e-01  -3.000000e-01   1.200000e-01
      vertex   2.945455e-01  -3.000000e-01   1.200000e-01
    endloop
  endfacet
  facet normal    0.000000e+00  -1.000000e+00   0.000000e+00
    outer loop
      vertex   3.122219e-01  -3.000000e-01  -3.242302e-02
      vertex   3.600000e-01  -3.000000e-01  -8.000000e-02
      vertex   3.600000e-01  -3.000000e-01  -1.333333e-02
    endloop
  endfacet
  facet normal    0.000000e+00  -1.000000e+00  -0.000000e+00
    outer loop
      vertex   3.122219e-01  -3.000000e-01  -3.242302e-02
      vertex   2.945455e-01  -3.000000e-01  -8.000000e-02
      vertex   3.600000e-01  -3.000000e-01  -8.000000e-02
    endloop
  endfacet
  facet normal   -0.000000e+00  -1.000000e+00   0.000000e+00
    outer loop
      vertex  -2.995432e-01  -3.000000e-01   2.000000e-02
      vertex  -3.600000e-01  -3.000000e-01   5.333333e-02
      vertex  -3.600000e-01  -3.000000e-01  -1.333333e-02
    endloop
  endfacet
  facet normal    0.000000e+00  -1.000000e+00   0.000000e+00
    outer loop
      vertex  -3.122219e-01  -3.000000e-01  -3.242302e-02
      vertex  -2.995432e-01  -3.000000e-01   2.000000e-02
      vertex  -3.600000e-01  -3.000000e-01  -1.333333e-02
    endloop
  endfacet
  facet normal    0.000000e+00  -1.000000e+00  -0.000000e+00
    outer loop
      vertex  -3.122174e-01  -3.000000e-01   7.245828e-02
      vertex  -3.600000e-01  -3.000000e-01   5.333333e-02
      vertex  -2.995432e-01  -3.000000e-01   2.000000e-02
    endloop
  endfacet
  facet normal    0.000000e+00  -1.000000e+00   0.000000e+00
    outer loop
      vertex   2.995432e-01  -3.000000e-01   2.000000e-02
      vertex   3.600000e-01  -3.000000e-01  -1.333333e-02
      vertex   3.600000e-01  -3.000000e-01   5.333333e-02
    endloop
  endfacet
  facet normal    0.000000e+00  -1.000000e+00   0.000000e+00
    outer loop
      vertex   3.122219e-01  -3.000000e-01  -3.242302e-02
      vertex   3.600000e-01  -3.000000e-01  -1.333333e-02
      vertex   2.995432e-01  -3.000000e-01   2.000000e-02
    endloop
  endfacet
  facet normal    0.000000e+00  -1.000000e+00  -0.000000e+00
    outer loop
      vertex   3.122219e-01  -3.000000e-01   7.242302e-02
      vertex   2.995432e-01  -3.000000e-01   2.000000e-02
      vertex   3.600000e-01  -3.000000e-01   5.333333e-02
    endloop
  endfacet
  facet normal    0.000000e+00  -1.000000e+00  -0.000000e+00
    outer loop
      vertex  -2.599458e-01  -3.000000e-01  -2.905184e-02
      vertex  -2.945455e-01  -3.000000e-01  -8.000000e-02
      vertex  -2.290909e-01  -3.000000e-01  -8.000000e-02
    endloop
  endfacet
  facet normal    0.000000e+00  -1.000000e+00   0.000000e+00
    outer loop
      vertex  -3.122219e-01  -3.000000e-01  -3.242302e-02
      vertex  -2.945455e-01  -3.000000e-01  -8.000000e-02
      vertex  -2.599458e-01  -3.000000e-01  -2.905184e-02
    endloop
  endfacet
  facet normal    0.000000e+00  -1.000000e+00  -0.000000e+00
    outer loop
      vertex  -1.963636e-01  -3.000000e-01  -2.331470e-02
      vertex  -2.290909e-01  -3.000000e-01  -8.000000e-02
      vertex  -1.636364e-01  -3.000000e-01  -8.000000e-02
    endloop
  endfacet
  facet normal    0.000000e+00  -1.000000e+00   0.000000e+00
    outer loop
      vertex  -2.599458e-01  -3.000000e-01  -2.905184e-02
      vertex  -2.290909e-01  -3.000000e-01  -8.000000e-02
      vertex  -1.963636e-01  -3.000000e-01  -2.331470e-02
    endloop
  endfacet
  facet normal    0.000000e+00  -1.000000e+00  -0.000000e+00
    outer loop
      vertex  -1.289586e-01  -3.000000e-01  -2.666925e-02
      vertex  -1.636364e-01  -3.000000e-01  -8.000000e-02
      vertex  -9.818182e-02  -3.000000e-01  -8.000000e-02
    endloop
  endfacet
  facet normal   -0.000000e+00  -1.000000e+00   0.000000e+00
    outer loop
      vertex  -1.289586e-01  -3.000000e-01  -2.666925e-02
      vertex  -1.963636e-01  -3.000000e-01  -2.331470e-02
      vertex  -1.636364e-01  -3.000000e-01  -8.000000e-02
    endloop
  endfacet
  facet normal    0.000000e+00  -1.000000e+00  -0.000000e+00
    outer loop
      vertex  -6.378270e-02  -3.000000e-01  -2.427994e-02
      vertex  -9.818182e-02  -3.000000e-01  -8.000000e-02
      vertex  -3.272727e-02  -3.000000e-01  -8.000000e-02
    endloop
  endfacet
  facet normal    0.000000e+00  -1.000000e+00   0.000000e+00
    outer loop
      vertex  -1.289586e-01  -3.000000e-01  -2.666925e-02
      vertex  -9.818182e-02  -3.000000e-01  -8.000000e-02
      vertex  -6.378270e-02  -3.000000e-01  -2.427994e-02
    endloop
  endfacet
  facet normal    0.000000e+00  -1.000000e+00  -0.000000e+00
    outer loop
      vertex   2.786405e-04  -3.000000e-01  -2.572268e-02
      vertex  -3.272727e-02  -3.000000e-01  -8.000000e-02
      vertex   3.272727e-02  -3.000000e-01  -8.000000e-02
    endloop
  endfacet
  facet normal   -0.000000e+00  -1.000000e+00   0.000000e+00
    outer loop
      vertex   2.786405e-04  -3.000000e-01  -2.572268e-02
      vertex  -6.378270e-02  -3.000000e-01  -2.427994e-02
      vertex  -3.272727e-02  -3.000000e-01  -8.000000e-02
    endloop
  endfacet
  facet normal    0.000000e+00  -1.000000e+00  -0.000000e+00
    outer loop
      vertex   6.545455e-02  -3.000000e-01  -2.331470e-02
      vertex   3.272727e-02  -3.000000e-01  -8.000000e-02
      vertex   9.818182e-02  -3.000000e-01  -8.000000e-02
    endloop
  endfacet
  facet normal    0.000000e+00  -1.000000e+00   0.000000e+00
    outer loop
      vertex   2.786405e-04  -3.000000e-01  -2.572268e-02
      vertex   3.272727e-02  -3.000000e-01  -8.000000e-02
      vertex   6.545455e-02  -3.000000e-01  -2.331470e-02
    endloop
  endfacet
  facet normal    0.000000e+00  -1.000000e+00  -0.000000e+00
    outer loop
      vertex   1.309091e-01  -3.000000e-01  -2.331470e-02
      vertex   9.818182e-02  -3.000000e-01  -8.000000e-02
      vertex   1.636364e-01  -3.000000e-01  -8.000000e-02
    endloop
  endfacet
  facet normal   -0.000000e+00  -1.000000e+00   0.000000e+00
    outer loop
      vertex   1.309091e-01  -3.000000e-01  -2.331470e-02
      vertex   6.545455e-02  -3.000000e-01  -2.331470e-02
      vertex   9.818182e-02  -3.000000e-01  -8.000000e-02
    endloop
  endfacet
  facet normal    0.000000e+00  -1.000000e+00  -0.000000e+00
    outer loop
      vertex   1.963636e-01  -3.000000e-01  -2.331470e-02
      vertex   1.636364e-01  -3.000000e-01  -8.000000e-02
      vertex   2.290909e-01  -3.000000e-01  -8.000000e-02
    endloop
  endfacet
  facet normal    0.000000e+00  -1.000000e+00   0.000000e+00
    outer loop
      vertex   1.309091e-01  -3.000000e-01  -2.331470e-02
      vertex   1.636364e-01  -3.000000e-01  -8.000000e-02
      vertex   1.963636e-01  -3.000000e-01  -2.331470e-02
    endloop
  endfacet
  facet normal    0.000000e+00  -1.000000e+00  -0.000000e+00
    outer loop
      vertex   2.599458e-01  -3.000000e-01  -2.905184e-02
      vertex   2.290909e-01  -3.000000e-01  -8.000000e-02
      vertex   2.945455e-01  -3.000000e-01  -8.000000e-02
    endloop
  endfacet
  facet normal   -0.000000e+00  -1.000000e+00   0.000000e+00
    outer loop
      vertex   2.599458e-01  -3.000000e-01  -2.905184e-02
      vertex   1.963636e-01  -3.000000e-01  -2.331470e-02
      vertex   2.290909e-01  -3.000000e-01  -8.000000e-02
    endloop
  endfacet
  facet normal   -0.000000e+00  -1.000000e+00   0.000000e+00
    outer loop
      vertex   3.122219e-01  -3.000000e-01  -3.242302e-02
      vertex   2.599458e-01  -3.000000e-01  -2.905184e-02
      vertex   2.945455e-01  -3.000000e-01  -8.000000e-02
    endloop
  endfacet
  facet normal    0.000000e+00  -1.000000e+00   0.000000e+00
    outer loop
      vertex  -2.598582e-01  -3.000000e-01   6.972912e-02
      vertex  -2.290909e-01  -3.000000e-01   1.200000e-01
      vertex  -2.945455e-01  -3.000000e-01   1.200000e-01
    endloop
  endfacet
  facet normal    0.000000e+00  -1.000000e+00   0.000000e+00
    outer loop
      vertex  -3.122174e-01  -3.000000e-01   7.245828e-02
      vertex  -2.598582e-01  -3.000000e-01   6.972912e-02
      vertex  -2.945455e-01  -3.000000e-01   1.200000e-01
    endloop
  endfacet
  facet normal    0.000000e+00  -1.000000e+00   0.000000e+00
    outer loop
      vertex  -1.958380e-01  -3.000000e-01   6.737837e-02
      vertex  -1.636364e-01  -3.000000e-01   1.200000e-01
      vertex  -2.290909e-01  -3.000000e-01   1.200000e-01
    endloop
  endfacet
  facet normal    0.000000e+00  -1.000000e+00   0.000000e+00
    outer loop
      vertex  -2.598582e-01  -3.000000e-01   6.972912e-02
      vertex  -1.958380e-01  -3.000000e-01   6.737837e-02
      vertex  -2.290909e-01  -3.000000e-01   1.200000e-01
    endloop
  endfacet
  facet normal    0.000000e+00  -1.000000e+00   0.000000e+00
    outer loop
      vertex  -1.297149e-01  -3.000000e-01   6.900553e-02
      vertex  -9.818182e-02  -3.000000e-01   1.200000e-01
      vertex  -1.636364e-01  -3.000000e-01   1.200000e-01
    endloop
  endfacet
  facet normal    0.000000e+00  -1.000000e+00   0.000000e+00
    outer loop
      vertex  -1.958380e-01  -3.000000e-01   6.737837e-02
      vertex  -1.297149e-01  -3.000000e-01   6.900553e-02
      vertex  -1.636364e-01  -3.000000e-01   1.200000e-01
    endloop
  endfacet
  facet normal    0.000000e+00  -1.000000e+00   0.000000e+00
    outer loop
      vertex  -6.429435e-02  -3.000000e-01   7.115141e-02
      vertex  -3.272727e-02  -3.000000e-01   1.200000e-01
      vertex  -9.818182e-02  -3.000000e-01   1.200000e-01
    endloop
  endfacet
  facet normal   -0.000000e+00  -1.000000e+00   0.000000e+00
    outer loop
      vertex  -6.429435e-02  -3.000000e-01   7.115141e-02
      vertex  -9.818182e-02  -3.000000e-01   1.200000e-01
      vertex  -1.297149e-01  -3.000000e-01   6.900553e-02
    endloop
  endfacet
  facet normal    0.000000e+00  -1.000000e+00   0.000000e+00
    outer loop
      vertex   6.839936e-04  -3.000000e-01   7.088354e-02
      vertex   3.272727e-02  -3.000000e-01   1.200000e-01
      vertex  -3.272727e-02  -3.000000e-01   1.200000e-01
    endloop
  endfacet
  facet normal    0.000000e+00  -1.000000e+00   0.000000e+00
    outer loop
      vertex  -6.429435e-02  -3.000000e-01   7.115141e-02
      vertex   6.839936e-04  -3.000000e-01   7.088354e-02
      vertex  -3.272727e-02  -3.000000e-01   1.200000e-01
    endloop
  endfacet
  facet normal    0.000000e+00  -1.000000e+00   0.000000e+00
    outer loop
      vertex   6.588974e-02  -3.000000e-01   6.472126e-02
      vertex   9.818182e-02  -3.000000e-01   1.200000e-01
      vertex   3.272727e-02  -3.000000e-01   1.200000e-01
    endloop
  endfacet
  facet normal    0.000000e+00  -1.000000e+00   0.000000e+00
    outer loop
      vertex   6.839936e-04  -3.000000e-01   7.088354e-02
      vertex   6.588974e-02  -3.000000e-01   6.472126e-02
      vertex   3.272727e-02  -3.000000e-01   1.200000e-01
    endloop
  endfacet
  facet normal    0.000000e+00  -1.000000e+00   0.000000e+00
    outer loop
      vertex   1.309091e-01  -3.000000e-01   6.331470e-02
      vertex   1.636364e-01  -3.000000e-01   1.200000e-01
      vertex   9.818182e-02  -3.000000e-01   1.200000e-01
    endloop
  endfacet
  facet normal    0.000000e+00  -1.000000e+00   0.000000e+00
    outer loop
      vertex   1.309091e-01  -3.000000e-01   6.331470e-02
      vertex   9.818182e-02  -3.000000e-01   1.200000e-01
      vertex   6.588974e-02  -3.000000e-01   6.472126e-02
    endloop
  endfacet
  facet normal    0.000000e+00  -1.000000e+00   0.000000e+00
    outer loop
      vertex   1.963636e-01  -3.000000e-01   6.331470e-02
      vertex   2.290909e-01  -3.000000e-01   1.200000e-01
      vertex   1.636364e-01  -3.000000e-01   1.200000e-01
    endloop
  endfacet
  facet normal    0.000000e+00  -1.000000e+00   0.000000e+00
    outer loop
      vertex   1.309091e-01  -3.000000e-01   6.331470e-02
      vertex   1.963636e-01  -3.000000e-01   6.331470e-02
      vertex   1.636364e-01  -3.000000e-01   1.200000e-01
    endloop
  endfacet
  facet normal    0.000000e+00  -1.000000e+00   0.000000e+00
    outer loop
      vertex   2.599458e-01  -3.000000e-01   6.905184e-02
      vertex   2.945455e-01  -3.000000e-01   1.200000e-01
      vertex   2.290909e-01  -3.000000e-01   1.200000e-01
    endloop
  endfacet
  facet normal   -0.000000e+00  -1.000000e+00   0.000000e+00
    outer loop
      vertex   2.599458e-01  -3.000000e-01   6.905184e-02
      vertex   2.290909e-01  -3.000000e-01   1.200000e-01
      vertex   1.963636e-01  -3.000000e-01   6.331470e-02
    endloop
  endfacet
  facet normal   -0.000000e+00  -1.000000e+00   0.000000e+00
    outer loop
      vertex   3.122219e-01  -3.000000e-01   7.242302e-02
      vertex   2.945455e-01  -3.000000e-01   1.200000e-01
      vertex   2.599458e-01  -3.000000e-01   6.905184e-02
    endloop
  endfacet
  facet normal    0.000000e+00  -1.000000e+00  -0.000000e+00
    outer loop
      vertex   1.636364e-01  -3.000000e-01   2.000000e-02
      vertex   1.309091e-01  -3.000000e-01  -2.331470e-02
      vertex   1.963636e-01  -3.000000e-01  -2.331470e-02
    endloop
  endfacet
  facet normal    0.000000e+00  -1.000000e+00  -0.000000e+00
    outer loop
      vertex   2.290645e-01  -3.000000e-01   2.000000e-02
      vertex   1.963636e-01  -3.000000e-01  -2.331470e-02
      vertex   2.599458e-01  -3.000000e-01  -2.905184e-02
    endloop
  endfacet
  facet normal   -0.000000e+00  -1.000000e+00   0.000000e+00
    outer loop
      vertex   2.290645e-01  -3.000000e-01   2.000000e-02
      vertex   1.636364e-01  -3.000000e-01   2.000000e-02
      vertex   1.963636e-01  -3.000000e-01  -2.331470e-02
    endloop
  endfacet
  facet normal    0.000000e+00  -1.000000e+00  -0.000000e+00
    outer loop
      vertex  -1.627437e-01  -3.000000e-01   2.158745e-02
      vertex  -1.963636e-01  -3.000000e-01  -2.331470e-02
      vertex  -1.289586e-01  -3.000000e-01  -2.666925e-02
    endloop
  endfacet
  facet normal    0.000000e+00  -1.000000e+00  -0.000000e+00
    outer loop
      vertex  -2.288791e-01  -3.000000e-01   2.027456e-02
      vertex  -2.599458e-01  -3.000000e-01  -2.905184e-02
      vertex  -1.963636e-01  -3.000000e-01  -2.331470e-02
    endloop
  endfacet
  facet normal    0.000000e+00  -1.000000e+00   0.000000e+00
    outer loop
      vertex  -2.288791e-01  -3.000000e-01   2.027456e-02
      vertex  -1.963636e-01  -3.000000e-01  -2.331470e-02
      vertex  -1.627437e-01  -3.000000e-01   2.158745e-02
    endloop
  endfacet
  facet normal    0.000000e+00  -1.000000e+00  -0.000000e+00
    outer loop
      vertex  -2.905851e-02  -3.000000e-01   2.389466e-02
      vertex  -6.378270e-02  -3.000000e-01  -2.427994e-02
      vertex   2.786405e-04  -3.000000e-01  -2.572268e-02
    endloop
  endfacet
  facet normal    0.000000e+00  -1.000000e+00   0.000000e+00
    outer loop
      vertex  -9.676761e-02  -3.000000e-01   2.312472e-02
      vertex  -6.378270e-02  -3.000000e-01  -2.427994e-02
      vertex  -2.905851e-02  -3.000000e-01   2.389466e-02
    endloop
  endfacet
  facet normal    0.000000e+00  -1.000000e+00  -0.000000e+00
    outer loop
      vertex  -9.676761e-02  -3.000000e-01   2.312472e-02
      vertex  -1.289586e-01  -3.000000e-01  -2.666925e-02
      vertex  -6.378270e-02  -3.000000e-01  -2.427994e-02
    endloop
  endfacet
  facet normal    0.000000e+00  -1.000000e+00   0.000000e+00
    outer loop
      vertex   9.818182e-02  -3.000000e-01   2.000000e-02
      vertex   1.309091e-01  -3.000000e-01   6.331470e-02
      vertex   6.588974e-02  -3.000000e-01   6.472126e-02
    endloop
  endfacet
  facet normal    0.000000e+00  -1.000000e+00   0.000000e+00
    outer loop
      vertex   3.272727e-02  -3.000000e-01   1.988797e-02
      vertex   6.588974e-02  -3.000000e-01   6.472126e-02
      vertex   6.839936e-04  -3.000000e-01   7.088354e-02
    endloop
  endfacet
  facet normal    0.000000e+00  -1.000000e+00   0.000000e+00
    outer loop
      vertex   3.272727e-02  -3.000000e-01   1.988797e-02
      vertex   9.818182e-02  -3.000000e-01   2.000000e-02
      vertex   6.588974e-02  -3.000000e-01   6.472126e-02
    endloop
  endfacet
  facet normal   -0.000000e+00  -1.000000e+00   0.000000e+00
    outer loop
      vertex  -2.288791e-01  -3.000000e-01   2.027456e-02
      vertex  -2.598582e-01  -3.000000e-01   6.972912e-02
      vertex  -2.995432e-01  -3.000000e-01   2.000000e-02
    endloop
  endfacet
  facet normal    0.000000e+00  -1.000000e+00   0.000000e+00
    outer loop
      vertex  -3.122174e-01  -3.000000e-01   7.245828e-02
      vertex  -2.995432e-01  -3.000000e-01   2.000000e-02
      vertex  -2.598582e-01  -3.000000e-01   6.972912e-02
    endloop
  endfacet
  facet normal    0.000000e+00  -1.000000e+00   0.000000e+00
    outer loop
      vertex  -2.288791e-01  -3.000000e-01   2.027456e-02
      vertex  -2.995432e-01  -3.000000e-01   2.000000e-02
      vertex  -2.599458e-01  -3.000000e-01  -2.905184e-02
    endloop
  endfacet
  facet normal    0.000000e+00  -1.000000e+00   0.000000e+00
    outer loop
      vertex  -3.122219e-01  -3.000000e-01  -3.242302e-02
      vertex  -2.599458e-01  -3.000000e-01  -2.905184e-02
      vertex  -2.995432e-01  -3.000000e-01   2.000000e-02
    endloop
  endfacet
  facet normal    0.000000e+00  -1.000000e+00   0.000000e+00
    outer loop
      vertex   2.290645e-01  -3.000000e-01   2.000000e-02
      vertex   2.995432e-01  -3.000000e-01   2.000000e-02
      vertex   2.599458e-01  -3.000000e-01   6.905184e-02
    endloop
  endfacet
  facet normal    0.000000e+00  -1.000000e+00   0.000000e+00
    outer loop
      vertex   3.122219e-01  -3.000000e-01   7.242302e-02
      vertex   2.599458e-01  -3.000000e-01   6.905184e-02
      vertex   2.995432e-01  -3.000000e-01   2.000000e-02
    endloop
  endfacet
  facet normal    0.000000e+00  -1.000000e+00   0.000000e+00
    outer loop
      vertex   2.290645e-01  -3.000000e-01   2.000000e-02
      vertex   2.599458e-01  -3.000000e-01  -2.905184e-02
      vertex   2.995432e-01  -3.000000e-01   2.000000e-02
    endloop
  endfacet
  facet normal    0.000000e+00  -1.000000e+00   0.000000e+00
    outer loop
      vertex   3.122219e-01  -3.000000e-01  -3.242302e-02
      vertex   2.995432e-01  -3.000000e-01   2.000000e-02
      vertex   2.599458e-01  -3.000000e-01  -2.905184e-02
    endloop
  endfacet
  facet normal    0.000000e+00  -1.000000e+00   0.000000e+00
    outer loop
      vertex  -1.627437e-01  -3.000000e-01   2.158745e-02
      vertex  -1.297149e-01  -3.000000e-01   6.900553e-02
      vertex  -1.958380e-01  -3.000000e-01   6.737837e-02
    endloop
  endfacet
  facet normal    0.000000e+00  -1.000000e+00   0.000000e+00
    outer loop
      vertex  -1.627437e-01  -3.000000e-01   2.158745e-02
      vertex  -9.676761e-02  -3.000000e-01   2.312472e-02
      vertex  -1.297149e-01  -3.000000e-01   6.900553e-02
    endloop
  endfacet
  facet normal    0.000000e+00  -1.000000e+00   0.000000e+00
    outer loop
      vertex  -6.429435e-02  -3.000000e-01   7.115141e-02
      vertex  -1.297149e-01  -3.000000e-01   6.900553e-02
      vertex  -9.676761e-02  -3.000000e-01   2.312472e-02
    endloop
  endfacet
  facet normal    0.000000e+00  -1.000000e+00   0.000000e+00
    outer loop
      vertex   1.636364e-01  -3.000000e-01   2.000000e-02
      vertex   1.963636e-01  -3.000000e-01   6.331470e-02
      vertex   1.309091e-01  -3.000000e-01   6.331470e-02
    endloop
  endfacet
  facet normal    0.000000e+00  -1.000000e+00   0.000000e+00
    outer loop
      vertex   2.290645e-01  -3.000000e-01   2.000000e-02
      vertex   2.599458e-01  -3.000000e-01   6.905184e-02
      vertex   1.963636e-01  -3.000000e-01   6.331470e-02
    endloop
  endfacet
  facet normal    0.000000e+00  -1.000000e+00   0.000000e+00
    outer loop
      vertex   2.290645e-01  -3.000000e-01   2.000000e-02
      vertex   1.963636e-01  -3.000000e-01   6.331470e-02
      vertex   1.636364e-01  -3.000000e-01   2.000000e-02
    endloop
  endfacet
  facet normal    0.000000e+00  -1.000000e+00  -0.000000e+00
    outer loop
      vertex   3.272727e-02  -3.000000e-01   1.988797e-02
      vertex   2.786405e-04  -3.000000e-01  -2.572268e-02
      vertex   6.545455e-02  -3.000000e-01  -2.331470e-02
    endloop
  endfacet
  facet normal    0.000000e+00  -1.000000e+00  -0.000000e+00
    outer loop
      vertex   9.818182e-02  -3.000000e-01   2.000000e-02
      vertex   6.545455e-02  -3.000000e-01  -2.331470e-02
      vertex   1.309091e-01  -3.000000e-01  -2.331470e-02
    endloop
  endfacet
  facet normal    0.000000e+00  -1.000000e+00   0.000000e+00
    outer loop
      vertex   3.272727e-02  -3.000000e-01   1.988797e-02
      vertex   6.545455e-02  -3.000000e-01  -2.331470e-02
      vertex   9.818182e-02  -3.000000e-01   2.000000e-02
    endloop
  endfacet
  facet normal   -0.000000e+00  -1.000000e+00   0.000000e+00
    outer loop
      vertex   3.272727e-02  -3.000000e-01   1.988797e-02
      vertex  -2.905851e-02  -3.000000e-01   2.389466e-02
      vertex   2.786405e-04  -3.000000e-01  -2.572268e-02
    endloop
  endfacet
  facet normal    0.000000e+00  -1.000000e+00  -0.000000e+00
    outer loop
      vertex  -6.429435e-02  -3.000000e-01   7.115141e-02
      vertex  -9.676761e-02  -3.000000e-01   2.312472e-02
      vertex  -2.905851e-02  -3.000000e-01   2.389466e-02
    endloop
  endfacet
  facet normal    0.000000e+00  -1.000000e+00   0.000000e+00
    outer loop
      vertex  -6.429435e-02  -3.000000e-01   7.115141e-02
      vertex  -2.905851e-02  -3.000000e-01   2.389466e-02
      vertex   6.839936e-04  -3.000000e-01   7.088354e-02
    endloop
  endfacet
  facet normal    0.000000e+00  -1.000000e+00   0.000000e+00
    outer loop
      vertex   3.272727e-02  -3.000000e-01   1.988797e-02
      vertex   6.839936e-04  -3.000000e-01   7.088354e-02
      vertex  -2.905851e-02  -3.000000e-01   2.389466e-02
    endloop
  endfacet
  facet normal    0.000000e+00  -1.000000e+00   0.000000e+00
    outer loop
      vertex  -2.288791e-01  -3.000000e-01   2.027456e-02
      vertex  -1.958380e-01  -3.000000e-01   6.737837e-02
      vertex  -2.598582e-01  -3.000000e-01   6.972912e-02
    endloop
  endfacet
  facet normal    0.000000e+00  -1.000000e+00   0.000000e+00
    outer loop
      vertex  -2.288791e-01  -3.000000e-01   2.027456e-02
      vertex  -1.627437e-01  -3.000000e-01   2.158745e-02
      vertex  -1.958380e-01  -3.000000e-01   6.737837e-02
    endloop
  endfacet
  facet normal    0.000000e+00  -1.000000e+00   0.000000e+00
    outer loop
      vertex  -1.627437e-01  -3.000000e-01   2.158745e-02
      vertex  -1.289586e-01  -3.000000e-01  -2.666925e-02
      vertex  -9.676761e-02  -3.000000e-01   2.312472e-02
    endloop
  endfacet
  facet normal    0.000000e+00  -1.000000e+00   0.000000e+00
    outer loop
      vertex   9.818182e-02  -3.000000e-01   2.000000e-02
      vertex   1.309091e-01  -3.000000e-01  -2.331470e-02
      vertex   1.636364e-01  -3.000000e-01   2.000000e-02
    endloop
  endfacet
  facet normal    0.000000e+00  -1.000000e+00   0.000000e+00
    outer loop
      vertex   9.818182e-02  -3.000000e-01   2.000000e-02
      vertex   1.636364e-01  -3.000000e-01   2.000000e-02
      vertex   1.309091e-01  -3.000000e-01   6.331470e-02
    endloop
  endfacet
  facet normal    0.000000e+00   1.000000e+00   0.000000e+00
    outer loop
      vertex  -3.600000e-01   3.000000e-01   5.333333e-02
      vertex  -3.600000e-01   3.000000e-01   1.200000e-01
      vertex  -3.122219e-01   3.000000e-01   7.242302e-02
    endloop
  endfacet
  facet normal   -0.000000e+00   1.000000e+00   0.000000e+00
    outer loop
      vertex  -3.600000e-01   3.000000e-01   1.200000e-01
      vertex  -2.945455e-01   3.000000e-01   1.200000e-01
      vertex  -3.122219e-01   3.000000e-01   7.242302e-02
    endloop
  endfacet
  facet normal    0.000000e+00   1.000000e+00   0.000000e+00
    outer loop
      vertex  -3.600000e-01   3.000000e-01  -8.000000e-02
      vertex  -3.600000e-01   3.000000e-01  -1.333333e-02
      vertex  -3.122219e-01   3.000000e-01  -3.242302e-02
    endloop
  endfacet
  facet normal    0.000000e+00   1.000000e+00   0.000000e+00
    outer loop
      vertex  -2.945455e-01   3.000000e-01  -8.000000e-02
      vertex  -3.600000e-01   3.000000e-01  -8.000000e-02
      vertex  -3.122219e-01   3.000000e-01  -3.242302e-02
    endloop
  endfacet
  facet normal    0.000000e+00   1.000000e+00   0.000000e+00
    outer loop
      vertex   3.600000e-01   3.000000e-01   1.200000e-01
      vertex   3.600000e-01   3.000000e-01   5.333333e-02
      vertex   3.122219e-01   3.000000e-01   7.242302e-02
    endloop
  endfacet
  facet normal   -0.000000e+00   1.000000e+00   0.000000e+00
    outer loop
      vertex   2.945455e-01   3.000000e-01   1.200000e-01
      vertex   3.600000e-01   3.000000e-01   1.200000e-01
      vertex   3.122219e-01   3.000000e-01   7.242302e-02
    endloop
  endfacet
  facet normal    0.000000e+00   1.000000e+00   0.000000e+00
    outer loop
      vertex   3.600000e-01   3.000000e-01  -1.333333e-02
      vertex   3.600000e-01   3.000000e-01  -8.000000e-02
      vertex   3.122219e-01   3.000000e-01  -3.242302e-02
    endloop
  endfacet
  facet normal    0.000000e+00   1.000000e+00   0.000000e+00
    outer loop
      vertex   3.600000e-01   3.000000e-01  -8.000000e-02
      vertex   2.945455e-01   3.000000e-01  -8.000000e-02
      vertex   3.122219e-01   3.000000e-01  -3.242302e-02
    endloop
  endfacet
  facet normal    0.000000e+00   1.000000e+00   0.000000e+00
    outer loop
      vertex  -3.600000e-01   3.000000e-01  -1.333333e-02
      vertex  -3.600000e-01   3.000000e-01   5.333333e-02
      vertex  -2.995432e-01   3.000000e-01   2.000000e-02
    endloop
  endfacet
  facet normal   -0.000000e+00   1.000000e+00   0.000000e+00
    outer loop
      vertex  -3.600000e-01   3.000000e-01  -1.333333e-02
      vertex  -2.995432e-01   3.000000e-01   2.000000e-02
      vertex  -3.122219e-01   3.000000e-01  -3.242302e-02
    endloop
  endfacet
  facet normal    0.000000e+00   1.000000e+00   0.000000e+00
    outer loop
      vertex  -2.995432e-01   3.000000e-01   2.000000e-02
      vertex  -3.600000e-01   3.000000e-01   5.333333e-02
      vertex  -3.122219e-01   3.000000e-01   7.242302e-02
    endloop
  endfacet
  facet normal    0.000000e+00   1.000000e+00   0.000000e+00
    outer loop
      vertex   3.600000e-01   3.000000e-01   5.333333e-02
      vertex   3.600000e-01   3.000000e-01  -1.333333e-02
      vertex   2.995432e-01   3.000000e-01   2.000000e-02
    endloop
  endfacet
  facet normal    0.000000e+00   1.000000e+00   0.000000e+00
    outer loop
      vertex   2.995432e-01   3.000000e-01   2.000000e-02
      vertex   3.600000e-01   3.000000e-01  -1.333333e-02
      vertex   3.122219e-01   3.000000e-01  -3.242302e-02
    endloop
  endfacet
  facet normal    0.000000e+00   1.000000e+00   0.000000e+00
    outer loop
      vertex   3.600000e-01   3.000000e-01   5.333333e-02
      vertex   2.995432e-01   3.000000e-01   2.000000e-02
      vertex   3.122219e-01   3.000000e-01   7.242302e-02
    endloop
  endfacet
  facet normal    0.000000e+00   1.000000e+00   0.000000e+00
    outer loop
      vertex  -2.290909e-01   3.000000e-01  -8.000000e-02
      vertex  -2.945455e-01   3.000000e-01  -8.000000e-02
      vertex  -2.599458e-01   3.000000e-01  -2.905184e-02
    endloop
  endfacet
  facet normal    0.000000e+00   1.000000e+00   0.000000e+00
    outer loop
      vertex  -2.599458e-01   3.000000e-01  -2.905184e-02
      vertex  -2.945455e-01   3.000000e-01  -8.000000e-02
      vertex  -3.122219e-01   3.000000e-01  -3.242302e-02
    endloop
  endfacet
  facet normal    0.000000e+00   1.000000e+00   0.000000e+00
    outer loop
      vertex  -1.636364e-01   3.000000e-01  -8.000000e-02
      vertex  -2.290909e-01   3.000000e-01  -8.000000e-02
      vertex  -1.963636e-01   3.000000e-01  -2.331470e-02
    endloop
  endfacet
  facet normal    0.000000e+00   1.000000e+00   0.000000e+00
    outer loop
      vertex  -1.963636e-01   3.000000e-01  -2.331470e-02
      vertex  -2.290909e-01   3.000000e-01  -8.000000e-02
      vertex  -2.599458e-01   3.000000e-01  -2.905184e-02
    endloop
  endfacet
  facet normal    0.000000e+00   1.000000e+00   0.000000e+00
    outer loop
      vertex  -9.818182e-02   3.000000e-01  -8.000000e-02
      vertex  -1.636364e-01   3.000000e-01  -8.000000e-02
      vertex  -1.309091e-01   3.000000e-01  -2.331470e-02
    endloop
  endfacet
  facet normal    0.000000e+00   1.000000e+00  -0.000000e+00
    outer loop
      vertex  -1.636364e-01   3.000000e-01  -8.000000e-02
      vertex  -1.963636e-01   3.000000e-01  -2.331470e-02
      vertex  -1.309091e-01   3.000000e-01  -2.331470e-02
    endloop
  endfacet
  facet normal    0.000000e+00   1.000000e+00   0.000000e+00
    outer loop
      vertex  -3.272727e-02   3.000000e-01  -8.000000e-02
      vertex  -9.818182e-02   3.000000e-01  -8.000000e-02
      vertex  -6.545455e-02   3.000000e-01  -2.331470e-02
    endloop
  endfacet
  facet normal    0.000000e+00   1.000000e+00   0.000000e+00
    outer loop
      vertex  -6.545455e-02   3.000000e-01  -2.331470e-02
      vertex  -9.818182e-02   3.000000e-01  -8.000000e-02
      vertex  -1.309091e-01   3.000000e-01  -2.331470e-02
    endloop
  endfacet
  facet normal    0.000000e+00   1.000000e+00   0.000000e+00
    outer loop
      vertex   3.272727e-02   3.000000e-01  -8.000000e-02
      vertex  -3.272727e-02   3.000000e-01  -8.000000e-02
      vertex   0.000000e+00   3.000000e-01  -2.331470e-02
    endloop
  endfacet
  facet normal    0.000000e+00   1.000000e+00   0.000000e+00
    outer loop
      vertex   0.000000e+00   3.000000e-01  -2.331470e-02
      vertex  -3.272727e-02   3.000000e-01  -8.000000e-02
      vertex  -6.545455e-02   3.000000e-01  -2.331470e-02
    endloop
  endfacet
  facet normal    0.000000e+00   1.000000e+00   0.000000e+00
    outer loop
      vertex   9.818182e-02   3.000000e-01  -8.000000e-02
      vertex   3.272727e-02   3.000000e-01  -8.000000e-02
      vertex   6.545455e-02   3.000000e-01  -2.331470e-02
    endloop
  endfacet
  facet normal    0.000000e+00   1.000000e+00  -0.000000e+00
    outer loop
      vertex   3.272727e-02   3.000000e-01  -8.000000e-02
      vertex   0.000000e+00   3.000000e-01  -2.331470e-02
      vertex   6.545455e-02   3.000000e-01  -2.331470e-02
    endloop
  endfacet
  facet normal    0.000000e+00   1.000000e+00   0.000000e+00
    outer loop
      vertex   1.636364e-01   3.000000e-01  -8.000000e-02
      vertex   9.818182e-02   3.000000e-01  -8.000000e-02
      vertex   1.309091e-01   3.000000e-01  -2.331470e-02
    endloop
  endfacet
  facet normal    0.000000e+00   1.000000e+00   0.000000e+00
    outer loop
      vertex   1.309091e-01   3.000000e-01  -2.331470e-02
      vertex   9.818182e-02   3.000000e-01  -8.000000e-02
      vertex   6.545455e-02   3.000000e-01  -2.331470e-02
    endloop
  endfacet
  facet normal    0.000000e+00   1.000000e+00   0.000000e+00
    outer loop
      vertex   2.290909e-01   3.000000e-01  -8.000000e-02
      vertex   1.636364e-01   3.000000e-01  -8.000000e-02
      vertex   1.963636e-01   3.000000e-01  -2.331470e-02
    endloop
  endfacet
  facet normal    0.000000e+00   1.000000e+00  -0.000000e+00
    outer loop
      vertex   1.636364e-01   3.000000e-01  -8.000000e-02
      vertex   1.309091e-01   3.000000e-01  -2.331470e-02
      vertex   1.963636e-01   3.000000e-01  -2.331470e-02
    endloop
  endfacet
  facet normal    0.000000e+00   1.000000e+00   0.000000e+00
    outer loop
      vertex   2.945455e-01   3.000000e-01  -8.000000e-02
      vertex   2.290909e-01   3.000000e-01  -8.000000e-02
      vertex   2.599458e-01   3.000000e-01  -2.905184e-02
    endloop
  endfacet
  facet normal    0.000000e+00   1.000000e+00  -0.000000e+00
    outer loop
      vertex   2.290909e-01   3.000000e-01  -8.000000e-02
      vertex   1.963636e-01   3.000000e-01  -2.331470e-02
      vertex   2.599458e-01   3.000000e-01  -2.905184e-02
    endloop
  endfacet
  facet normal    0.000000e+00   1.000000e+00  -0.000000e+00
    outer loop
      vertex   2.945455e-01   3.000000e-01  -8.000000e-02
      vertex   2.599458e-01   3.000000e-01  -2.905184e-02
      vertex   3.122219e-01   3.000000e-01  -3.242302e-02
    endloop
  endfacet
  facet normal   -0.000000e+00   1.000000e+00   0.000000e+00
    outer loop
      vertex  -2.945455e-01   3.000000e-01   1.200000e-01
      vertex  -2.290909e-01   3.000000e-01   1.200000e-01
      vertex  -2.599458e-01   3.000000e-01   6.905184e-02
    endloop
  endfacet
  facet normal    0.000000e+00   1.000000e+00   0.000000e+00
    outer loop
      vertex  -2.945455e-01   3.000000e-01   1.200000e-01
      vertex  -2.599458e-01   3.000000e-01   6.905184e-02
      vertex  -3.122219e-01   3.000000e-01   7.242302e-02
    endloop
  endfacet
  facet normal   -0.000000e+00   1.000000e+00   0.000000e+00
    outer loop
      vertex  -2.290909e-01   3.000000e-01   1.200000e-01
      vertex  -1.636364e-01   3.000000e-01   1.200000e-01
      vertex  -1.963636e-01   3.000000e-01   6.331470e-02
    endloop
  endfacet
  facet normal    0.000000e+00   1.000000e+00   0.000000e+00
    outer loop
      vertex  -2.290909e-01   3.000000e-01   1.200000e-01
      vertex  -1.963636e-01   3.000000e-01   6.331470e-02
      vertex  -2.599458e-01   3.000000e-01   6.905184e-02
    endloop
  endfacet
  facet normal   -0.000000e+00   1.000000e+00   0.000000e+00
    outer loop
      vertex  -1.636364e-01   3.000000e-01   1.200000e-01
      vertex  -9.818182e-02   3.000000e-01   1.200000e-01
      vertex  -1.309091e-01   3.000000e-01   6.331470e-02
    endloop
  endfacet
  facet normal    0.000000e+00   1.000000e+00   0.000000e+00
    outer loop
      vertex  -1.963636e-01   3.000000e-01   6.331470e-02
      vertex  -1.636364e-01   3.000000e-01   1.200000e-01
      vertex  -1.309091e-01   3.000000e-01   6.331470e-02
    endloop
  endfacet
  facet normal   -0.000000e+00   1.000000e+00   0.000000e+00
    outer loop
      vertex  -9.818182e-02   3.000000e-01   1.200000e-01
      vertex  -3.272727e-02   3.000000e-01   1.200000e-01
      vertex  -6.545455e-02   3.000000e-01   6.331470e-02
    endloop
  endfacet
  facet normal    0.000000e+00   1.000000e+00   0.000000e+00
    outer loop
      vertex  -9.818182e-02   3.000000e-01   1.200000e-01
      vertex  -6.545455e-02   3.000000e-01   6.331470e-02
      vertex  -1.309091e-01   3.000000e-01   6.331470e-02
    endloop
  endfacet
  facet normal   -0.000000e+00   1.000000e+00   0.000000e+00
    outer loop
      vertex  -3.272727e-02   3.000000e-01   1.200000e-01
      vertex   3.272727e-02   3.000000e-01   1.200000e-01
      vertex  -2.220446e-16   3.000000e-01   6.331470e-02
    endloop
  endfacet
  facet normal   -0.000000e+00   1.000000e+00   0.000000e+00
    outer loop
      vertex  -6.545455e-02   3.000000e-01   6.331470e-02
      vertex  -3.272727e-02   3.000000e-01   1.200000e-01
      vertex  -2.220446e-16   3.000000e-01   6.331470e-02
    endloop
  endfacet
  facet normal   -0.000000e+00   1.000000e+00   0.000000e+00
    outer loop
      vertex   3.272727e-02   3.000000e-01   1.200000e-01
      vertex   9.818182e-02   3.000000e-01   1.200000e-01
      vertex   6.545455e-02   3.000000e-01   6.331470e-02
    endloop
  endfacet
  facet normal    0.000000e+00   1.000000e+00   0.000000e+00
    outer loop
      vertex   3.272727e-02   3.000000e-01   1.200000e-01
      vertex   6.545455e-02   3.000000e-01   6.331470e-02
      vertex  -2.220446e-16   3.000000e-01   6.331470e-02
    endloop
  endfacet
  facet normal   -0.000000e+00   1.000000e+00   0.000000e+00
    outer loop
      vertex   9.818182e-02   3.000000e-01   1.200000e-01
      vertex   1.636364e-01   3.000000e-01   1.200000e-01
      vertex   1.309091e-01   3.000000e-01   6.331470e-02
    endloop
  endfacet
  facet normal    0.000000e+00   1.000000e+00   0.000000e+00
    outer loop
      vertex   6.545455e-02   3.000000e-01   6.331470e-02
      vertex   9.818182e-02   3.000000e-01   1.200000e-01
      vertex   1.309091e-01   3.000000e-01   6.331470e-02
    endloop
  endfacet
  facet normal   -0.000000e+00   1.000000e+00   0.000000e+00
    outer loop
      vertex   1.636364e-01   3.000000e-01   1.200000e-01
      vertex   2.290909e-01   3.000000e-01   1.200000e-01
      vertex   1.963636e-01   3.000000e-01   6.331470e-02
    endloop
  endfacet
  facet normal    0.000000e+00   1.000000e+00   0.000000e+00
    outer loop
      vertex   1.636364e-01   3.000000e-01   1.200000e-01
      vertex   1.963636e-01   3.000000e-01   6.331470e-02
      vertex   1.309091e-01   3.000000e-01   6.331470e-02
    endloop
  endfacet
  facet normal   -0.000000e+00   1.000000e+00   0.000000e+00
    outer loop
      vertex   2.290909e-01   3.000000e-01   1.200000e-01
      vertex   2.945455e-01   3.000000e-01   1.200000e-01
      vertex   2.599458e-01   3.000000e-01   6.905184e-02
    endloop
  endfacet
  facet normal    0.000000e+00   1.000000e+00   0.000000e+00
    outer loop
      vertex   1.963636e-01   3.000000e-01   6.331470e-02
      vertex   2.290909e-01   3.000000e-01   1.200000e-01
      vertex   2.599458e-01   3.000000e-01   6.905184e-02
    endloop
  endfacet
  facet normal    0.000000e+00   1.000000e+00   0.000000e+00
    outer loop
      vertex   2.599458e-01   3.000000e-01   6.905184e-02
      vertex   2.945455e-01   3.000000e-01   1.200000e-01
      vertex   3.122219e-01   3.000000e-01   7.242302e-02
    endloop
  endfacet
  facet normal   -0.000000e+00   1.000000e+00   0.000000e+00
    outer loop
      vertex   1.309091e-01   3.000000e-01   6.331470e-02
      vertex   1.963636e-01   3.000000e-01   6.331470e-02
      vertex   1.636364e-01   3.000000e-01   2.000000e-02
    endloop
  endfacet
  facet normal   -0.000000e+00   1.000000e+00   0.000000e+00
    outer loop
      vertex   1.963636e-01   3.000000e-01   6.331470e-02
      vertex   2.599458e-01   3.000000e-01   6.905184e-02
      vertex   2.289445e-01   3.000000e-01   2.000000e-02
    endloop
  endfacet
  facet normal   -0.000000e+00   1.000000e+00   0.000000e+00
    outer loop
      vertex   1.636364e-01   3.000000e-01   2.000000e-02
      vertex   1.963636e-01   3.000000e-01   6.331470e-02
      vertex   2.289445e-01   3.000000e-01   2.000000e-02
    endloop
  endfacet
  facet normal    0.000000e+00   1.000000e+00   0.000000e+00
    outer loop
      vertex  -1.309091e-01   3.000000e-01  -2.331470e-02
      vertex  -1.963636e-01   3.000000e-01  -2.331470e-02
      vertex  -1.636364e-01   3.000000e-01   2.000000e-02
    endloop
  endfacet
  facet normal    0.000000e+00   1.000000e+00   0.000000e+00
    outer loop
      vertex  -1.963636e-01   3.000000e-01  -2.331470e-02
      vertex  -2.599458e-01   3.000000e-01  -2.905184e-02
      vertex  -2.289445e-01   3.000000e-01   2.000000e-02
    endloop
  endfacet
  facet normal    0.000000e+00   1.000000e+00   0.000000e+00
    outer loop
      vertex  -1.636364e-01   3.000000e-01   2.000000e-02
      vertex  -1.963636e-01   3.000000e-01  -2.331470e-02
      vertex  -2.289445e-01   3.000000e-01   2.000000e-02
    endloop
  endfacet
  facet normal    0.000000e+00   1.000000e+00   0.000000e+00
    outer loop
      vertex  -6.545455e-02   3.000000e-01   6.331470e-02
      vertex  -2.220446e-16   3.000000e-01   6.331470e-02
      vertex  -3.272727e-02   3.000000e-01   2.000000e-02
    endloop
  endfacet
  facet normal    0.000000e+00   1.000000e+00   0.000000e+00
    outer loop
      vertex  -1.309091e-01   3.000000e-01   6.331470e-02
      vertex  -6.545455e-02   3.000000e-01   6.331470e-02
      vertex  -9.818182e-02   3.000000e-01   2.000000e-02
    endloop
  endfacet
  facet normal    0.000000e+00   1.000000e+00   0.000000e+00
    outer loop
      vertex  -9.818182e-02   3.000000e-01   2.000000e-02
      vertex  -6.545455e-02   3.000000e-01   6.331470e-02
      vertex  -3.272727e-02   3.000000e-01   2.000000e-02
    endloop
  endfacet
  facet normal   -0.000000e+00   1.000000e+00   0.000000e+00
    outer loop
      vertex  -2.220446e-16   3.000000e-01   6.331470e-02
      vertex   6.545455e-02   3.000000e-01   6.331470e-02
      vertex   3.272727e-02   3.000000e-01   2.000000e-02
    endloop
  endfacet
  facet normal   -0.000000e+00   1.000000e+00   0.000000e+00
    outer loop
      vertex   6.545455e-02   3.000000e-01   6.331470e-02
      vertex   1.309091e-01   3.000000e-01   6.331470e-02
      vertex   9.818182e-02   3.000000e-01   2.000000e-02
    endloop
  endfacet
  facet normal    0.000000e+00   1.000000e+00   0.000000e+00
    outer loop
      vertex   6.545455e-02   3.000000e-01   6.331470e-02
      vertex   9.818182e-02   3.000000e-01   2.000000e-02
      vertex   3.272727e-02   3.000000e-01   2.000000e-02
    endloop
  endfacet
  facet normal    0.000000e+00   1.000000e+00   0.000000e+00
    outer loop
      vertex  -2.995432e-01   3.000000e-01   2.000000e-02
      vertex  -2.599458e-01   3.000000e-01   6.905184e-02
      vertex  -2.289445e-01   3.000000e-01   2.000000e-02
    endloop
  endfacet
  facet normal    0.000000e+00   1.000000e+00   0.000000e+00
    outer loop
      vertex  -2.599458e-01   3.000000e-01   6.905184e-02
      vertex  -2.995432e-01   3.000000e-01   2.000000e-02
      vertex  -3.122219e-01   3.000000e-01   7.242302e-02
    endloop
  endfacet
  facet normal    0.000000e+00   1.000000e+00  -0.000000e+00
    outer loop
      vertex  -2.599458e-01   3.000000e-01  -2.905184e-02
      vertex  -2.995432e-01   3.000000e-01   2.000000e-02
      vertex  -2.289445e-01   3.000000e-01   2.000000e-02
    endloop
  endfacet
  facet normal    0.000000e+00   1.000000e+00   0.000000e+00
    outer loop
      vertex  -2.995432e-01   3.000000e-01   2.000000e-02
      vertex  -2.599458e-01   3.000000e-01  -2.905184e-02
      vertex  -3.122219e-01   3.000000e-01  -3.242302e-02
    endloop
  endfacet
  facet normal    0.000000e+00   1.000000e+00   0.000000e+00
    outer loop
      vertex   2.599458e-01   3.000000e-01   6.905184e-02
      vertex   2.995432e-01   3.000000e-01   2.000000e-02
      vertex   2.289445e-01   3.000000e-01   2.000000e-02
    endloop
  endfacet
  facet normal    0.000000e+00   1.000000e+00  -0.000000e+00
    outer loop
      vertex   2.995432e-01   3.000000e-01   2.000000e-02
      vertex   2.599458e-01   3.000000e-01   6.905184e-02
      vertex   3.122219e-01   3.000000e-01   7.242302e-02
    endloop
  endfacet
  facet normal    0.000000e+00   1.000000e+00   0.000000e+00
    outer loop
      vertex   2.995432e-01   3.000000e-01   2.000000e-02
      vertex   2.599458e-01   3.000000e-01  -2.905184e-02
      vertex   2.289445e-01   3.000000e-01   2.000000e-02
    endloop
  endfacet
  facet normal   -0.000000e+00   1.000000e+00   0.000000e+00
    outer loop
      vertex   2.599458e-01   3.000000e-01  -2.905184e-02
      vertex   2.995432e-01   3.000000e-01   2.000000e-02
      vertex   3.122219e-01   3.000000e-01  -3.242302e-02
    endloop
  endfacet
  facet normal    0.000000e+00   1.000000e+00   0.000000e+00
    outer loop
      vertex   1.963636e-01   3.000000e-01  -2.331470e-02
      vertex   1.309091e-01   3.000000e-01  -2.331470e-02
      vertex   1.636364e-01   3.000000e-01   2.000000e-02
    endloop
  endfacet
  facet normal    0.000000e+00   1.000000e+00   0.000000e+00
    outer loop
      vertex   1.309091e-01   3.000000e-01  -2.331470e-02
      vertex   6.545455e-02   3.000000e-01  -2.331470e-02
      vertex   9.818182e-02   3.000000e-01   2.000000e-02
    endloop
  endfacet
  facet normal    0.000000e+00   1.000000e+00   0.000000e+00
    outer loop
      vertex   1.636364e-01   3.000000e-01   2.000000e-02
      vertex   1.309091e-01   3.000000e-01  -2.331470e-02
      vertex   9.818182e-02   3.000000e-01   2.000000e-02
    endloop
  endfacet
  facet normal    0.000000e+00   1.000000e+00   0.000000e+00
    outer loop
      vertex   6.545455e-02   3.000000e-01  -2.331470e-02
      vertex   0.000000e+00   3.000000e-01  -2.331470e-02
      vertex   3.272727e-02   3.000000e-01   2.000000e-02
    endloop
  endfacet
  facet normal    0.000000e+00   1.000000e+00   0.000000e+00
    outer loop
      vertex   0.000000e+00   3.000000e-01  -2.331470e-02
      vertex  -6.545455e-02   3.000000e-01  -2.331470e-02
      vertex  -3.272727e-02   3.000000e-01   2.000000e-02
    endloop
  endfacet
  facet normal    0.000000e+00   1.000000e+00  -0.000000e+00
    outer loop
      vertex   0.000000e+00   3.000000e-01  -2.331470e-02
      vertex  -3.272727e-02   3.000000e-01   2.000000e-02
      vertex   3.272727e-02   3.000000e-01   2.000000e-02
    endloop
  endfacet
  facet normal   -0.000000e+00   1.000000e+00   0.000000e+00
    outer loop
      vertex  -1.963636e-01   3.000000e-01   6.331470e-02
      vertex  -1.309091e-01   3.000000e-01   6.331470e-02
      vertex  -1.636364e-01   3.000000e-01   2.000000e-02
    endloop
  endfacet
  facet normal    0.000000e+00   1.000000e+00   0.000000e+00
    outer loop
      vertex  -2.599458e-01   3.000000e-01   6.905184e-02
      vertex  -1.963636e-01   3.000000e-01   6.331470e-02
      vertex  -2.289445e-01   3.000000e-01   2.000000e-02
    endloop
  endfacet
  facet normal    0.000000e+00   1.000000e+00   0.000000e+00
    outer loop
      vertex  -1.963636e-01   3.000000e-01   6.331470e-02
      vertex  -1.636364e-01   3.000000e-01   2.000000e-02
      vertex  -2.289445e-01   3.000000e-01   2.000000e-02
    endloop
  endfacet
  facet normal    0.000000e+00   1.000000e+00   0.000000e+00
    outer loop
      vertex   2.599458e-01   3.000000e-01  -2.905184e-02
      vertex   1.963636e-01   3.000000e-01  -2.331470e-02
      vertex   2.289445e-01   3.000000e-01   2.000000e-02
    endloop
  endfacet
  facet normal    0.000000e+00   1.000000e+00  -0.000000e+00
    outer loop
      vertex   1.963636e-01   3.000000e-01  -2.331470e-02
      vertex   1.636364e-01   3.000000e-01   2.000000e-02
      vertex   2.289445e-01   3.000000e-01   2.000000e-02
    endloop
  endfacet
  facet normal    0.000000e+00   1.000000e+00   0.000000e+00
    outer loop
      vertex   9.818182e-02   3.000000e-01   2.000000e-02
      vertex   6.545455e-02   3.000000e-01  -2.331470e-02
      vertex   3.272727e-02   3.000000e-01   2.000000e-02
    endloop
  endfacet
  facet normal    0.000000e+00   1.000000e+00   0.000000e+00
    outer loop
      vertex  -3.272727e-02   3.000000e-01   2.000000e-02
      vertex  -2.220446e-16   3.000000e-01   6.331470e-02
      vertex   3.272727e-02   3.000000e-01   2.000000e-02
    endloop
  endfacet
  facet normal    0.000000e+00   1.000000e+00   0.000000e+00
    outer loop
      vertex  -6.545455e-02   3.000000e-01  -2.331470e-02
      vertex  -1.309091e-01   3.000000e-01  -2.331470e-02
      vertex  -9.818182e-02   3.000000e-01   2.000000e-02
    endloop
  endfacet
  facet normal    0.000000e+00   1.000000e+00  -0.000000e+00
    outer loop
      vertex  -6.545455e-02   3.000000e-01  -2.331470e-02
      vertex  -9.818182e-02   3.000000e-01   2.000000e-02
      vertex  -3.272727e-02   3.000000e-01   2.000000e-02
    endloop
  endfacet
  facet normal    0.000000e+00   1.000000e+00   0.000000e+00
    outer loop
      vertex  -9.818182e-02   3.000000e-01   2.000000e-02
      vertex  -1.309091e-01   3.000000e-01  -2.331470e-02
      vertex  -1.636364e-01   3.000000e-01   2.000000e-02
    endloop
  endfacet
  facet normal    0.000000e+00   1.000000e+00   0.000000e+00
    outer loop
      vertex   1.309091e-01   3.000000e-01   6.331470e-02
      vertex   1.636364e-01   3.000000e-01   2.000000e-02
      vertex   9.818182e-02   3.000000e-01   2.000000e-02
    endloop
  endfacet
  facet normal    0.000000e+00   1.000000e+00   0.000000e+00
    outer loop
      vertex  -1.309091e-01   3.000000e-01   6.331470e-02
      vertex  -9.818182e-02   3.000000e-01   2.000000e-02
      vertex  -1.636364e-01   3.000000e-01   2.000000e-02
    endloop
  endfacet
  facet normal   -0.000000e+00   0.000000e+00  -1.000000e+00
    outer loop
      vertex  -3.113122e-01  -2.509964e-01  -8.000000e-02
      vertex  -3.600000e-01  -3.000000e-01  -8.000000e-02
      vertex  -3.600000e-01  -2.333333e-01  -8.000000e-02
    endloop
  endfacet
  facet normal    0.000000e+00  -0.000000e+00  -1.000000e+00
    outer loop
      vertex  -3.113122e-01  -2.509964e-01  -8.000000e-02
      vertex  -2.945455e-01  -3.000000e-01  -8.000000e-02
      vertex  -3.600000e-01  -3.000000e-01  -8.000000e-02
    endloop
  endfacet
  facet normal   -0.000000e+00   0.000000e+00  -1.000000e+00
    outer loop
      vertex  -3.122955e-01   2.519618e-01  -8.000000e-02
      vertex  -3.600000e-01   2.333333e-01  -8.000000e-02
      vertex  -3.600000e-01   3.000000e-01  -8.000000e-02
    endloop
  endfacet
  facet normal    0.000000e+00   0.000000e+00  -1.000000e+00
    outer loop
      vertex  -3.122955e-01   2.519618e-01  -8.000000e-02
      vertex  -3.600000e-01   3.000000e-01  -8.000000e-02
      vertex  -2.945455e-01   3.000000e-01  -8.000000e-02
    endloop
  endfacet
  facet normal    0.000000e+00   0.000000e+00  -1.000000e+00
    outer loop
      vertex   3.122955e-01  -2.519618e-01  -8.000000e-02
      vertex   3.600000e-01  -2.333333e-01  -8.000000e-02
      vertex   3.600000e-01  -3.000000e-01  -8.000000e-02
    endloop
  endfacet
  facet normal    0.000000e+00  -0.000000e+00  -1.000000e+00
    outer loop
      vertex   3.122955e-01  -2.519618e-01  -8.000000e-02
      vertex   3.600000e-01  -3.000000e-01  -8.000000e-02
      vertex   2.945455e-01  -3.000000e-01  -8.000000e-02
    endloop
  endfacet
  facet normal    0.000000e+00   0.000000e+00  -1.000000e+00
    outer loop
      vertex   3.122955e-01   2.519618e-01  -8.000000e-02
      vertex   3.600000e-01   3.000000e-01  -8.000000e-02
      vertex   3.600000e-01   2.333333e-01  -8.000000e-02
    endloop
  endfacet
  facet normal    0.000000e+00   0.000000e+00  -1.000000e+00
    outer loop
      vertex   3.122955e-01   2.519618e-01  -8.000000e-02
      vertex   2.945455e-01   3.000000e-01  -8.000000e-02
      vertex   3.600000e-01   3.000000e-01  -8.000000e-02
    endloop
  endfacet
  facet normal   -0.000000e+00   0.000000e+00  -1.000000e+00
    outer loop
      vertex  -3.050751e-01  -1.995001e-01  -8.000000e-02
      vertex  -3.600000e-01  -2.333333e-01  -8.000000e-02
      vertex  -3.600000e-01  -1.666667e-01  -8.000000e-02
    endloop
  endfacet
  facet normal    0.000000e+00   0.000000e+00  -1.000000e+00
    outer loop
      vertex  -3.113122e-01  -2.509964e-01  -8.000000e-02
      vertex  -3.600000e-01  -2.333333e-01  -8.000000e-02
      vertex  -3.050751e-01  -1.995001e-01  -8.000000e-02
    endloop
  endfacet
  facet normal   -0.000000e+00   0.000000e+00  -1.000000e+00
    outer loop
      vertex  -3.022548e-01  -1.331202e-01  -8.000000e-02
      vertex  -3.600000e-01  -1.666667e-01  -8.000000e-02
      vertex  -3.600000e-01  -1.000000e-01  -8.000000e-02
    endloop
  endfacet
  facet normal    0.000000e+00   0.000000e+00  -1.000000e+00
    outer loop
      vertex  -3.050751e-01  -1.995001e-01  -8.000000e-02
      vertex  -3.600000e-01  -1.666667e-01  -8.000000e-02
      vertex  -3.022548e-01  -1.331202e-01  -8.000000e-02
    endloop
  endfacet
  facet normal   -0.000000e+00   0.000000e+00  -1.000000e+00
    outer loop
      vertex  -3.022849e-01  -6.639515e-02  -8.000000e-02
      vertex  -3.600000e-01  -1.000000e-01  -8.000000e-02
      vertex  -3.600000e-01  -3.333333e-02  -8.000000e-02
    endloop
  endfacet
  facet normal    0.000000e+00  -0.000000e+00  -1.000000e+00
    outer loop
      vertex  -3.022849e-01  -6.639515e-02  -8.000000e-02
      vertex  -3.022548e-01  -1.331202e-01  -8.000000e-02
      vertex  -3.600000e-01  -1.000000e-01  -8.000000e-02
    endloop
  endfacet
  facet normal   -0.000000e+00   0.000000e+00  -1.000000e+00
    outer loop
      vertex  -3.023076e-01   9.079020e-05  -8.000000e-02
      vertex  -3.600000e-01  -3.333333e-02  -8.000000e-02
      vertex  -3.600000e-01   3.333333e-02  -8.000000e-02
    endloop
  endfacet
  facet normal    0.000000e+00   0.000000e+00  -1.000000e+00
    outer loop
      vertex  -3.022849e-01  -6.639515e-02  -8.000000e-02
      vertex  -3.600000e-01  -3.333333e-02  -8.000000e-02
      vertex  -3.023076e-01   9.079020e-05  -8.000000e-02
    endloop
  endfacet
  facet normal   -0.000000e+00   0.000000e+00  -1.000000e+00
    outer loop
      vertex  -3.024210e-01   6.650703e-02  -8.000000e-02
      vertex  -3.600000e-01   3.333333e-02  -8.000000e-02
      vertex  -3.600000e-01   1.000000e-01  -8.000000e-02
    endloop
  endfacet
  facet normal    0.000000e+00  -0.000000e+00  -1.000000e+00
    outer loop
      vertex  -3.024210e-01   6.650703e-02  -8.000000e-02
      vertex  -3.023076e-01   9.079020e-05  -8.000000e-02
      vertex  -3.600000e-01   3.333333e-02  -8.000000e-02
    endloop
  endfacet
  facet normal   -0.000000e+00   0.000000e+00  -1.000000e+00
    outer loop
      vertex  -3.026548e-01   1.325864e-01  -8.000000e-02
      vertex  -3.600000e-01   1.000000e-01  -8.000000e-02
      vertex  -3.600000e-01   1.666667e-01  -8.000000e-02
    endloop
  endfacet
  facet normal    0.000000e+00   0.000000e+00  -1.000000e+00
    outer loop
      vertex  -3.024210e-01   6.650703e-02  -8.000000e-02
      vertex  -3.600000e-01   1.000000e-01  -8.000000e-02
      vertex  -3.026548e-01   1.325864e-01  -8.000000e-02
    endloop
  endfacet
  facet normal   -0.000000e+00   0.000000e+00  -1.000000e+00
    outer loop
      vertex  -3.061858e-01   1.984674e-01  -8.000000e-02
      vertex  -3.600000e-01   1.666667e-01  -8.000000e-02
      vertex  -3.600000e-01   2.333333e-01  -8.000000e-02
    endloop
  endfacet
  facet normal    0.000000e+00  -0.000000e+00  -1.000000e+00
    outer loop
      vertex  -3.061858e-01   1.984674e-01  -8.000000e-02
      vertex  -3.026548e-01   1.325864e-01  -8.000000e-02
      vertex  -3.600000e-01   1.666667e-01  -8.000000e-02
    endloop
  endfacet
  facet normal    0.000000e+00  -0.000000e+00  -1.000000e+00
    outer loop
      vertex  -3.122955e-01   2.519618e-01  -8.000000e-02
      vertex  -3.061858e-01   1.984674e-01  -8.000000e-02
      vertex  -3.600000e-01   2.333333e-01  -8.000000e-02
    endloop
  endfacet
  facet normal    0.000000e+00   0.000000e+00  -1.000000e+00
    outer loop
      vertex   3.089457e-01  -2.044037e-01  -8.000000e-02
      vertex   3.600000e-01  -1.666667e-01  -8.000000e-02
      vertex   3.600000e-01  -2.333333e-01  -8.000000e-02
    endloop
  endfacet
  facet normal    0.000000e+00   0.000000e+00  -1.000000e+00
    outer loop
      vertex   3.122955e-01  -2.519618e-01  -8.000000e-02
      vertex   3.089457e-01  -2.044037e-01  -8.000000e-02
      vertex   3.600000e-01  -2.333333e-01  -8.000000e-02
    endloop
  endfacet
  facet normal    0.000000e+00   0.000000e+00  -1.000000e+00
    outer loop
      vertex   3.022650e-01  -1.333333e-01  -8.000000e-02
      vertex   3.600000e-01  -1.000000e-01  -8.000000e-02
      vertex   3.600000e-01  -1.666667e-01  -8.000000e-02
    endloop
  endfacet
  facet normal    0.000000e+00   0.000000e+00  -1.000000e+00
    outer loop
      vertex   3.089457e-01  -2.044037e-01  -8.000000e-02
      vertex   3.022650e-01  -1.333333e-01  -8.000000e-02
      vertex   3.600000e-01  -1.666667e-01  -8.000000e-02
    endloop
  endfacet
  facet normal    0.000000e+00   0.000000e+00  -1.000000e+00
    outer loop
      vertex   3.211521e-01  -6.666667e-02  -8.000000e-02
      vertex   3.600000e-01  -3.333333e-02  -8.000000e-02
      vertex   3.600000e-01  -1.000000e-01  -8.000000e-02
    endloop
  endfacet
  facet normal    0.000000e+00  -0.000000e+00  -1.000000e+00
    outer loop
      vertex   3.211521e-01  -6.666667e-02  -8.000000e-02
      vertex   3.600000e-01  -1.000000e-01  -8.000000e-02
      vertex   3.022650e-01  -1.333333e-01  -8.000000e-02
    endloop
  endfacet
  facet normal    0.000000e+00   0.000000e+00  -1.000000e+00
    outer loop
      vertex   3.021274e-01  -4.651157e-03  -8.000000e-02
      vertex   3.600000e-01   3.333333e-02  -8.000000e-02
      vertex   3.600000e-01  -3.333333e-02  -8.000000e-02
    endloop
  endfacet
  facet normal    0.000000e+00   0.000000e+00  -1.000000e+00
    outer loop
      vertex   3.211521e-01  -6.666667e-02  -8.000000e-02
      vertex   3.021274e-01  -4.651157e-03  -8.000000e-02
      vertex   3.600000e-01  -3.333333e-02  -8.000000e-02
    endloop
  endfacet
  facet normal    0.000000e+00   0.000000e+00  -1.000000e+00
    outer loop
      vertex   3.023061e-01   6.659547e-02  -8.000000e-02
      vertex   3.600000e-01   1.000000e-01  -8.000000e-02
      vertex   3.600000e-01   3.333333e-02  -8.000000e-02
    endloop
  endfacet
  facet normal    0.000000e+00  -0.000000e+00  -1.000000e+00
    outer loop
      vertex   3.023061e-01   6.659547e-02  -8.000000e-02
      vertex   3.600000e-01   3.333333e-02  -8.000000e-02
      vertex   3.021274e-01  -4.651157e-03  -8.000000e-02
    endloop
  endfacet
  facet normal    0.000000e+00   0.000000e+00  -1.000000e+00
    outer loop
      vertex   3.026706e-01   1.326638e-01  -8.000000e-02
      vertex   3.600000e-01   1.666667e-01  -8.000000e-02
      vertex   3.600000e-01   1.000000e-01  -8.000000e-02
    endloop
  endfacet
  facet normal    0.000000e+00   0.000000e+00  -1.000000e+00
    outer loop
      vertex   3.023061e-01   6.659547e-02  -8.000000e-02
      vertex   3.026706e-01   1.326638e-01  -8.000000e-02
      vertex   3.600000e-01   1.000000e-01  -8.000000e-02
    endloop
  endfacet
  facet normal    0.000000e+00   0.000000e+00  -1.000000e+00
    outer loop
      vertex   3.062039e-01   1.985292e-01  -8.000000e-02
      vertex   3.600000e-01   2.333333e-01  -8.000000e-02
      vertex   3.600000e-01   1.666667e-01  -8.000000e-02
    endloop
  endfacet
  facet normal    0.000000e+00  -0.000000e+00  -1.000000e+00
    outer loop
      vertex   3.062039e-01   1.985292e-01  -8.000000e-02
      vertex   3.600000e-01   1.666667e-01  -8.000000e-02
      vertex   3.026706e-01   1.326638e-01  -8.000000e-02
    endloop
  endfacet
  facet normal    0.000000e+00  -0.000000e+00  -1.000000e+00
    outer loop
      vertex   3.122955e-01   2.519618e-01  -8.000000e-02
      vertex   3.600000e-01   2.333333e-01  -8.000000e-02
      vertex   3.062039e-01   1.985292e-01  -8.000000e-02
    endloop
  endfacet
  facet normal    0.000000e+00  -0.000000e+00  -1.000000e+00
    outer loop
      vertex  -2.622403e-01  -2.447279e-01  -8.000000e-02
      vertex  -2.290909e-01  -3.000000e-01  -8.000000e-02
      vertex  -2.945455e-01  -3.000000e-01  -8.000000e-02
    endloop
  endfacet
  facet normal    0.000000e+00   0.000000e+00  -1.000000e+00
    outer loop
      vertex  -3.113122e-01  -2.509964e-01  -8.000000e-02
      vertex  -2.622403e-01  -2.447279e-01  -8.000000e-02
      vertex  -2.945455e-01  -3.000000e-01  -8.000000e-02
    endloop
  endfacet
  facet normal    0.000000e+00  -0.000000e+00  -1.000000e+00
    outer loop
      vertex  -2.014861e-01  -2.405683e-01  -8.000000e-02
      vertex  -1.636364e-01  -3.000000e-01  -8.000000e-02
      vertex  -2.290909e-01  -3.000000e-01  -8.000000e-02
    endloop
  endfacet
  facet normal    0.000000e+00   0.000000e+00  -1.000000e+00
    outer loop
      vertex  -2.622403e-01  -2.447279e-01  -8.000000e-02
      vertex  -2.014861e-01  -2.405683e-01  -8.000000e-02
      vertex  -2.290909e-01  -3.000000e-01  -8.000000e-02
    endloop
  endfacet
  facet normal    0.000000e+00  -0.000000e+00  -1.000000e+00
    outer loop
      vertex  -1.308530e-01  -2.325677e-01  -8.000000e-02
      vertex  -9.818182e-02  -3.000000e-01  -8.000000e-02
      vertex  -1.636364e-01  -3.000000e-01  -8.000000e-02
    endloop
  endfacet
  facet normal    0.000000e+00   0.000000e+00  -1.000000e+00
    outer loop
      vertex  -1.308530e-01  -2.325677e-01  -8.000000e-02
      vertex  -1.636364e-01  -3.000000e-01  -8.000000e-02
      vertex  -2.014861e-01  -2.405683e-01  -8.000000e-02
    endloop
  endfacet
  facet normal    0.000000e+00  -0.000000e+00  -1.000000e+00
    outer loop
      vertex  -6.252162e-02  -2.474320e-01  -8.000000e-02
      vertex  -3.272727e-02  -3.000000e-01  -8.000000e-02
      vertex  -9.818182e-02  -3.000000e-01  -8.000000e-02
    endloop
  endfacet
  facet normal    0.000000e+00   0.000000e+00  -1.000000e+00
    outer loop
      vertex  -1.308530e-01  -2.325677e-01  -8.000000e-02
      vertex  -6.252162e-02  -2.474320e-01  -8.000000e-02
      vertex  -9.818182e-02  -3.000000e-01  -8.000000e-02
    endloop
  endfacet
  facet normal    0.000000e+00  -0.000000e+00  -1.000000e+00
    outer loop
      vertex   8.922983e-04  -2.506098e-01  -8.000000e-02
      vertex   3.272727e-02  -3.000000e-01  -8.000000e-02
      vertex  -3.272727e-02  -3.000000e-01  -8.000000e-02
    endloop
  endfacet
  facet normal   -0.000000e+00   0.000000e+00  -1.000000e+00
    outer loop
      vertex   8.922983e-04  -2.506098e-01  -8.000000e-02
      vertex  -3.272727e-02  -3.000000e-01  -8.000000e-02
      vertex  -6.252162e-02  -2.474320e-01  -8.000000e-02
    endloop
  endfacet
  facet normal    0.000000e+00  -0.000000e+00  -1.000000e+00
    outer loop
      vertex   6.513505e-02  -2.515207e-01  -8.000000e-02
      vertex   9.818182e-02  -3.000000e-01  -8.000000e-02
      vertex   3.272727e-02  -3.000000e-01  -8.000000e-02
    endloop
  endfacet
  facet normal   -0.000000e+00   0.000000e+00  -1.000000e+00
    outer loop
      vertex   6.513505e-02  -2.515207e-01  -8.000000e-02
      vertex   3.272727e-02  -3.000000e-01  -8.000000e-02
      vertex   8.922983e-04  -2.506098e-01  -8.000000e-02
    endloop
  endfacet
  facet normal    0.000000e+00  -0.000000e+00  -1.000000e+00
    outer loop
      vertex   1.295019e-01  -2.496933e-01  -8.000000e-02
      vertex   1.636364e-01  -3.000000e-01  -8.000000e-02
      vertex   9.818182e-02  -3.000000e-01  -8.000000e-02
    endloop
  endfacet
  facet normal    0.000000e+00   0.000000e+00  -1.000000e+00
    outer loop
      vertex   6.513505e-02  -2.515207e-01  -8.000000e-02
      vertex   1.295019e-01  -2.496933e-01  -8.000000e-02
      vertex   9.818182e-02  -3.000000e-01  -8.000000e-02
    endloop
  endfacet
  facet normal    0.000000e+00  -0.000000e+00  -1.000000e+00
    outer loop
      vertex   2.010739e-01  -2.352550e-01  -8.000000e-02
      vertex   2.290909e-01  -3.000000e-01  -8.000000e-02
      vertex   1.636364e-01  -3.000000e-01  -8.000000e-02
    endloop
  endfacet
  facet normal    0.000000e+00   0.000000e+00  -1.000000e+00
    outer loop
      vertex   2.010739e-01  -2.352550e-01  -8.000000e-02
      vertex   1.636364e-01  -3.000000e-01  -8.000000e-02
      vertex   1.295019e-01  -2.496933e-01  -8.000000e-02
    endloop
  endfacet
  facet normal    0.000000e+00  -0.000000e+00  -1.000000e+00
    outer loop
      vertex   2.650990e-01  -2.475582e-01  -8.000000e-02
      vertex   2.945455e-01  -3.000000e-01  -8.000000e-02
      vertex   2.290909e-01  -3.000000e-01  -8.000000e-02
    endloop
  endfacet
  facet normal    0.000000e+00   0.000000e+00  -1.000000e+00
    outer loop
      vertex   2.010739e-01  -2.352550e-01  -8.000000e-02
      vertex   2.650990e-01  -2.475582e-01  -8.000000e-02
      vertex   2.290909e-01  -3.000000e-01  -8.000000e-02
    endloop
  endfacet
  facet normal   -0.000000e+00   0.000000e+00  -1.000000e+00
    outer loop
      vertex   3.122955e-01  -2.519618e-01  -8.000000e-02
      vertex   2.945455e-01  -3.000000e-01  -8.000000e-02
      vertex   2.650990e-01  -2.475582e-01  -8.000000e-02
    endloop
  endfacet
  facet normal    0.000000e+00   0.000000e+00  -1.000000e+00
    outer loop
      vertex  -2.552378e-01   2.396577e-01  -8.000000e-02
      vertex  -2.945455e-01   3.000000e-01  -8.000000e-02
      vertex  -2.290909e-01   3.000000e-01  -8.000000e-02
    endloop
  endfacet
  facet normal    0.000000e+00   0.000000e+00  -1.000000e+00
    outer loop
      vertex  -3.122955e-01   2.519618e-01  -8.000000e-02
      vertex  -2.945455e-01   3.000000e-01  -8.000000e-02
      vertex  -2.552378e-01   2.396577e-01  -8.000000e-02
    endloop
  endfacet
  facet normal    0.000000e+00   0.000000e+00  -1.000000e+00
    outer loop
      vertex  -1.939740e-01   2.561195e-01  -8.000000e-02
      vertex  -2.290909e-01   3.000000e-01  -8.000000e-02
      vertex  -1.636364e-01   3.000000e-01  -8.000000e-02
    endloop
  endfacet
  facet normal   -0.000000e+00   0.000000e+00  -1.000000e+00
    outer loop
      vertex  -1.939740e-01   2.561195e-01  -8.000000e-02
      vertex  -2.552378e-01   2.396577e-01  -8.000000e-02
      vertex  -2.290909e-01   3.000000e-01  -8.000000e-02
    endloop
  endfacet
  facet normal    0.000000e+00   0.000000e+00  -1.000000e+00
    outer loop
      vertex  -1.307460e-01   2.410222e-01  -8.000000e-02
      vertex  -1.636364e-01   3.000000e-01  -8.000000e-02
      vertex  -9.818182e-02   3.000000e-01  -8.000000e-02
    endloop
  endfacet
  facet normal    0.000000e+00   0.000000e+00  -1.000000e+00
    outer loop
      vertex  -1.939740e-01   2.561195e-01  -8.000000e-02
      vertex  -1.636364e-01   3.000000e-01  -8.000000e-02
      vertex  -1.307460e-01   2.410222e-01  -8.000000e-02
    endloop
  endfacet
  facet normal    0.000000e+00   0.000000e+00  -1.000000e+00
    outer loop
      vertex  -6.545455e-02   2.576817e-01  -8.000000e-02
      vertex  -9.818182e-02   3.000000e-01  -8.000000e-02
      vertex  -3.272727e-02   3.000000e-01  -8.000000e-02
    endloop
  endfacet
  facet normal   -0.000000e+00   0.000000e+00  -1.000000e+00
    outer loop
      vertex  -6.545455e-02   2.576817e-01  -8.000000e-02
      vertex  -1.307460e-01   2.410222e-01  -8.000000e-02
      vertex  -9.818182e-02   3.000000e-01  -8.000000e-02
    endloop
  endfacet
  facet normal    0.000000e+00   0.000000e+00  -1.000000e+00
    outer loop
      vertex  -4.482481e-03   2.382353e-01  -8.000000e-02
      vertex  -3.272727e-02   3.000000e-01  -8.000000e-02
      vertex   3.272727e-02   3.000000e-01  -8.000000e-02
    endloop
  endfacet
  facet normal    0.000000e+00   0.000000e+00  -1.000000e+00
    outer loop
      vertex  -6.545455e-02   2.576817e-01  -8.000000e-02
      vertex  -3.272727e-02   3.000000e-01  -8.000000e-02
      vertex  -4.482481e-03   2.382353e-01  -8.000000e-02
    endloop
  endfacet
  facet normal    0.000000e+00   0.000000e+00  -1.000000e+00
    outer loop
      vertex   6.545455e-02   2.495072e-01  -8.000000e-02
      vertex   3.272727e-02   3.000000e-01  -8.000000e-02
      vertex   9.818182e-02   3.000000e-01  -8.000000e-02
    endloop
  endfacet
  facet normal   -0.000000e+00   0.000000e+00  -1.000000e+00
    outer loop
      vertex   6.545455e-02   2.495072e-01  -8.000000e-02
      vertex  -4.482481e-03   2.382353e-01  -8.000000e-02
      vertex   3.272727e-02   3.000000e-01  -8.000000e-02
    endloop
  endfacet
  facet normal    0.000000e+00   0.000000e+00  -1.000000e+00
    outer loop
      vertex   1.309091e-01   2.433147e-01  -8.000000e-02
      vertex   9.818182e-02   3.000000e-01  -8.000000e-02
      vertex   1.636364e-01   3.000000e-01  -8.000000e-02
    endloop
  endfacet
  facet normal    0.000000e+00   0.000000e+00  -1.000000e+00
    outer loop
      vertex   6.545455e-02   2.495072e-01  -8.000000e-02
      vertex   9.818182e-02   3.000000e-01  -8.000000e-02
      vertex   1.309091e-01   2.433147e-01  -8.000000e-02
    endloop
  endfacet
  facet normal    0.000000e+00   0.000000e+00  -1.000000e+00
    outer loop
      vertex   1.932478e-01   2.564261e-01  -8.000000e-02
      vertex   1.636364e-01   3.000000e-01  -8.000000e-02
      vertex   2.290909e-01   3.000000e-01  -8.000000e-02
    endloop
  endfacet
  facet normal   -0.000000e+00   0.000000e+00  -1.000000e+00
    outer loop
      vertex   1.932478e-01   2.564261e-01  -8.000000e-02
      vertex   1.309091e-01   2.433147e-01  -8.000000e-02
      vertex   1.636364e-01   3.000000e-01  -8.000000e-02
    endloop
  endfacet
  facet normal    0.000000e+00   0.000000e+00  -1.000000e+00
    outer loop
      vertex   2.552722e-01   2.397487e-01  -8.000000e-02
      vertex   2.290909e-01   3.000000e-01  -8.000000e-02
      vertex   2.945455e-01   3.000000e-01  -8.000000e-02
    endloop
  endfacet
  facet normal    0.000000e+00   0.000000e+00  -1.000000e+00
    outer loop
      vertex   1.932478e-01   2.564261e-01  -8.000000e-02
      vertex   2.290909e-01   3.000000e-01  -8.000000e-02
      vertex   2.552722e-01   2.397487e-01  -8.000000e-02
    endloop
  endfacet
  facet normal   -0.000000e+00   0.000000e+00  -1.000000e+00
    outer loop
      vertex   3.122955e-01   2.519618e-01  -8.000000e-02
      vertex   2.552722e-01   2.397487e-01  -8.000000e-02
      vertex   2.945455e-01   3.000000e-01  -8.000000e-02
    endloop
  endfacet
  facet normal    0.000000e+00   0.000000e+00  -1.000000e+00
    outer loop
      vertex  -1.029743e-02   1.646232e-01  -8.000000e-02
      vertex  -6.822315e-02   2.010859e-01  -8.000000e-02
      vertex  -4.482481e-03   2.382353e-01  -8.000000e-02
    endloop
  endfacet
  facet normal    0.000000e+00  -0.000000e+00  -1.000000e+00
    outer loop
      vertex  -6.545455e-02   2.576817e-01  -8.000000e-02
      vertex  -4.482481e-03   2.382353e-01  -8.000000e-02
      vertex  -6.822315e-02   2.010859e-01  -8.000000e-02
    endloop
  endfacet
  facet normal   -0.000000e+00   0.000000e+00  -1.000000e+00
    outer loop
      vertex   4.848779e-02   1.905089e-01  -8.000000e-02
      vertex  -1.029743e-02   1.646232e-01  -8.000000e-02
      vertex  -4.482481e-03   2.382353e-01  -8.000000e-02
    endloop
  endfacet
  facet normal    0.000000e+00   0.000000e+00  -1.000000e+00
    outer loop
      vertex   6.545455e-02   2.495072e-01  -8.000000e-02
      vertex   4.848779e-02   1.905089e-01  -8.000000e-02
      vertex  -4.482481e-03   2.382353e-01  -8.000000e-02
    endloop
  endfacet
  facet normal    0.000000e+00  -0.000000e+00  -1.000000e+00
    outer loop
      vertex  -7.838815e-02  -1.880953e-01  -8.000000e-02
      vertex  -6.252162e-02  -2.474320e-01  -8.000000e-02
      vertex  -1.308530e-01  -2.325677e-01  -8.000000e-02
    endloop
  endfacet
  facet normal    0.000000e+00  -0.000000e+00  -1.000000e+00
    outer loop
      vertex  -2.505816e-02  -2.082730e-01  -8.000000e-02
      vertex   8.922983e-04  -2.506098e-01  -8.000000e-02
      vertex  -6.252162e-02  -2.474320e-01  -8.000000e-02
    endloop
  endfacet
  facet normal   -0.000000e+00   0.000000e+00  -1.000000e+00
    outer loop
      vertex  -2.505816e-02  -2.082730e-01  -8.000000e-02
      vertex  -6.252162e-02  -2.474320e-01  -8.000000e-02
      vertex  -7.838815e-02  -1.880953e-01  -8.000000e-02
    endloop
  endfacet
  facet normal    0.000000e+00   0.000000e+00  -1.000000e+00
    outer loop
      vertex   3.211521e-01  -6.666667e-02  -8.000000e-02
      vertex   2.685628e-01  -6.662886e-02  -8.000000e-02
      vertex   3.021274e-01  -4.651157e-03  -8.000000e-02
    endloop
  endfacet
  facet normal    0.000000e+00   0.000000e+00  -1.000000e+00
    outer loop
      vertex   2.532918e-01  -1.250729e-02  -8.000000e-02
      vertex   3.021274e-01  -4.651157e-03  -8.000000e-02
      vertex   2.685628e-01  -6.662886e-02  -8.000000e-02
    endloop
  endfacet
  facet normal    0.000000e+00   0.000000e+00  -1.000000e+00
    outer loop
      vertex   2.458042e-01   3.489229e-02  -8.000000e-02
      vertex   3.023061e-01   6.659547e-02  -8.000000e-02
      vertex   3.021274e-01  -4.651157e-03  -8.000000e-02
    endloop
  endfacet
  facet normal    0.000000e+00   0.000000e+00  -1.000000e+00
    outer loop
      vertex   2.532918e-01  -1.250729e-02  -8.000000e-02
      vertex   2.458042e-01   3.489229e-02  -8.000000e-02
      vertex   3.021274e-01  -4.651157e-03  -8.000000e-02
    endloop
  endfacet
  facet normal   -0.000000e+00   0.000000e+00  -1.000000e+00
    outer loop
      vertex  -2.447611e-01   3.333324e-02  -8.000000e-02
      vertex  -3.023076e-01   9.079020e-05  -8.000000e-02
      vertex  -3.024210e-01   6.650703e-02  -8.000000e-02
    endloop
  endfacet
  facet normal    0.000000e+00   0.000000e+00  -1.000000e+00
    outer loop
      vertex  -2.447134e-01  -3.295029e-02  -8.000000e-02
      vertex  -3.023076e-01   9.079020e-05  -8.000000e-02
      vertex  -2.447611e-01   3.333324e-02  -8.000000e-02
    endloop
  endfacet
  facet normal    0.000000e+00   0.000000e+00  -1.000000e+00
    outer loop
      vertex  -3.022849e-01  -6.639515e-02  -8.000000e-02
      vertex  -3.023076e-01   9.079020e-05  -8.000000e-02
      vertex  -2.447134e-01  -3.295029e-02  -8.000000e-02
    endloop
  endfacet
  facet normal    0.000000e+00  -0.000000e+00  -1.000000e+00
    outer loop
      vertex   1.476463e-01  -1.922424e-01  -8.000000e-02
      vertex   2.010739e-01  -2.352550e-01  -8.000000e-02
      vertex   1.295019e-01  -2.496933e-01  -8.000000e-02
    endloop
  endfacet
  facet normal    0.000000e+00   0.000000e+00  -1.000000e+00
    outer loop
      vertex   9.402117e-02  -2.125548e-01  -8.000000e-02
      vertex   1.476463e-01  -1.922424e-01  -8.000000e-02
      vertex   1.295019e-01  -2.496933e-01  -8.000000e-02
    endloop
  endfacet
  facet normal    0.000000e+00  -0.000000e+00  -1.000000e+00
    outer loop
      vertex   9.402117e-02  -2.125548e-01  -8.000000e-02
      vertex   1.295019e-01  -2.496933e-01  -8.000000e-02
      vertex   6.513505e-02  -2.515207e-01  -8.000000e-02
    endloop
  endfacet
  facet normal    0.000000e+00   0.000000e+00  -1.000000e+00
    outer loop
      vertex   1.932478e-01   2.564261e-01  -8.000000e-02
      vertex   1.873303e-01   1.990671e-01  -8.000000e-02
      vertex   1.309091e-01   2.433147e-01  -8.000000e-02
    endloop
  endfacet
  facet normal    0.000000e+00   0.000000e+00  -1.000000e+00
    outer loop
      vertex   1.364218e-01   1.922483e-01  -8.000000e-02
      vertex   1.309091e-01   2.433147e-01  -8.000000e-02
      vertex   1.873303e-01   1.990671e-01  -8.000000e-02
    endloop
  endfacet
  facet normal    0.000000e+00   0.000000e+00  -1.000000e+00
    outer loop
      vertex   9.534758e-02   2.082873e-01  -8.000000e-02
      vertex   6.545455e-02   2.495072e-01  -8.000000e-02
      vertex   1.309091e-01   2.433147e-01  -8.000000e-02
    endloop
  endfacet
  facet normal    0.000000e+00   0.000000e+00  -1.000000e+00
    outer loop
      vertex   9.534758e-02   2.082873e-01  -8.000000e-02
      vertex   1.309091e-01   2.433147e-01  -8.000000e-02
      vertex   1.364218e-01   1.922483e-01  -8.000000e-02
    endloop
  endfacet
  facet normal    0.000000e+00   0.000000e+00  -1.000000e+00
    outer loop
      vertex  -1.302786e-01   1.664812e-01  -8.000000e-02
      vertex  -1.911589e-01   1.999177e-01  -8.000000e-02
      vertex  -1.307460e-01   2.410222e-01  -8.000000e-02
    endloop
  endfacet
  facet normal    0.000000e+00   0.000000e+00  -1.000000e+00
    outer loop
      vertex  -1.939740e-01   2.561195e-01  -8.000000e-02
      vertex  -1.307460e-01   2.410222e-01  -8.000000e-02
      vertex  -1.911589e-01   1.999177e-01  -8.000000e-02
    endloop
  endfacet
  facet normal   -0.000000e+00   0.000000e+00  -1.000000e+00
    outer loop
      vertex  -6.822315e-02   2.010859e-01  -8.000000e-02
      vertex  -1.302786e-01   1.664812e-01  -8.000000e-02
      vertex  -1.307460e-01   2.410222e-01  -8.000000e-02
    endloop
  endfacet
  facet normal    0.000000e+00   0.000000e+00  -1.000000e+00
    outer loop
      vertex  -6.545455e-02   2.576817e-01  -8.000000e-02
      vertex  -6.822315e-02   2.010859e-01  -8.000000e-02
      vertex  -1.307460e-01   2.410222e-01  -8.000000e-02
    endloop
  endfacet
  facet normal   -0.000000e+00   0.000000e+00  -1.000000e+00
    outer loop
      vertex  -2.438336e-01  -1.009263e-01  -8.000000e-02
      vertex  -3.022548e-01  -1.331202e-01  -8.000000e-02
      vertex  -3.022849e-01  -6.639515e-02  -8.000000e-02
    endloop
  endfacet
  facet normal   -0.000000e+00   0.000000e+00  -1.000000e+00
    outer loop
      vertex  -2.400235e-01  -1.766074e-01  -8.000000e-02
      vertex  -3.050751e-01  -1.995001e-01  -8.000000e-02
      vertex  -3.022548e-01  -1.331202e-01  -8.000000e-02
    endloop
  endfacet
  facet normal    0.000000e+00  -0.000000e+00  -1.000000e+00
    outer loop
      vertex  -2.438336e-01  -1.009263e-01  -8.000000e-02
      vertex  -2.400235e-01  -1.766074e-01  -8.000000e-02
      vertex  -3.022548e-01  -1.331202e-01  -8.000000e-02
    endloop
  endfacet
  facet normal   -0.000000e+00   0.000000e+00  -1.000000e+00
    outer loop
      vertex  -2.448305e-01   9.955271e-02  -8.000000e-02
      vertex  -3.024210e-01   6.650703e-02  -8.000000e-02
      vertex  -3.026548e-01   1.325864e-01  -8.000000e-02
    endloop
  endfacet
  facet normal    0.000000e+00  -0.000000e+00  -1.000000e+00
    outer loop
      vertex  -2.469267e-01   1.665988e-01  -8.000000e-02
      vertex  -2.448305e-01   9.955271e-02  -8.000000e-02
      vertex  -3.026548e-01   1.325864e-01  -8.000000e-02
    endloop
  endfacet
  facet normal    0.000000e+00   0.000000e+00  -1.000000e+00
    outer loop
      vertex  -3.061858e-01   1.984674e-01  -8.000000e-02
      vertex  -2.469267e-01   1.665988e-01  -8.000000e-02
      vertex  -3.026548e-01   1.325864e-01  -8.000000e-02
    endloop
  endfacet
  facet normal    0.000000e+00   0.000000e+00  -1.000000e+00
    outer loop
      vertex   2.448980e-01   9.979947e-02  -8.000000e-02
      vertex   3.026706e-01   1.326638e-01  -8.000000e-02
      vertex   3.023061e-01   6.659547e-02  -8.000000e-02
    endloop
  endfacet
  facet normal    0.000000e+00  -0.000000e+00  -1.000000e+00
    outer loop
      vertex   2.469851e-01   1.668008e-01  -8.000000e-02
      vertex   3.026706e-01   1.326638e-01  -8.000000e-02
      vertex   2.448980e-01   9.979947e-02  -8.000000e-02
    endloop
  endfacet
  facet normal    0.000000e+00   0.000000e+00  -1.000000e+00
    outer loop
      vertex   3.062039e-01   1.985292e-01  -8.000000e-02
      vertex   3.026706e-01   1.326638e-01  -8.000000e-02
      vertex   2.469851e-01   1.668008e-01  -8.000000e-02
    endloop
  endfacet
  facet normal    0.000000e+00   0.000000e+00  -1.000000e+00
    outer loop
      vertex   2.482716e-01  -1.313915e-01  -8.000000e-02
      vertex   2.685628e-01  -6.662886e-02  -8.000000e-02
      vertex   3.022650e-01  -1.333333e-01  -8.000000e-02
    endloop
  endfacet
  facet normal   -0.000000e+00   0.000000e+00  -1.000000e+00
    outer loop
      vertex   3.211521e-01  -6.666667e-02  -8.000000e-02
      vertex   3.022650e-01  -1.333333e-01  -8.000000e-02
      vertex   2.685628e-01  -6.662886e-02  -8.000000e-02
    endloop
  endfacet
  facet normal    0.000000e+00   0.000000e+00  -1.000000e+00
    outer loop
      vertex   2.545243e-01  -1.908580e-01  -8.000000e-02
      vertex   3.022650e-01  -1.333333e-01  -8.000000e-02
      vertex   3.089457e-01  -2.044037e-01  -8.000000e-02
    endloop
  endfacet
  facet normal    0.000000e+00   0.000000e+00  -1.000000e+00
    outer loop
      vertex   2.545243e-01  -1.908580e-01  -8.000000e-02
      vertex   2.482716e-01  -1.313915e-01  -8.000000e-02
      vertex   3.022650e-01  -1.333333e-01  -8.000000e-02
    endloop
  endfacet
  facet normal    0.000000e+00   0.000000e+00  -1.000000e+00
    outer loop
      vertex  -2.622403e-01  -2.447279e-01  -8.000000e-02
      vertex  -2.400235e-01  -1.766074e-01  -8.000000e-02
      vertex  -2.014861e-01  -2.405683e-01  -8.000000e-02
    endloop
  endfacet
  facet normal   -0.000000e+00   0.000000e+00  -1.000000e+00
    outer loop
      vertex  -1.788808e-01  -1.886585e-01  -8.000000e-02
      vertex  -2.014861e-01  -2.405683e-01  -8.000000e-02
      vertex  -2.400235e-01  -1.766074e-01  -8.000000e-02
    endloop
  endfacet
  facet normal    0.000000e+00  -0.000000e+00  -1.000000e+00
    outer loop
      vertex  -1.788808e-01  -1.886585e-01  -8.000000e-02
      vertex  -1.308530e-01  -2.325677e-01  -8.000000e-02
      vertex  -2.014861e-01  -2.405683e-01  -8.000000e-02
    endloop
  endfacet
  facet normal   -0.000000e+00   0.000000e+00  -1.000000e+00
    outer loop
      vertex  -1.911589e-01   1.999177e-01  -8.000000e-02
      vertex  -2.469267e-01   1.665988e-01  -8.000000e-02
      vertex  -2.552378e-01   2.396577e-01  -8.000000e-02
    endloop
  endfacet
  facet normal    0.000000e+00   0.000000e+00  -1.000000e+00
    outer loop
      vertex  -3.061858e-01   1.984674e-01  -8.000000e-02
      vertex  -2.552378e-01   2.396577e-01  -8.000000e-02
      vertex  -2.469267e-01   1.665988e-01  -8.000000e-02
    endloop
  endfacet
  facet normal    0.000000e+00  -0.000000e+00  -1.000000e+00
    outer loop
      vertex  -1.939740e-01   2.561195e-01  -8.000000e-02
      vertex  -1.911589e-01   1.999177e-01  -8.000000e-02
      vertex  -2.552378e-01   2.396577e-01  -8.000000e-02
    endloop
  endfacet
  facet normal    0.000000e+00   0.000000e+00  -1.000000e+00
    outer loop
      vertex  -3.122955e-01   2.519618e-01  -8.000000e-02
      vertex  -2.552378e-01   2.396577e-01  -8.000000e-02
      vertex  -3.061858e-01   1.984674e-01  -8.000000e-02
    endloop
  endfacet
  facet normal    0.000000e+00   0.000000e+00  -1.000000e+00
    outer loop
      vertex   1.873303e-01   1.990671e-01  -8.000000e-02
      vertex   2.552722e-01   2.397487e-01  -8.000000e-02
      vertex   2.469851e-01   1.668008e-01  -8.000000e-02
    endloop
  endfacet
  facet normal   -0.000000e+00   0.000000e+00  -1.000000e+00
    outer loop
      vertex   3.062039e-01   1.985292e-01  -8.000000e-02
      vertex   2.469851e-01   1.668008e-01  -8.000000e-02
      vertex   2.552722e-01   2.397487e-01  -8.000000e-02
    endloop
  endfacet
  facet normal    0.000000e+00  -0.000000e+00  -1.000000e+00
    outer loop
      vertex   1.932478e-01   2.564261e-01  -8.000000e-02
      vertex   2.552722e-01   2.397487e-01  -8.000000e-02
      vertex   1.873303e-01   1.990671e-01  -8.000000e-02
    endloop
  endfacet
  facet normal    0.000000e+00   0.000000e+00  -1.000000e+00
    outer loop
      vertex   3.122955e-01   2.519618e-01  -8.000000e-02
      vertex   3.062039e-01   1.985292e-01  -8.000000e-02
      vertex   2.552722e-01   2.397487e-01  -8.000000e-02
    endloop
  endfacet
  facet normal    0.000000e+00  -0.000000e+00  -1.000000e+00
    outer loop
      vertex   2.545243e-01  -1.908580e-01  -8.000000e-02
      vertex   2.650990e-01  -2.475582e-01  -8.000000e-02
      vertex   2.010739e-01  -2.352550e-01  -8.000000e-02
    endloop
  endfacet
  facet normal    0.000000e+00   0.000000e+00  -1.000000e+00
    outer loop
      vertex   3.122955e-01  -2.519618e-01  -8.000000e-02
      vertex   2.650990e-01  -2.475582e-01  -8.000000e-02
      vertex   3.089457e-01  -2.044037e-01  -8.000000e-02
    endloop
  endfacet
  facet normal    0.000000e+00   0.000000e+00  -1.000000e+00
    outer loop
      vertex   2.545243e-01  -1.908580e-01  -8.000000e-02
      vertex   3.089457e-01  -2.044037e-01  -8.000000e-02
      vertex   2.650990e-01  -2.475582e-01  -8.000000e-02
    endloop
  endfacet
  facet normal    0.000000e+00  -0.000000e+00  -1.000000e+00
    outer loop
      vertex  -2.448305e-01   9.955271e-02  -8.000000e-02
      vertex  -2.447611e-01   3.333324e-02  -8.000000e-02
      vertex  -3.024210e-01   6.650703e-02  -8.000000e-02
    endloop
  endfacet
  facet normal   -0.000000e+00   0.000000e+00  -1.000000e+00
    outer loop
      vertex  -1.874064e-01   1.624967e-04  -8.000000e-02
      vertex  -2.447134e-01  -3.295029e-02  -8.000000e-02
      vertex  -2.447611e-01   3.333324e-02  -8.000000e-02
    endloop
  endfacet
  facet normal    0.000000e+00   0.000000e+00  -1.000000e+00
    outer loop
      vertex  -1.873549e-01   6.655628e-02  -8.000000e-02
      vertex  -1.874064e-01   1.624967e-04  -8.000000e-02
      vertex  -2.447611e-01   3.333324e-02  -8.000000e-02
    endloop
  endfacet
  facet normal   -0.000000e+00   0.000000e+00  -1.000000e+00
    outer loop
      vertex  -1.873549e-01   6.655628e-02  -8.000000e-02
      vertex  -2.447611e-01   3.333324e-02  -8.000000e-02
      vertex  -2.448305e-01   9.955271e-02  -8.000000e-02
    endloop
  endfacet
  facet normal    0.000000e+00   0.000000e+00  -1.000000e+00
    outer loop
      vertex  -1.873308e-01  -6.590841e-02  -8.000000e-02
      vertex  -2.447134e-01  -3.295029e-02  -8.000000e-02
      vertex  -1.874064e-01   1.624967e-04  -8.000000e-02
    endloop
  endfacet
  facet normal    0.000000e+00   0.000000e+00  -1.000000e+00
    outer loop
      vertex  -2.438336e-01  -1.009263e-01  -8.000000e-02
      vertex  -2.447134e-01  -3.295029e-02  -8.000000e-02
      vertex  -1.873308e-01  -6.590841e-02  -8.000000e-02
    endloop
  endfacet
  facet normal    0.000000e+00   0.000000e+00  -1.000000e+00
    outer loop
      vertex  -2.438336e-01  -1.009263e-01  -8.000000e-02
      vertex  -3.022849e-01  -6.639515e-02  -8.000000e-02
      vertex  -2.447134e-01  -3.295029e-02  -8.000000e-02
    endloop
  endfacet
  facet normal   -0.000000e+00   0.000000e+00  -1.000000e+00
    outer loop
      vertex  -1.302295e-01  -3.283555e-02  -8.000000e-02
      vertex  -1.873308e-01  -6.590841e-02  -8.000000e-02
      vertex  -1.874064e-01   1.624967e-04  -8.000000e-02
    endloop
  endfacet
  facet normal    0.000000e+00   0.000000e+00  -1.000000e+00
    outer loop
      vertex  -1.302017e-01   3.313923e-02  -8.000000e-02
      vertex  -1.302295e-01  -3.283555e-02  -8.000000e-02
      vertex  -1.874064e-01   1.624967e-04  -8.000000e-02
    endloop
  endfacet
  facet normal    0.000000e+00  -0.000000e+00  -1.000000e+00
    outer loop
      vertex  -1.873549e-01   6.655628e-02  -8.000000e-02
      vertex  -1.302017e-01   3.313923e-02  -8.000000e-02
      vertex  -1.874064e-01   1.624967e-04  -8.000000e-02
    endloop
  endfacet
  facet normal    0.000000e+00   0.000000e+00  -1.000000e+00
    outer loop
      vertex  -1.301663e-01  -9.877922e-02  -8.000000e-02
      vertex  -1.873308e-01  -6.590841e-02  -8.000000e-02
      vertex  -1.302295e-01  -3.283555e-02  -8.000000e-02
    endloop
  endfacet
  facet normal    0.000000e+00   0.000000e+00  -1.000000e+00
    outer loop
      vertex  -1.863941e-01  -1.305766e-01  -8.000000e-02
      vertex  -1.873308e-01  -6.590841e-02  -8.000000e-02
      vertex  -1.301663e-01  -9.877922e-02  -8.000000e-02
    endloop
  endfacet
  facet normal    0.000000e+00   0.000000e+00  -1.000000e+00
    outer loop
      vertex  -2.438336e-01  -1.009263e-01  -8.000000e-02
      vertex  -1.873308e-01  -6.590841e-02  -8.000000e-02
      vertex  -1.863941e-01  -1.305766e-01  -8.000000e-02
    endloop
  endfacet
  facet normal   -0.000000e+00   0.000000e+00  -1.000000e+00
    outer loop
      vertex  -7.312586e-02   1.390668e-04  -8.000000e-02
      vertex  -1.302295e-01  -3.283555e-02  -8.000000e-02
      vertex  -1.302017e-01   3.313923e-02  -8.000000e-02
    endloop
  endfacet
  facet normal    0.000000e+00   0.000000e+00  -1.000000e+00
    outer loop
      vertex  -7.328564e-02  -6.557197e-02  -8.000000e-02
      vertex  -1.302295e-01  -3.283555e-02  -8.000000e-02
      vertex  -7.312586e-02   1.390668e-04  -8.000000e-02
    endloop
  endfacet
  facet normal   -0.000000e+00   0.000000e+00  -1.000000e+00
    outer loop
      vertex  -7.328564e-02  -6.557197e-02  -8.000000e-02
      vertex  -1.301663e-01  -9.877922e-02  -8.000000e-02
      vertex  -1.302295e-01  -3.283555e-02  -8.000000e-02
    endloop
  endfacet
  facet normal    0.000000e+00   0.000000e+00  -1.000000e+00
    outer loop
      vertex  -7.249542e-02   6.716146e-02  -8.000000e-02
      vertex  -7.312586e-02   1.390668e-04  -8.000000e-02
      vertex  -1.302017e-01   3.313923e-02  -8.000000e-02
    endloop
  endfacet
  facet normal    0.000000e+00  -0.000000e+00  -1.000000e+00
    outer loop
      vertex  -1.295072e-01   1.005026e-01  -8.000000e-02
      vertex  -7.249542e-02   6.716146e-02  -8.000000e-02
      vertex  -1.302017e-01   3.313923e-02  -8.000000e-02
    endloop
  endfacet
  facet normal    0.000000e+00   0.000000e+00  -1.000000e+00
    outer loop
      vertex  -1.873549e-01   6.655628e-02  -8.000000e-02
      vertex  -1.295072e-01   1.005026e-01  -8.000000e-02
      vertex  -1.302017e-01   3.313923e-02  -8.000000e-02
    endloop
  endfacet
  facet normal   -0.000000e+00   0.000000e+00  -1.000000e+00
    outer loop
      vertex  -1.620689e-02   3.276574e-02  -8.000000e-02
      vertex  -7.312586e-02   1.390668e-04  -8.000000e-02
      vertex  -7.249542e-02   6.716146e-02  -8.000000e-02
    endloop
  endfacet
  facet normal    0.000000e+00   0.000000e+00  -1.000000e+00
    outer loop
      vertex  -1.602931e-02  -3.291836e-02  -8.000000e-02
      vertex  -7.312586e-02   1.390668e-04  -8.000000e-02
      vertex  -1.620689e-02   3.276574e-02  -8.000000e-02
    endloop
  endfacet
  facet normal    0.000000e+00   0.000000e+00  -1.000000e+00
    outer loop
      vertex  -7.328564e-02  -6.557197e-02  -8.000000e-02
      vertex  -7.312586e-02   1.390668e-04  -8.000000e-02
      vertex  -1.602931e-02  -3.291836e-02  -8.000000e-02
    endloop
  endfacet
  facet normal    0.000000e+00   0.000000e+00  -1.000000e+00
    outer loop
      vertex  -1.393806e-02   9.861832e-02  -8.000000e-02
      vertex  -1.620689e-02   3.276574e-02  -8.000000e-02
      vertex  -7.249542e-02   6.716146e-02  -8.000000e-02
    endloop
  endfacet
  facet normal    0.000000e+00   0.000000e+00  -1.000000e+00
    outer loop
      vertex  -7.055791e-02   1.330742e-01  -8.000000e-02
      vertex  -7.249542e-02   6.716146e-02  -8.000000e-02
      vertex  -1.295072e-01   1.005026e-01  -8.000000e-02
    endloop
  endfacet
  facet normal    0.000000e+00  -0.000000e+00  -1.000000e+00
    outer loop
      vertex  -7.055791e-02   1.330742e-01  -8.000000e-02
      vertex  -1.393806e-02   9.861832e-02  -8.000000e-02
      vertex  -7.249542e-02   6.716146e-02  -8.000000e-02
    endloop
  endfacet
  facet normal   -0.000000e+00   0.000000e+00  -1.000000e+00
    outer loop
      vertex   4.078276e-02  -4.396209e-04  -8.000000e-02
      vertex  -1.602931e-02  -3.291836e-02  -8.000000e-02
      vertex  -1.620689e-02   3.276574e-02  -8.000000e-02
    endloop
  endfacet
  facet normal    0.000000e+00  -0.000000e+00  -1.000000e+00
    outer loop
      vertex   3.844943e-02   6.278366e-02  -8.000000e-02
      vertex   4.078276e-02  -4.396209e-04  -8.000000e-02
      vertex  -1.620689e-02   3.276574e-02  -8.000000e-02
    endloop
  endfacet
  facet normal   -0.000000e+00   0.000000e+00  -1.000000e+00
    outer loop
      vertex   3.844943e-02   6.278366e-02  -8.000000e-02
      vertex  -1.620689e-02   3.276574e-02  -8.000000e-02
      vertex  -1.393806e-02   9.861832e-02  -8.000000e-02
    endloop
  endfacet
  facet normal    0.000000e+00   0.000000e+00  -1.000000e+00
    outer loop
      vertex   4.109484e-02  -6.594643e-02  -8.000000e-02
      vertex  -1.602931e-02  -3.291836e-02  -8.000000e-02
      vertex   4.078276e-02  -4.396209e-04  -8.000000e-02
    endloop
  endfacet
  facet normal    0.000000e+00   0.000000e+00  -1.000000e+00
    outer loop
      vertex  -1.692723e-02  -9.756798e-02  -8.000000e-02
      vertex  -1.602931e-02  -3.291836e-02  -8.000000e-02
      vertex   4.109484e-02  -6.594643e-02  -8.000000e-02
    endloop
  endfacet
  facet normal    0.000000e+00   0.000000e+00  -1.000000e+00
    outer loop
      vertex  -7.328564e-02  -6.557197e-02  -8.000000e-02
      vertex  -1.602931e-02  -3.291836e-02  -8.000000e-02
      vertex  -1.692723e-02  -9.756798e-02  -8.000000e-02
    endloop
  endfacet
  facet normal   -0.000000e+00   0.000000e+00  -1.000000e+00
    outer loop
      vertex   9.820434e-02  -3.293948e-02  -8.000000e-02
      vertex   4.109484e-02  -6.594643e-02  -8.000000e-02
      vertex   4.078276e-02  -4.396209e-04  -8.000000e-02
    endloop
  endfacet
  facet normal    0.000000e+00  -0.000000e+00  -1.000000e+00
    outer loop
      vertex   9.363561e-02   2.792223e-02  -8.000000e-02
      vertex   9.820434e-02  -3.293948e-02  -8.000000e-02
      vertex   4.078276e-02  -4.396209e-04  -8.000000e-02
    endloop
  endfacet
  facet normal    0.000000e+00   0.000000e+00  -1.000000e+00
    outer loop
      vertex   3.844943e-02   6.278366e-02  -8.000000e-02
      vertex   9.363561e-02   2.792223e-02  -8.000000e-02
      vertex   4.078276e-02  -4.396209e-04  -8.000000e-02
    endloop
  endfacet
  facet normal    0.000000e+00   0.000000e+00  -1.000000e+00
    outer loop
      vertex   9.828168e-02  -9.883027e-02  -8.000000e-02
      vertex   4.109484e-02  -6.594643e-02  -8.000000e-02
      vertex   9.820434e-02  -3.293948e-02  -8.000000e-02
    endloop
  endfacet
  facet normal    0.000000e+00   0.000000e+00  -1.000000e+00
    outer loop
      vertex   4.120576e-02  -1.317837e-01  -8.000000e-02
      vertex   4.109484e-02  -6.594643e-02  -8.000000e-02
      vertex   9.828168e-02  -9.883027e-02  -8.000000e-02
    endloop
  endfacet
  facet normal    0.000000e+00   0.000000e+00  -1.000000e+00
    outer loop
      vertex  -1.692723e-02  -9.756798e-02  -8.000000e-02
      vertex   4.109484e-02  -6.594643e-02  -8.000000e-02
      vertex   4.120576e-02  -1.317837e-01  -8.000000e-02
    endloop
  endfacet
  facet normal   -0.000000e+00   0.000000e+00  -1.000000e+00
    outer loop
      vertex   1.498642e-01  -6.601436e-03  -8.000000e-02
      vertex   9.820434e-02  -3.293948e-02  -8.000000e-02
      vertex   9.363561e-02   2.792223e-02  -8.000000e-02
    endloop
  endfacet
  facet normal   -0.000000e+00   0.000000e+00  -1.000000e+00
    outer loop
      vertex   1.554252e-01  -6.580654e-02  -8.000000e-02
      vertex   9.828168e-02  -9.883027e-02  -8.000000e-02
      vertex   9.820434e-02  -3.293948e-02  -8.000000e-02
    endloop
  endfacet
  facet normal    0.000000e+00  -0.000000e+00  -1.000000e+00
    outer loop
      vertex   1.498642e-01  -6.601436e-03  -8.000000e-02
      vertex   1.554252e-01  -6.580654e-02  -8.000000e-02
      vertex   9.820434e-02  -3.293948e-02  -8.000000e-02
    endloop
  endfacet
  facet normal    0.000000e+00  -0.000000e+00  -1.000000e+00
    outer loop
      vertex   1.427392e-01   4.878844e-02  -8.000000e-02
      vertex   1.498642e-01  -6.601436e-03  -8.000000e-02
      vertex   9.363561e-02   2.792223e-02  -8.000000e-02
    endloop
  endfacet
  facet normal    0.000000e+00  -0.000000e+00  -1.000000e+00
    outer loop
      vertex   8.640741e-02   8.962800e-02  -8.000000e-02
      vertex   9.363561e-02   2.792223e-02  -8.000000e-02
      vertex   3.844943e-02   6.278366e-02  -8.000000e-02
    endloop
  endfacet
  facet normal   -0.000000e+00   0.000000e+00  -1.000000e+00
    outer loop
      vertex   1.427392e-01   4.878844e-02  -8.000000e-02
      vertex   9.363561e-02   2.792223e-02  -8.000000e-02
      vertex   8.640741e-02   8.962800e-02  -8.000000e-02
    endloop
  endfacet
  facet normal    0.000000e+00   0.000000e+00  -1.000000e+00
    outer loop
      vertex  -1.301048e-01  -1.634673e-01  -8.000000e-02
      vertex  -1.863941e-01  -1.305766e-01  -8.000000e-02
      vertex  -1.301663e-01  -9.877922e-02  -8.000000e-02
    endloop
  endfacet
  facet normal   -0.000000e+00   0.000000e+00  -1.000000e+00
    outer loop
      vertex  -7.390628e-02  -1.299647e-01  -8.000000e-02
      vertex  -1.301048e-01  -1.634673e-01  -8.000000e-02
      vertex  -1.301663e-01  -9.877922e-02  -8.000000e-02
    endloop
  endfacet
  facet normal    0.000000e+00   0.000000e+00  -1.000000e+00
    outer loop
      vertex  -7.328564e-02  -6.557197e-02  -8.000000e-02
      vertex  -7.390628e-02  -1.299647e-01  -8.000000e-02
      vertex  -1.301663e-01  -9.877922e-02  -8.000000e-02
    endloop
  endfacet
  facet normal    0.000000e+00  -0.000000e+00  -1.000000e+00
    outer loop
      vertex  -1.302786e-01   1.664812e-01  -8.000000e-02
      vertex  -1.295072e-01   1.005026e-01  -8.000000e-02
      vertex  -1.874226e-01   1.326474e-01  -8.000000e-02
    endloop
  endfacet
  facet normal    0.000000e+00   0.000000e+00  -1.000000e+00
    outer loop
      vertex  -1.873549e-01   6.655628e-02  -8.000000e-02
      vertex  -1.874226e-01   1.326474e-01  -8.000000e-02
      vertex  -1.295072e-01   1.005026e-01  -8.000000e-02
    endloop
  endfacet
  facet normal   -0.000000e+00   0.000000e+00  -1.000000e+00
    outer loop
      vertex  -7.055791e-02   1.330742e-01  -8.000000e-02
      vertex  -1.295072e-01   1.005026e-01  -8.000000e-02
      vertex  -1.302786e-01   1.664812e-01  -8.000000e-02
    endloop
  endfacet
  facet normal    0.000000e+00   0.000000e+00  -1.000000e+00
    outer loop
      vertex   1.560950e-01  -1.306815e-01  -8.000000e-02
      vertex   9.828168e-02  -9.883027e-02  -8.000000e-02
      vertex   1.554252e-01  -6.580654e-02  -8.000000e-02
    endloop
  endfacet
  facet normal    0.000000e+00   0.000000e+00  -1.000000e+00
    outer loop
      vertex   9.836489e-02  -1.604295e-01  -8.000000e-02
      vertex   4.120576e-02  -1.317837e-01  -8.000000e-02
      vertex   9.828168e-02  -9.883027e-02  -8.000000e-02
    endloop
  endfacet
  facet normal    0.000000e+00   0.000000e+00  -1.000000e+00
    outer loop
      vertex   9.836489e-02  -1.604295e-01  -8.000000e-02
      vertex   9.828168e-02  -9.883027e-02  -8.000000e-02
      vertex   1.560950e-01  -1.306815e-01  -8.000000e-02
    endloop
  endfacet
  facet normal   -0.000000e+00   0.000000e+00  -1.000000e+00
    outer loop
      vertex   2.096948e-01  -9.858635e-02  -8.000000e-02
      vertex   1.560950e-01  -1.306815e-01  -8.000000e-02
      vertex   1.554252e-01  -6.580654e-02  -8.000000e-02
    endloop
  endfacet
  facet normal    0.000000e+00  -0.000000e+00  -1.000000e+00
    outer loop
      vertex   2.090250e-01  -3.584178e-02  -8.000000e-02
      vertex   2.096948e-01  -9.858635e-02  -8.000000e-02
      vertex   1.554252e-01  -6.580654e-02  -8.000000e-02
    endloop
  endfacet
  facet normal    0.000000e+00   0.000000e+00  -1.000000e+00
    outer loop
      vertex   1.498642e-01  -6.601436e-03  -8.000000e-02
      vertex   2.090250e-01  -3.584178e-02  -8.000000e-02
      vertex   1.554252e-01  -6.580654e-02  -8.000000e-02
    endloop
  endfacet
  facet normal    0.000000e+00   0.000000e+00  -1.000000e+00
    outer loop
      vertex   3.548587e-02  -1.962664e-01  -8.000000e-02
      vertex   4.120576e-02  -1.317837e-01  -8.000000e-02
      vertex   9.836489e-02  -1.604295e-01  -8.000000e-02
    endloop
  endfacet
  facet normal    0.000000e+00   0.000000e+00  -1.000000e+00
    outer loop
      vertex  -2.075919e-02  -1.589614e-01  -8.000000e-02
      vertex   4.120576e-02  -1.317837e-01  -8.000000e-02
      vertex   3.548587e-02  -1.962664e-01  -8.000000e-02
    endloop
  endfacet
  facet normal    0.000000e+00  -0.000000e+00  -1.000000e+00
    outer loop
      vertex  -1.692723e-02  -9.756798e-02  -8.000000e-02
      vertex   4.120576e-02  -1.317837e-01  -8.000000e-02
      vertex  -2.075919e-02  -1.589614e-01  -8.000000e-02
    endloop
  endfacet
  facet normal    0.000000e+00   0.000000e+00  -1.000000e+00
    outer loop
      vertex  -1.029743e-02   1.646232e-01  -8.000000e-02
      vertex  -1.393806e-02   9.861832e-02  -8.000000e-02
      vertex  -7.055791e-02   1.330742e-01  -8.000000e-02
    endloop
  endfacet
  facet normal   -0.000000e+00   0.000000e+00  -1.000000e+00
    outer loop
      vertex   4.243169e-02   1.267574e-01  -8.000000e-02
      vertex  -1.393806e-02   9.861832e-02  -8.000000e-02
      vertex  -1.029743e-02   1.646232e-01  -8.000000e-02
    endloop
  endfacet
  facet normal    0.000000e+00   0.000000e+00  -1.000000e+00
    outer loop
      vertex   3.844943e-02   6.278366e-02  -8.000000e-02
      vertex  -1.393806e-02   9.861832e-02  -8.000000e-02
      vertex   4.243169e-02   1.267574e-01  -8.000000e-02
    endloop
  endfacet
  facet normal    0.000000e+00   0.000000e+00  -1.000000e+00
    outer loop
      vertex   2.068206e-01  -1.648404e-01  -8.000000e-02
      vertex   1.560950e-01  -1.306815e-01  -8.000000e-02
      vertex   2.096948e-01  -9.858635e-02  -8.000000e-02
    endloop
  endfacet
  facet normal    0.000000e+00   0.000000e+00  -1.000000e+00
    outer loop
      vertex   1.476463e-01  -1.922424e-01  -8.000000e-02
      vertex   1.560950e-01  -1.306815e-01  -8.000000e-02
      vertex   2.068206e-01  -1.648404e-01  -8.000000e-02
    endloop
  endfacet
  facet normal    0.000000e+00   0.000000e+00  -1.000000e+00
    outer loop
      vertex   1.476463e-01  -1.922424e-01  -8.000000e-02
      vertex   9.836489e-02  -1.604295e-01  -8.000000e-02
      vertex   1.560950e-01  -1.306815e-01  -8.000000e-02
    endloop
  endfacet
  facet normal    0.000000e+00   0.000000e+00  -1.000000e+00
    outer loop
      vertex  -1.788808e-01  -1.886585e-01  -8.000000e-02
      vertex  -1.863941e-01  -1.305766e-01  -8.000000e-02
      vertex  -1.301048e-01  -1.634673e-01  -8.000000e-02
    endloop
  endfacet
  facet normal    0.000000e+00   0.000000e+00  -1.000000e+00
    outer loop
      vertex  -2.438336e-01  -1.009263e-01  -8.000000e-02
      vertex  -1.863941e-01  -1.305766e-01  -8.000000e-02
      vertex  -2.400235e-01  -1.766074e-01  -8.000000e-02
    endloop
  endfacet
  facet normal    0.000000e+00   0.000000e+00  -1.000000e+00
    outer loop
      vertex  -1.788808e-01  -1.886585e-01  -8.000000e-02
      vertex  -2.400235e-01  -1.766074e-01  -8.000000e-02
      vertex  -1.863941e-01  -1.305766e-01  -8.000000e-02
    endloop
  endfacet
  facet normal    0.000000e+00   0.000000e+00  -1.000000e+00
    outer loop
      vertex  -7.838815e-02  -1.880953e-01  -8.000000e-02
      vertex  -1.301048e-01  -1.634673e-01  -8.000000e-02
      vertex  -7.390628e-02  -1.299647e-01  -8.000000e-02
    endloop
  endfacet
  facet normal    0.000000e+00   0.000000e+00  -1.000000e+00
    outer loop
      vertex  -1.788808e-01  -1.886585e-01  -8.000000e-02
      vertex  -1.301048e-01  -1.634673e-01  -8.000000e-02
      vertex  -1.308530e-01  -2.325677e-01  -8.000000e-02
    endloop
  endfacet
  facet normal   -0.000000e+00   0.000000e+00  -1.000000e+00
    outer loop
      vertex  -7.838815e-02  -1.880953e-01  -8.000000e-02
      vertex  -1.308530e-01  -2.325677e-01  -8.000000e-02
      vertex  -1.301048e-01  -1.634673e-01  -8.000000e-02
    endloop
  endfacet
  facet normal    0.000000e+00   0.000000e+00  -1.000000e+00
    outer loop
      vertex  -1.692723e-02  -9.756798e-02  -8.000000e-02
      vertex  -2.075919e-02  -1.589614e-01  -8.000000e-02
      vertex  -7.390628e-02  -1.299647e-01  -8.000000e-02
    endloop
  endfacet
  facet normal    0.000000e+00   0.000000e+00  -1.000000e+00
    outer loop
      vertex  -7.838815e-02  -1.880953e-01  -8.000000e-02
      vertex  -7.390628e-02  -1.299647e-01  -8.000000e-02
      vertex  -2.075919e-02  -1.589614e-01  -8.000000e-02
    endloop
  endfacet
  facet normal    0.000000e+00  -0.000000e+00  -1.000000e+00
    outer loop
      vertex  -7.328564e-02  -6.557197e-02  -8.000000e-02
      vertex  -1.692723e-02  -9.756798e-02  -8.000000e-02
      vertex  -7.390628e-02  -1.299647e-01  -8.000000e-02
    endloop
  endfacet
  facet normal   -0.000000e+00   0.000000e+00  -1.000000e+00
    outer loop
      vertex   2.685628e-01  -6.662886e-02  -8.000000e-02
      vertex   2.096948e-01  -9.858635e-02  -8.000000e-02
      vertex   2.090250e-01  -3.584178e-02  -8.000000e-02
    endloop
  endfacet
  facet normal   -0.000000e+00   0.000000e+00  -1.000000e+00
    outer loop
      vertex   2.482716e-01  -1.313915e-01  -8.000000e-02
      vertex   2.068206e-01  -1.648404e-01  -8.000000e-02
      vertex   2.096948e-01  -9.858635e-02  -8.000000e-02
    endloop
  endfacet
  facet normal    0.000000e+00   0.000000e+00  -1.000000e+00
    outer loop
      vertex   2.482716e-01  -1.313915e-01  -8.000000e-02
      vertex   2.096948e-01  -9.858635e-02  -8.000000e-02
      vertex   2.685628e-01  -6.662886e-02  -8.000000e-02
    endloop
  endfacet
  facet normal    0.000000e+00  -0.000000e+00  -1.000000e+00
    outer loop
      vertex   2.532918e-01  -1.250729e-02  -8.000000e-02
      vertex   2.685628e-01  -6.662886e-02  -8.000000e-02
      vertex   2.090250e-01  -3.584178e-02  -8.000000e-02
    endloop
  endfacet
  facet normal    0.000000e+00  -0.000000e+00  -1.000000e+00
    outer loop
      vertex   1.986358e-01   1.807032e-02  -8.000000e-02
      vertex   2.090250e-01  -3.584178e-02  -8.000000e-02
      vertex   1.498642e-01  -6.601436e-03  -8.000000e-02
    endloop
  endfacet
  facet normal   -0.000000e+00   0.000000e+00  -1.000000e+00
    outer loop
      vertex   2.532918e-01  -1.250729e-02  -8.000000e-02
      vertex   2.090250e-01  -3.584178e-02  -8.000000e-02
      vertex   1.986358e-01   1.807032e-02  -8.000000e-02
    endloop
  endfacet
  facet normal    0.000000e+00   0.000000e+00  -1.000000e+00
    outer loop
      vertex   1.476463e-01  -1.922424e-01  -8.000000e-02
      vertex   2.068206e-01  -1.648404e-01  -8.000000e-02
      vertex   2.010739e-01  -2.352550e-01  -8.000000e-02
    endloop
  endfacet
  facet normal   -0.000000e+00   0.000000e+00  -1.000000e+00
    outer loop
      vertex   2.545243e-01  -1.908580e-01  -8.000000e-02
      vertex   2.010739e-01  -2.352550e-01  -8.000000e-02
      vertex   2.068206e-01  -1.648404e-01  -8.000000e-02
    endloop
  endfacet
  facet normal    0.000000e+00   0.000000e+00  -1.000000e+00
    outer loop
      vertex   2.545243e-01  -1.908580e-01  -8.000000e-02
      vertex   2.068206e-01  -1.648404e-01  -8.000000e-02
      vertex   2.482716e-01  -1.313915e-01  -8.000000e-02
    endloop
  endfacet
  facet normal   -0.000000e+00   0.000000e+00  -1.000000e+00
    outer loop
      vertex  -1.874226e-01   1.326474e-01  -8.000000e-02
      vertex  -2.448305e-01   9.955271e-02  -8.000000e-02
      vertex  -2.469267e-01   1.665988e-01  -8.000000e-02
    endloop
  endfacet
  facet normal    0.000000e+00   0.000000e+00  -1.000000e+00
    outer loop
      vertex  -1.873549e-01   6.655628e-02  -8.000000e-02
      vertex  -2.448305e-01   9.955271e-02  -8.000000e-02
      vertex  -1.874226e-01   1.326474e-01  -8.000000e-02
    endloop
  endfacet
  facet normal    0.000000e+00  -0.000000e+00  -1.000000e+00
    outer loop
      vertex  -1.911589e-01   1.999177e-01  -8.000000e-02
      vertex  -1.874226e-01   1.326474e-01  -8.000000e-02
      vertex  -2.469267e-01   1.665988e-01  -8.000000e-02
    endloop
  endfacet
  facet normal   -0.000000e+00   0.000000e+00  -1.000000e+00
    outer loop
      vertex  -1.302786e-01   1.664812e-01  -8.000000e-02
      vertex  -1.874226e-01   1.326474e-01  -8.000000e-02
      vertex  -1.911589e-01   1.999177e-01  -8.000000e-02
    endloop
  endfacet
  facet normal    0.000000e+00   0.000000e+00  -1.000000e+00
    outer loop
      vertex  -7.055791e-02   1.330742e-01  -8.000000e-02
      vertex  -1.302786e-01   1.664812e-01  -8.000000e-02
      vertex  -6.822315e-02   2.010859e-01  -8.000000e-02
    endloop
  endfacet
  facet normal   -0.000000e+00   0.000000e+00  -1.000000e+00
    outer loop
      vertex  -1.029743e-02   1.646232e-01  -8.000000e-02
      vertex  -7.055791e-02   1.330742e-01  -8.000000e-02
      vertex  -6.822315e-02   2.010859e-01  -8.000000e-02
    endloop
  endfacet
  facet normal    0.000000e+00   0.000000e+00  -1.000000e+00
    outer loop
      vertex   4.848779e-02   1.905089e-01  -8.000000e-02
      vertex   4.243169e-02   1.267574e-01  -8.000000e-02
      vertex  -1.029743e-02   1.646232e-01  -8.000000e-02
    endloop
  endfacet
  facet normal   -0.000000e+00   0.000000e+00  -1.000000e+00
    outer loop
      vertex   1.040528e-01   1.493263e-01  -8.000000e-02
      vertex   4.243169e-02   1.267574e-01  -8.000000e-02
      vertex   4.848779e-02   1.905089e-01  -8.000000e-02
    endloop
  endfacet
  facet normal    0.000000e+00   0.000000e+00  -1.000000e+00
    outer loop
      vertex   8.640741e-02   8.962800e-02  -8.000000e-02
      vertex   4.243169e-02   1.267574e-01  -8.000000e-02
      vertex   1.040528e-01   1.493263e-01  -8.000000e-02
    endloop
  endfacet
  facet normal   -0.000000e+00   0.000000e+00  -1.000000e+00
    outer loop
      vertex   8.640741e-02   8.962800e-02  -8.000000e-02
      vertex   3.844943e-02   6.278366e-02  -8.000000e-02
      vertex   4.243169e-02   1.267574e-01  -8.000000e-02
    endloop
  endfacet
  facet normal    0.000000e+00  -0.000000e+00  -1.000000e+00
    outer loop
      vertex   9.534758e-02   2.082873e-01  -8.000000e-02
      vertex   1.040528e-01   1.493263e-01  -8.000000e-02
      vertex   4.848779e-02   1.905089e-01  -8.000000e-02
    endloop
  endfacet
  facet normal   -0.000000e+00   0.000000e+00  -1.000000e+00
    outer loop
      vertex   9.534758e-02   2.082873e-01  -8.000000e-02
      vertex   4.848779e-02   1.905089e-01  -8.000000e-02
      vertex   6.545455e-02   2.495072e-01  -8.000000e-02
    endloop
  endfacet
  facet normal    0.000000e+00   0.000000e+00  -1.000000e+00
    outer loop
      vertex   1.369161e-01   9.959589e-02  -8.000000e-02
      vertex   1.040528e-01   1.493263e-01  -8.000000e-02
      vertex   1.775989e-01   1.391535e-01  -8.000000e-02
    endloop
  endfacet
  facet normal    0.000000e+00  -0.000000e+00  -1.000000e+00
    outer loop
      vertex   1.364218e-01   1.922483e-01  -8.000000e-02
      vertex   1.775989e-01   1.391535e-01  -8.000000e-02
      vertex   1.040528e-01   1.493263e-01  -8.000000e-02
    endloop
  endfacet
  facet normal    0.000000e+00   0.000000e+00  -1.000000e+00
    outer loop
      vertex   8.640741e-02   8.962800e-02  -8.000000e-02
      vertex   1.040528e-01   1.493263e-01  -8.000000e-02
      vertex   1.369161e-01   9.959589e-02  -8.000000e-02
    endloop
  endfacet
  facet normal    0.000000e+00   0.000000e+00  -1.000000e+00
    outer loop
      vertex   9.534758e-02   2.082873e-01  -8.000000e-02
      vertex   1.364218e-01   1.922483e-01  -8.000000e-02
      vertex   1.040528e-01   1.493263e-01  -8.000000e-02
    endloop
  endfacet
  facet normal    0.000000e+00   0.000000e+00  -1.000000e+00
    outer loop
      vertex   2.458042e-01   3.489229e-02  -8.000000e-02
      vertex   2.448980e-01   9.979947e-02  -8.000000e-02
      vertex   3.023061e-01   6.659547e-02  -8.000000e-02
    endloop
  endfacet
  facet normal    0.000000e+00   0.000000e+00  -1.000000e+00
    outer loop
      vertex   1.775989e-01   1.391535e-01  -8.000000e-02
      vertex   2.469851e-01   1.668008e-01  -8.000000e-02
      vertex   2.448980e-01   9.979947e-02  -8.000000e-02
    endloop
  endfacet
  facet normal    0.000000e+00   0.000000e+00  -1.000000e+00
    outer loop
      vertex   1.874815e-01   6.689388e-02  -8.000000e-02
      vertex   1.775989e-01   1.391535e-01  -8.000000e-02
      vertex   2.448980e-01   9.979947e-02  -8.000000e-02
    endloop
  endfacet
  facet normal    0.000000e+00   0.000000e+00  -1.000000e+00
    outer loop
      vertex   2.458042e-01   3.489229e-02  -8.000000e-02
      vertex   1.874815e-01   6.689388e-02  -8.000000e-02
      vertex   2.448980e-01   9.979947e-02  -8.000000e-02
    endloop
  endfacet
  facet normal    0.000000e+00  -0.000000e+00  -1.000000e+00
    outer loop
      vertex   1.873303e-01   1.990671e-01  -8.000000e-02
      vertex   2.469851e-01   1.668008e-01  -8.000000e-02
      vertex   1.775989e-01   1.391535e-01  -8.000000e-02
    endloop
  endfacet
  facet normal    0.000000e+00   0.000000e+00  -1.000000e+00
    outer loop
      vertex   1.369161e-01   9.959589e-02  -8.000000e-02
      vertex   1.775989e-01   1.391535e-01  -8.000000e-02
      vertex   1.874815e-01   6.689388e-02  -8.000000e-02
    endloop
  endfacet
  facet normal    0.000000e+00   0.000000e+00  -1.000000e+00
    outer loop
      vertex   1.364218e-01   1.922483e-01  -8.000000e-02
      vertex   1.873303e-01   1.990671e-01  -8.000000e-02
      vertex   1.775989e-01   1.391535e-01  -8.000000e-02
    endloop
  endfacet
  facet normal    0.000000e+00   0.000000e+00  -1.000000e+00
    outer loop
      vertex   1.986358e-01   1.807032e-02  -8.000000e-02
      vertex   1.874815e-01   6.689388e-02  -8.000000e-02
      vertex   2.458042e-01   3.489229e-02  -8.000000e-02
    endloop
  endfacet
  facet normal    0.000000e+00   0.000000e+00  -1.000000e+00
    outer loop
      vertex   1.427392e-01   4.878844e-02  -8.000000e-02
      vertex   1.369161e-01   9.959589e-02  -8.000000e-02
      vertex   1.874815e-01   6.689388e-02  -8.000000e-02
    endloop
  endfacet
  facet normal    0.000000e+00   0.000000e+00  -1.000000e+00
    outer loop
      vertex   1.986358e-01   1.807032e-02  -8.000000e-02
      vertex   1.427392e-01   4.878844e-02  -8.000000e-02
      vertex   1.874815e-01   6.689388e-02  -8.000000e-02
    endloop
  endfacet
  facet normal    0.000000e+00   0.000000e+00  -1.000000e+00
    outer loop
      vertex   9.402117e-02  -2.125548e-01  -8.000000e-02
      vertex   3.548587e-02  -1.962664e-01  -8.000000e-02
      vertex   9.836489e-02  -1.604295e-01  -8.000000e-02
    endloop
  endfacet
  facet normal    0.000000e+00   0.000000e+00  -1.000000e+00
    outer loop
      vertex   9.402117e-02  -2.125548e-01  -8.000000e-02
      vertex   9.836489e-02  -1.604295e-01  -8.000000e-02
      vertex   1.476463e-01  -1.922424e-01  -8.000000e-02
    endloop
  endfacet
  facet normal    0.000000e+00   0.000000e+00  -1.000000e+00
    outer loop
      vertex  -2.505816e-02  -2.082730e-01  -8.000000e-02
      vertex  -2.075919e-02  -1.589614e-01  -8.000000e-02
      vertex   3.548587e-02  -1.962664e-01  -8.000000e-02
    endloop
  endfacet
  facet normal    0.000000e+00   0.000000e+00  -1.000000e+00
    outer loop
      vertex   6.513505e-02  -2.515207e-01  -8.000000e-02
      vertex   8.922983e-04  -2.506098e-01  -8.000000e-02
      vertex   3.548587e-02  -1.962664e-01  -8.000000e-02
    endloop
  endfacet
  facet normal    0.000000e+00   0.000000e+00  -1.000000e+00
    outer loop
      vertex  -2.505816e-02  -2.082730e-01  -8.000000e-02
      vertex   3.548587e-02  -1.962664e-01  -8.000000e-02
      vertex   8.922983e-04  -2.506098e-01  -8.000000e-02
    endloop
  endfacet
  facet normal   -0.000000e+00   0.000000e+00  -1.000000e+00
    outer loop
      vertex   9.402117e-02  -2.125548e-01  -8.000000e-02
      vertex   6.513505e-02  -2.515207e-01  -8.000000e-02
      vertex   3.548587e-02  -1.962664e-01  -8.000000e-02
    endloop
  endfacet
  facet normal    0.000000e+00   0.000000e+00  -1.000000e+00
    outer loop
      vertex  -2.505816e-02  -2.082730e-01  -8.000000e-02
      vertex  -7.838815e-02  -1.880953e-01  -8.000000e-02
      vertex  -2.075919e-02  -1.589614e-01  -8.000000e-02
    endloop
  endfacet
  facet normal    0.000000e+00   0.000000e+00  -1.000000e+00
    outer loop
      vertex  -2.622403e-01  -2.447279e-01  -8.000000e-02
      vertex  -3.050751e-01  -1.995001e-01  -8.000000e-02
      vertex  -2.400235e-01  -1.766074e-01  -8.000000e-02
    endloop
  endfacet
  facet normal    0.000000e+00   0.000000e+00  -1.000000e+00
    outer loop
      vertex  -3.113122e-01  -2.509964e-01  -8.000000e-02
      vertex  -3.050751e-01  -1.995001e-01  -8.000000e-02
      vertex  -2.622403e-01  -2.447279e-01  -8.000000e-02
    endloop
  endfacet
  facet normal    0.000000e+00   0.000000e+00  -1.000000e+00
    outer loop
      vertex   2.532918e-01  -1.250729e-02  -8.000000e-02
      vertex   1.986358e-01   1.807032e-02  -8.000000e-02
      vertex   2.458042e-01   3.489229e-02  -8.000000e-02
    endloop
  endfacet
  facet normal   -0.000000e+00   0.000000e+00  -1.000000e+00
    outer loop
      vertex   1.986358e-01   1.807032e-02  -8.000000e-02
      vertex   1.498642e-01  -6.601436e-03  -8.000000e-02
      vertex   1.427392e-01   4.878844e-02  -8.000000e-02
    endloop
  endfacet
  facet normal    0.000000e+00   0.000000e+00  -1.000000e+00
    outer loop
      vertex   1.427392e-01   4.878844e-02  -8.000000e-02
      vertex   8.640741e-02   8.962800e-02  -8.000000e-02
      vertex   1.369161e-01   9.959589e-02  -8.000000e-02
    endloop
  endfacet
  facet normal    0.000000e+00   0.000000e+00   1.000000e+00
    outer loop
      vertex  -3.600000e-01  -2.333333e-01   1.200000e-01
      vertex  -3.600000e-01  -3.000000e-01   1.200000e-01
      vertex  -3.113122e-01  -2.509964e-01   1.200000e-01
    endloop
  endfacet
  facet normal    0.000000e+00   0.000000e+00   1.000000e+00
    outer loop
      vertex  -3.600000e-01  -3.000000e-01   1.200000e-01
      vertex  -2.945455e-01  -3.000000e-01   1.200000e-01
      vertex  -3.113122e-01  -2.509964e-01   1.200000e-01
    endloop
  endfacet
  facet normal    0.000000e+00   0.000000e+00   1.000000e+00
    outer loop
      vertex  -3.600000e-01   3.000000e-01   1.200000e-01
      vertex  -3.600000e-01   2.333333e-01   1.200000e-01
      vertex  -3.122955e-01   2.519618e-01   1.200000e-01
    endloop
  endfacet
  facet normal    0.000000e+00   0.000000e+00   1.000000e+00
    outer loop
      vertex  -2.945455e-01   3.000000e-01   1.200000e-01
      vertex  -3.600000e-01   3.000000e-01   1.200000e-01
      vertex  -3.122955e-01   2.519618e-01   1.200000e-01
    endloop
  endfacet
  facet normal    0.000000e+00  -0.000000e+00   1.000000e+00
    outer loop
      vertex   3.600000e-01  -3.000000e-01   1.200000e-01
      vertex   3.600000e-01  -2.333333e-01   1.200000e-01
      vertex   3.122955e-01  -2.519618e-01   1.200000e-01
    endloop
  endfacet
  facet normal    0.000000e+00   0.000000e+00   1.000000e+00
    outer loop
      vertex   2.945455e-01  -3.000000e-01   1.200000e-01
      vertex   3.600000e-01  -3.000000e-01   1.200000e-01
      vertex   3.122955e-01  -2.519618e-01   1.200000e-01
    endloop
  endfacet
  facet normal    0.000000e+00  -0.000000e+00   1.000000e+00
    outer loop
      vertex   3.600000e-01   2.333333e-01   1.200000e-01
      vertex   3.600000e-01   3.000000e-01   1.200000e-01
      vertex   3.122955e-01   2.519618e-01   1.200000e-01
    endloop
  endfacet
  facet normal    0.000000e+00   0.000000e+00   1.000000e+00
    outer loop
      vertex   3.600000e-01   3.000000e-01   1.200000e-01
      vertex   2.945455e-01   3.000000e-01   1.200000e-01
      vertex   3.122955e-01   2.519618e-01   1.200000e-01
    endloop
  endfacet
  facet normal    0.000000e+00   0.000000e+00   1.000000e+00
    outer loop
      vertex  -3.600000e-01  -1.666667e-01   1.200000e-01
      vertex  -3.600000e-01  -2.333333e-01   1.200000e-01
      vertex  -3.050751e-01  -1.995001e-01   1.200000e-01
    endloop
  endfacet
  facet normal    0.000000e+00   0.000000e+00   1.000000e+00
    outer loop
      vertex  -3.050751e-01  -1.995001e-01   1.200000e-01
      vertex  -3.600000e-01  -2.333333e-01   1.200000e-01
      vertex  -3.113122e-01  -2.509964e-01   1.200000e-01
    endloop
  endfacet
  facet normal    0.000000e+00   0.000000e+00   1.000000e+00
    outer loop
      vertex  -3.600000e-01  -1.000000e-01   1.200000e-01
      vertex  -3.600000e-01  -1.666667e-01   1.200000e-01
      vertex  -3.022548e-01  -1.331202e-01   1.200000e-01
    endloop
  endfacet
  facet normal    0.000000e+00   0.000000e+00   1.000000e+00
    outer loop
      vertex  -3.022548e-01  -1.331202e-01   1.200000e-01
      vertex  -3.600000e-01  -1.666667e-01   1.200000e-01
      vertex  -3.050751e-01  -1.995001e-01   1.200000e-01
    endloop
  endfacet
  facet normal    0.000000e+00   0.000000e+00   1.000000e+00
    outer loop
      vertex  -3.600000e-01  -3.333333e-02   1.200000e-01
      vertex  -3.600000e-01  -1.000000e-01   1.200000e-01
      vertex  -3.022849e-01  -6.639515e-02   1.200000e-01
    endloop
  endfacet
  facet normal   -0.000000e+00   0.000000e+00   1.000000e+00
    outer loop
      vertex  -3.600000e-01  -1.000000e-01   1.200000e-01
      vertex  -3.022548e-01  -1.331202e-01   1.200000e-01
      vertex  -3.022849e-01  -6.639515e-02   1.200000e-01
    endloop
  endfacet
  facet normal    0.000000e+00   0.000000e+00   1.000000e+00
    outer loop
      vertex  -3.600000e-01   3.333333e-02   1.200000e-01
      vertex  -3.600000e-01  -3.333333e-02   1.200000e-01
      vertex  -3.023076e-01   9.079020e-05   1.200000e-01
    endloop
  endfacet
  facet normal    0.000000e+00   0.000000e+00   1.000000e+00
    outer loop
      vertex  -3.023076e-01   9.079020e-05   1.200000e-01
      vertex  -3.600000e-01  -3.333333e-02   1.200000e-01
      vertex  -3.022849e-01  -6.639515e-02   1.200000e-01
    endloop
  endfacet
  facet normal    0.000000e+00   0.000000e+00   1.000000e+00
    outer loop
      vertex  -3.600000e-01   1.000000e-01   1.200000e-01
      vertex  -3.600000e-01   3.333333e-02   1.200000e-01
      vertex  -3.024210e-01   6.650703e-02   1.200000e-01
    endloop
  endfacet
  facet normal   -0.000000e+00   0.000000e+00   1.000000e+00
    outer loop
      vertex  -3.600000e-01   3.333333e-02   1.200000e-01
      vertex  -3.023076e-01   9.079020e-05   1.200000e-01
      vertex  -3.024210e-01   6.650703e-02   1.200000e-01
    endloop
  endfacet
  facet normal    0.000000e+00   0.000000e+00   1.000000e+00
    outer loop
      vertex  -3.600000e-01   1.666667e-01   1.200000e-01
      vertex  -3.600000e-01   1.000000e-01   1.200000e-01
      vertex  -3.026548e-01   1.325864e-01   1.200000e-01
    endloop
  endfacet
  facet normal    0.000000e+00   0.000000e+00   1.000000e+00
    outer loop
      vertex  -3.026548e-01   1.325864e-01   1.200000e-01
      vertex  -3.600000e-01   1.000000e-01   1.200000e-01
      vertex  -3.024210e-01   6.650703e-02   1.200000e-01
    endloop
  endfacet
  facet normal    0.000000e+00   0.000000e+00   1.000000e+00
    outer loop
      vertex  -3.600000e-01   2.333333e-01   1.200000e-01
      vertex  -3.600000e-01   1.666667e-01   1.200000e-01
      vertex  -3.061858e-01   1.984674e-01   1.200000e-01
    endloop
  endfacet
  facet normal   -0.000000e+00   0.000000e+00   1.000000e+00
    outer loop
      vertex  -3.600000e-01   1.666667e-01   1.200000e-01
      vertex  -3.026548e-01   1.325864e-01   1.200000e-01
      vertex  -3.061858e-01   1.984674e-01   1.200000e-01
    endloop
  endfacet
  facet normal   -0.000000e+00   0.000000e+00   1.000000e+00
    outer loop
      vertex  -3.600000e-01   2.333333e-01   1.200000e-01
      vertex  -3.061858e-01   1.984674e-01   1.200000e-01
      vertex  -3.122955e-01   2.519618e-01   1.200000e-01
    endloop
  endfacet
  facet normal    0.000000e+00  -0.000000e+00   1.000000e+00
    outer loop
      vertex   3.600000e-01  -2.333333e-01   1.200000e-01
      vertex   3.600000e-01  -1.666667e-01   1.200000e-01
      vertex   3.089457e-01  -2.044037e-01   1.200000e-01
    endloop
  endfacet
  facet normal    0.000000e+00   0.000000e+00   1.000000e+00
    outer loop
      vertex   3.600000e-01  -2.333333e-01   1.200000e-01
      vertex   3.089457e-01  -2.044037e-01   1.200000e-01
      vertex   3.122955e-01  -2.519618e-01   1.200000e-01
    endloop
  endfacet
  facet normal    0.000000e+00  -0.000000e+00   1.000000e+00
    outer loop
      vertex   3.600000e-01  -1.666667e-01   1.200000e-01
      vertex   3.600000e-01  -1.000000e-01   1.200000e-01
      vertex   3.022650e-01  -1.333333e-01   1.200000e-01
    endloop
  endfacet
  facet normal    0.000000e+00   0.000000e+00   1.000000e+00
    outer loop
      vertex   3.600000e-01  -1.666667e-01   1.200000e-01
      vertex   3.022650e-01  -1.333333e-01   1.200000e-01
      vertex   3.089457e-01  -2.044037e-01   1.200000e-01
    endloop
  endfacet
  facet normal    0.000000e+00  -0.000000e+00   1.000000e+00
    outer loop
      vertex   3.600000e-01  -1.000000e-01   1.200000e-01
      vertex   3.600000e-01  -3.333333e-02   1.200000e-01
      vertex   3.211521e-01  -6.666667e-02   1.200000e-01
    endloop
  endfacet
  facet normal    0.000000e+00   0.000000e+00   1.000000e+00
    outer loop
      vertex   3.022650e-01  -1.333333e-01   1.200000e-01
      vertex   3.600000e-01  -1.000000e-01   1.200000e-01
      vertex   3.211521e-01  -6.666667e-02   1.200000e-01
    endloop
  endfacet
  facet normal    0.000000e+00  -0.000000e+00   1.000000e+00
    outer loop
      vertex   3.600000e-01  -3.333333e-02   1.200000e-01
      vertex   3.600000e-01   3.333333e-02   1.200000e-01
      vertex   3.021274e-01  -4.651157e-03   1.200000e-01
    endloop
  endfacet
  facet normal    0.000000e+00   0.000000e+00   1.000000e+00
    outer loop
      vertex   3.600000e-01  -3.333333e-02   1.200000e-01
      vertex   3.021274e-01  -4.651157e-03   1.200000e-01
      vertex   3.211521e-01  -6.666667e-02   1.200000e-01
    endloop
  endfacet
  facet normal    0.000000e+00  -0.000000e+00   1.000000e+00
    outer loop
      vertex   3.600000e-01   3.333333e-02   1.200000e-01
      vertex   3.600000e-01   1.000000e-01   1.200000e-01
      vertex   3.023061e-01   6.659547e-02   1.200000e-01
    endloop
  endfacet
  facet normal    0.000000e+00   0.000000e+00   1.000000e+00
    outer loop
      vertex   3.021274e-01  -4.651157e-03   1.200000e-01
      vertex   3.600000e-01   3.333333e-02   1.200000e-01
      vertex   3.023061e-01   6.659547e-02   1.200000e-01
    endloop
  endfacet
  facet normal    0.000000e+00  -0.000000e+00   1.000000e+00
    outer loop
      vertex   3.600000e-01   1.000000e-01   1.200000e-01
      vertex   3.600000e-01   1.666667e-01   1.200000e-01
      vertex   3.026706e-01   1.326638e-01   1.200000e-01
    endloop
  endfacet
  facet normal    0.000000e+00   0.000000e+00   1.000000e+00
    outer loop
      vertex   3.600000e-01   1.000000e-01   1.200000e-01
      vertex   3.026706e-01   1.326638e-01   1.200000e-01
      vertex   3.023061e-01   6.659547e-02   1.200000e-01
    endloop
  endfacet
  facet normal    0.000000e+00  -0.000000e+00   1.000000e+00
    outer loop
      vertex   3.600000e-01   1.666667e-01   1.200000e-01
      vertex   3.600000e-01   2.333333e-01   1.200000e-01
      vertex   3.062039e-01   1.985292e-01   1.200000e-01
    endloop
  endfacet
  facet normal    0.000000e+00   0.000000e+00   1.000000e+00
    outer loop
      vertex   3.026706e-01   1.326638e-01   1.200000e-01
      vertex   3.600000e-01   1.666667e-01   1.200000e-01
      vertex   3.062039e-01   1.985292e-01   1.200000e-01
    endloop
  endfacet
  facet normal    0.000000e+00   0.000000e+00   1.000000e+00
    outer loop
      vertex   3.062039e-01   1.985292e-01   1.200000e-01
      vertex   3.600000e-01   2.333333e-01   1.200000e-01
      vertex   3.122955e-01   2.519618e-01   1.200000e-01
    endloop
  endfacet
  facet normal    0.000000e+00   0.000000e+00   1.000000e+00
    outer loop
      vertex  -2.945455e-01  -3.000000e-01   1.200000e-01
      vertex  -2.290909e-01  -3.000000e-01   1.200000e-01
      vertex  -2.622403e-01  -2.447279e-01   1.200000e-01
    endloop
  endfacet
  facet normal    0.000000e+00  -0.000000e+00   1.000000e+00
    outer loop
      vertex  -2.945455e-01  -3.000000e-01   1.200000e-01
      vertex  -2.622403e-01  -2.447279e-01   1.200000e-01
      vertex  -3.113122e-01  -2.509964e-01   1.200000e-01
    endloop
  endfacet
  facet normal    0.000000e+00   0.000000e+00   1.000000e+00
    outer loop
      vertex  -2.290909e-01  -3.000000e-01   1.200000e-01
      vertex  -1.636364e-01  -3.000000e-01   1.200000e-01
      vertex  -2.014861e-01  -2.405683e-01   1.200000e-01
    endloop
  endfacet
  facet normal    0.000000e+00  -0.000000e+00   1.000000e+00
    outer loop
      vertex  -2.290909e-01  -3.000000e-01   1.200000e-01
      vertex  -2.014861e-01  -2.405683e-01   1.200000e-01
      vertex  -2.622403e-01  -2.447279e-01   1.200000e-01
    endloop
  endfacet
  facet normal    0.000000e+00   0.000000e+00   1.000000e+00
    outer loop
      vertex  -1.636364e-01  -3.000000e-01   1.200000e-01
      vertex  -9.818182e-02  -3.000000e-01   1.200000e-01
      vertex  -1.308530e-01  -2.325677e-01   1.200000e-01
    endloop
  endfacet
  facet normal   -0.000000e+00   0.000000e+00   1.000000e+00
    outer loop
      vertex  -2.014861e-01  -2.405683e-01   1.200000e-01
      vertex  -1.636364e-01  -3.000000e-01   1.200000e-01
      vertex  -1.308530e-01  -2.325677e-01   1.200000e-01
    endloop
  endfacet
  facet normal    0.000000e+00   0.000000e+00   1.000000e+00
    outer loop
      vertex  -9.818182e-02  -3.000000e-01   1.200000e-01
      vertex  -3.272727e-02  -3.000000e-01   1.200000e-01
      vertex  -6.252162e-02  -2.474320e-01   1.200000e-01
    endloop
  endfacet
  facet normal    0.000000e+00  -0.000000e+00   1.000000e+00
    outer loop
      vertex  -9.818182e-02  -3.000000e-01   1.200000e-01
      vertex  -6.252162e-02  -2.474320e-01   1.200000e-01
      vertex  -1.308530e-01  -2.325677e-01   1.200000e-01
    endloop
  endfacet
  facet normal    0.000000e+00   0.000000e+00   1.000000e+00
    outer loop
      vertex  -3.272727e-02  -3.000000e-01   1.200000e-01
      vertex   3.272727e-02  -3.000000e-01   1.200000e-01
      vertex   8.922983e-04  -2.506098e-01   1.200000e-01
    endloop
  endfacet
  facet normal    0.000000e+00   0.000000e+00   1.000000e+00
    outer loop
      vertex  -6.252162e-02  -2.474320e-01   1.200000e-01
      vertex  -3.272727e-02  -3.000000e-01   1.200000e-01
      vertex   8.922983e-04  -2.506098e-01   1.200000e-01
    endloop
  endfacet
  facet normal    0.000000e+00   0.000000e+00   1.000000e+00
    outer loop
      vertex   3.272727e-02  -3.000000e-01   1.200000e-01
      vertex   9.818182e-02  -3.000000e-01   1.200000e-01
      vertex   6.513505e-02  -2.515207e-01   1.200000e-01
    endloop
  endfacet
  facet normal    0.000000e+00   0.000000e+00   1.000000e+00
    outer loop
      vertex   8.922983e-04  -2.506098e-01   1.200000e-01
      vertex   3.272727e-02  -3.000000e-01   1.200000e-01
      vertex   6.513505e-02  -2.515207e-01   1.200000e-01
    endloop
  endfacet
  facet normal    0.000000e+00   0.000000e+00   1.000000e+00
    outer loop
      vertex   9.818182e-02  -3.000000e-01   1.200000e-01
      vertex   1.636364e-01  -3.000000e-01   1.200000e-01
      vertex   1.295019e-01  -2.496933e-01   1.200000e-01
    endloop
  endfacet
  facet normal    0.000000e+00  -0.000000e+00   1.000000e+00
    outer loop
      vertex   9.818182e-02  -3.000000e-01   1.200000e-01
      vertex   1.295019e-01  -2.496933e-01   1.200000e-01
      vertex   6.513505e-02  -2.515207e-01   1.200000e-01
    endloop
  endfacet
  facet normal    0.000000e+00   0.000000e+00   1.000000e+00
    outer loop
      vertex   1.636364e-01  -3.000000e-01   1.200000e-01
      vertex   2.290909e-01  -3.000000e-01   1.200000e-01
      vertex   2.010739e-01  -2.352550e-01   1.200000e-01
    endloop
  endfacet
  facet normal   -0.000000e+00   0.000000e+00   1.000000e+00
    outer loop
      vertex   1.295019e-01  -2.496933e-01   1.200000e-01
      vertex   1.636364e-01  -3.000000e-01   1.200000e-01
      vertex   2.010739e-01  -2.352550e-01   1.200000e-01
    endloop
  endfacet
  facet normal    0.000000e+00   0.000000e+00   1.000000e+00
    outer loop
      vertex   2.290909e-01  -3.000000e-01   1.200000e-01
      vertex   2.945455e-01  -3.000000e-01   1.200000e-01
      vertex   2.650990e-01  -2.475582e-01   1.200000e-01
    endloop
  endfacet
  facet normal    0.000000e+00  -0.000000e+00   1.000000e+00
    outer loop
      vertex   2.290909e-01  -3.000000e-01   1.200000e-01
      vertex   2.650990e-01  -2.475582e-01   1.200000e-01
      vertex   2.010739e-01  -2.352550e-01   1.200000e-01
    endloop
  endfacet
  facet normal    0.000000e+00   0.000000e+00   1.000000e+00
    outer loop
      vertex   2.650990e-01  -2.475582e-01   1.200000e-01
      vertex   2.945455e-01  -3.000000e-01   1.200000e-01
      vertex   3.122955e-01  -2.519618e-01   1.200000e-01
    endloop
  endfacet
  facet normal    0.000000e+00   0.000000e+00   1.000000e+00
    outer loop
      vertex  -2.290909e-01   3.000000e-01   1.200000e-01
      vertex  -2.945455e-01   3.000000e-01   1.200000e-01
      vertex  -2.552378e-01   2.396577e-01   1.200000e-01
    endloop
  endfacet
  facet normal    0.000000e+00   0.000000e+00   1.000000e+00
    outer loop
      vertex  -2.552378e-01   2.396577e-01   1.200000e-01
      vertex  -2.945455e-01   3.000000e-01   1.200000e-01
      vertex  -3.122955e-01   2.519618e-01   1.200000e-01
    endloop
  endfacet
  facet normal    0.000000e+00   0.000000e+00   1.000000e+00
    outer loop
      vertex  -1.636364e-01   3.000000e-01   1.200000e-01
      vertex  -2.290909e-01   3.000000e-01   1.200000e-01
      vertex  -1.939740e-01   2.561195e-01   1.200000e-01
    endloop
  endfacet
  facet normal    0.000000e+00   0.000000e+00   1.000000e+00
    outer loop
      vertex  -2.290909e-01   3.000000e-01   1.200000e-01
      vertex  -2.552378e-01   2.396577e-01   1.200000e-01
      vertex  -1.939740e-01   2.561195e-01   1.200000e-01
    endloop
  endfacet
  facet normal    0.000000e+00   0.000000e+00   1.000000e+00
    outer loop
      vertex  -9.818182e-02   3.000000e-01   1.200000e-01
      vertex  -1.636364e-01   3.000000e-01   1.200000e-01
      vertex  -1.307460e-01   2.410222e-01   1.200000e-01
    endloop
  endfacet
  facet normal    0.000000e+00   0.000000e+00   1.000000e+00
    outer loop
      vertex  -1.307460e-01   2.410222e-01   1.200000e-01
      vertex  -1.636364e-01   3.000000e-01   1.200000e-01
      vertex  -1.939740e-01   2.561195e-01   1.200000e-01
    endloop
  endfacet
  facet normal    0.000000e+00   0.000000e+00   1.000000e+00
    outer loop
      vertex  -3.272727e-02   3.000000e-01   1.200000e-01
      vertex  -9.818182e-02   3.000000e-01   1.200000e-01
      vertex  -6.545455e-02   2.576817e-01   1.200000e-01
    endloop
  endfacet
  facet normal    0.000000e+00   0.000000e+00   1.000000e+00
    outer loop
      vertex  -9.818182e-02   3.000000e-01   1.200000e-01
      vertex  -1.307460e-01   2.410222e-01   1.200000e-01
      vertex  -6.545455e-02   2.576817e-01   1.200000e-01
    endloop
  endfacet
  facet normal    0.000000e+00   0.000000e+00   1.000000e+00
    outer loop
      vertex   3.272727e-02   3.000000e-01   1.200000e-01
      vertex  -3.272727e-02   3.000000e-01   1.200000e-01
      vertex  -4.482481e-03   2.382353e-01   1.200000e-01
    endloop
  endfacet
  facet normal    0.000000e+00   0.000000e+00   1.000000e+00
    outer loop
      vertex  -4.482481e-03   2.382353e-01   1.200000e-01
      vertex  -3.272727e-02   3.000000e-01   1.200000e-01
      vertex  -6.545455e-02   2.576817e-01   1.200000e-01
    endloop
  endfacet
  facet normal    0.000000e+00   0.000000e+00   1.000000e+00
    outer loop
      vertex   9.818182e-02   3.000000e-01   1.200000e-01
      vertex   3.272727e-02   3.000000e-01   1.200000e-01
      vertex   6.545455e-02   2.495072e-01   1.200000e-01
    endloop
  endfacet
  facet normal    0.000000e+00   0.000000e+00   1.000000e+00
    outer loop
      vertex   3.272727e-02   3.000000e-01   1.200000e-01
      vertex  -4.482481e-03   2.382353e-01   1.200000e-01
      vertex   6.545455e-02   2.495072e-01   1.200000e-01
    endloop
  endfacet
  facet normal    0.000000e+00   0.000000e+00   1.000000e+00
    outer loop
      vertex   1.636364e-01   3.000000e-01   1.200000e-01
      vertex   9.818182e-02   3.000000e-01   1.200000e-01
      vertex   1.309091e-01   2.433147e-01   1.200000e-01
    endloop
  endfacet
  facet normal    0.000000e+00   0.000000e+00   1.000000e+00
    outer loop
      vertex   1.309091e-01   2.433147e-01   1.200000e-01
      vertex   9.818182e-02   3.000000e-01   1.200000e-01
      vertex   6.545455e-02   2.495072e-01   1.200000e-01
    endloop
  endfacet
  facet normal    0.000000e+00   0.000000e+00   1.000000e+00
    outer loop
      vertex   2.290909e-01   3.000000e-01   1.200000e-01
      vertex   1.636364e-01   3.000000e-01   1.200000e-01
      vertex   1.932478e-01   2.564261e-01   1.200000e-01
    endloop
  endfacet
  facet normal    0.000000e+00   0.000000e+00   1.000000e+00
    outer loop
      vertex   1.636364e-01   3.000000e-01   1.200000e-01
      vertex   1.309091e-01   2.433147e-01   1.200000e-01
      vertex   1.932478e-01   2.564261e-01   1.200000e-01
    endloop
  endfacet
  facet normal    0.000000e+00   0.000000e+00   1.000000e+00
    outer loop
      vertex   2.945455e-01   3.000000e-01   1.200000e-01
      vertex   2.290909e-01   3.000000e-01   1.200000e-01
      vertex   2.552722e-01   2.397487e-01   1.200000e-01
    endloop
  endfacet
  facet normal    0.000000e+00   0.000000e+00   1.000000e+00
    outer loop
      vertex   2.552722e-01   2.397487e-01   1.200000e-01
      vertex   2.290909e-01   3.000000e-01   1.200000e-01
      vertex   1.932478e-01   2.564261e-01   1.200000e-01
    endloop
  endfacet
  facet normal    0.000000e+00   0.000000e+00   1.000000e+00
    outer loop
      vertex   2.945455e-01   3.000000e-01   1.200000e-01
      vertex   2.552722e-01   2.397487e-01   1.200000e-01
      vertex   3.122955e-01   2.519618e-01   1.200000e-01
    endloop
  endfacet
  facet normal    0.000000e+00   0.000000e+00   1.000000e+00
    outer loop
      vertex  -4.482481e-03   2.382353e-01   1.200000e-01
      vertex  -6.822315e-02   2.010859e-01   1.200000e-01
      vertex  -1.029743e-02   1.646232e-01   1.200000e-01
    endloop
  endfacet
  facet normal    0.000000e+00   0.000000e+00   1.000000e+00
    outer loop
      vertex  -6.822315e-02   2.010859e-01   1.200000e-01
      vertex  -4.482481e-03   2.382353e-01   1.200000e-01
      vertex  -6.545455e-02   2.576817e-01   1.200000e-01
    endloop
  endfacet
  facet normal    0.000000e+00   0.000000e+00   1.000000e+00
    outer loop
      vertex  -4.482481e-03   2.382353e-01   1.200000e-01
      vertex  -1.029743e-02   1.646232e-01   1.200000e-01
      vertex   4.848779e-02   1.905089e-01   1.200000e-01
    endloop
  endfacet
  facet normal   -0.000000e+00   0.000000e+00   1.000000e+00
    outer loop
      vertex  -4.482481e-03   2.382353e-01   1.200000e-01
      vertex   4.848779e-02   1.905089e-01   1.200000e-01
      vertex   6.545455e-02   2.495072e-01   1.200000e-01
    endloop
  endfacet
  facet normal   -0.000000e+00   0.000000e+00   1.000000e+00
    outer loop
      vertex  -1.308530e-01  -2.325677e-01   1.200000e-01
      vertex  -6.252162e-02  -2.474320e-01   1.200000e-01
      vertex  -7.838815e-02  -1.880953e-01   1.200000e-01
    endloop
  endfacet
  facet normal   -0.000000e+00   0.000000e+00   1.000000e+00
    outer loop
      vertex  -6.252162e-02  -2.474320e-01   1.200000e-01
      vertex   8.922983e-04  -2.506098e-01   1.200000e-01
      vertex  -2.505816e-02  -2.082730e-01   1.200000e-01
    endloop
  endfacet
  facet normal    0.000000e+00   0.000000e+00   1.000000e+00
    outer loop
      vertex  -7.838815e-02  -1.880953e-01   1.200000e-01
      vertex  -6.252162e-02  -2.474320e-01   1.200000e-01
      vertex  -2.505816e-02  -2.082730e-01   1.200000e-01
    endloop
  endfacet
  facet normal    0.000000e+00   0.000000e+00   1.000000e+00
    outer loop
      vertex   3.021274e-01  -4.651157e-03   1.200000e-01
      vertex   2.685628e-01  -6.662886e-02   1.200000e-01
      vertex   3.211521e-01  -6.666667e-02   1.200000e-01
    endloop
  endfacet
  facet normal    0.000000e+00  -0.000000e+00   1.000000e+00
    outer loop
      vertex   2.685628e-01  -6.662886e-02   1.200000e-01
      vertex   3.021274e-01  -4.651157e-03   1.200000e-01
      vertex   2.532918e-01  -1.250729e-02   1.200000e-01
    endloop
  endfacet
  facet normal    0.000000e+00  -0.000000e+00   1.000000e+00
    outer loop
      vertex   3.021274e-01  -4.651157e-03   1.200000e-01
      vertex   3.023061e-01   6.659547e-02   1.200000e-01
      vertex   2.458042e-01   3.489229e-02   1.200000e-01
    endloop
  endfacet
  facet normal    0.000000e+00   0.000000e+00   1.000000e+00
    outer loop
      vertex   3.021274e-01  -4.651157e-03   1.200000e-01
      vertex   2.458042e-01   3.489229e-02   1.200000e-01
      vertex   2.532918e-01  -1.250729e-02   1.200000e-01
    endloop
  endfacet
  facet normal    0.000000e+00   0.000000e+00   1.000000e+00
    outer loop
      vertex  -3.024210e-01   6.650703e-02   1.200000e-01
      vertex  -3.023076e-01   9.079020e-05   1.200000e-01
      vertex  -2.447611e-01   3.333324e-02   1.200000e-01
    endloop
  endfacet
  facet normal    0.000000e+00   0.000000e+00   1.000000e+00
    outer loop
      vertex  -2.447611e-01   3.333324e-02   1.200000e-01
      vertex  -3.023076e-01   9.079020e-05   1.200000e-01
      vertex  -2.447134e-01  -3.295029e-02   1.200000e-01
    endloop
  endfacet
  facet normal    0.000000e+00   0.000000e+00   1.000000e+00
    outer loop
      vertex  -2.447134e-01  -3.295029e-02   1.200000e-01
      vertex  -3.023076e-01   9.079020e-05   1.200000e-01
      vertex  -3.022849e-01  -6.639515e-02   1.200000e-01
    endloop
  endfacet
  facet normal    0.000000e+00   0.000000e+00   1.000000e+00
    outer loop
      vertex   1.295019e-01  -2.496933e-01   1.200000e-01
      vertex   2.010739e-01  -2.352550e-01   1.200000e-01
      vertex   1.476463e-01  -1.922424e-01   1.200000e-01
    endloop
  endfacet
  facet normal    0.000000e+00  -0.000000e+00   1.000000e+00
    outer loop
      vertex   1.295019e-01  -2.496933e-01   1.200000e-01
      vertex   1.476463e-01  -1.922424e-01   1.200000e-01
      vertex   9.402117e-02  -2.125548e-01   1.200000e-01
    endloop
  endfacet
  facet normal    0.000000e+00   0.000000e+00   1.000000e+00
    outer loop
      vertex   6.513505e-02  -2.515207e-01   1.200000e-01
      vertex   1.295019e-01  -2.496933e-01   1.200000e-01
      vertex   9.402117e-02  -2.125548e-01   1.200000e-01
    endloop
  endfacet
  facet normal   -0.000000e+00   0.000000e+00   1.000000e+00
    outer loop
      vertex   1.309091e-01   2.433147e-01   1.200000e-01
      vertex   1.873303e-01   1.990671e-01   1.200000e-01
      vertex   1.932478e-01   2.564261e-01   1.200000e-01
    endloop
  endfacet
  facet normal    0.000000e+00   0.000000e+00   1.000000e+00
    outer loop
      vertex   1.873303e-01   1.990671e-01   1.200000e-01
      vertex   1.309091e-01   2.433147e-01   1.200000e-01
      vertex   1.364218e-01   1.922483e-01   1.200000e-01
    endloop
  endfacet
  facet normal    0.000000e+00   0.000000e+00   1.000000e+00
    outer loop
      vertex   1.309091e-01   2.433147e-01   1.200000e-01
      vertex   6.545455e-02   2.495072e-01   1.200000e-01
      vertex   9.534758e-02   2.082873e-01   1.200000e-01
    endloop
  endfacet
  facet normal    0.000000e+00   0.000000e+00   1.000000e+00
    outer loop
      vertex   1.364218e-01   1.922483e-01   1.200000e-01
      vertex   1.309091e-01   2.433147e-01   1.200000e-01
      vertex   9.534758e-02   2.082873e-01   1.200000e-01
    endloop
  endfacet
  facet normal    0.000000e+00   0.000000e+00   1.000000e+00
    outer loop
      vertex  -1.307460e-01   2.410222e-01   1.200000e-01
      vertex  -1.911589e-01   1.999177e-01   1.200000e-01
      vertex  -1.302786e-01   1.664812e-01   1.200000e-01
    endloop
  endfacet
  facet normal    0.000000e+00  -0.000000e+00   1.000000e+00
    outer loop
      vertex  -1.911589e-01   1.999177e-01   1.200000e-01
      vertex  -1.307460e-01   2.410222e-01   1.200000e-01
      vertex  -1.939740e-01   2.561195e-01   1.200000e-01
    endloop
  endfacet
  facet normal    0.000000e+00   0.000000e+00   1.000000e+00
    outer loop
      vertex  -1.307460e-01   2.410222e-01   1.200000e-01
      vertex  -1.302786e-01   1.664812e-01   1.200000e-01
      vertex  -6.822315e-02   2.010859e-01   1.200000e-01
    endloop
  endfacet
  facet normal   -0.000000e+00   0.000000e+00   1.000000e+00
    outer loop
      vertex  -1.307460e-01   2.410222e-01   1.200000e-01
      vertex  -6.822315e-02   2.010859e-01   1.200000e-01
      vertex  -6.545455e-02   2.576817e-01   1.200000e-01
    endloop
  endfacet
  facet normal    0.000000e+00   0.000000e+00   1.000000e+00
    outer loop
      vertex  -3.022849e-01  -6.639515e-02   1.200000e-01
      vertex  -3.022548e-01  -1.331202e-01   1.200000e-01
      vertex  -2.438336e-01  -1.009263e-01   1.200000e-01
    endloop
  endfacet
  facet normal    0.000000e+00   0.000000e+00   1.000000e+00
    outer loop
      vertex  -3.022548e-01  -1.331202e-01   1.200000e-01
      vertex  -3.050751e-01  -1.995001e-01   1.200000e-01
      vertex  -2.400235e-01  -1.766074e-01   1.200000e-01
    endloop
  endfacet
  facet normal   -0.000000e+00   0.000000e+00   1.000000e+00
    outer loop
      vertex  -3.022548e-01  -1.331202e-01   1.200000e-01
      vertex  -2.400235e-01  -1.766074e-01   1.200000e-01
      vertex  -2.438336e-01  -1.009263e-01   1.200000e-01
    endloop
  endfacet
  facet normal    0.000000e+00   0.000000e+00   1.000000e+00
    outer loop
      vertex  -3.026548e-01   1.325864e-01   1.200000e-01
      vertex  -3.024210e-01   6.650703e-02   1.200000e-01
      vertex  -2.448305e-01   9.955271e-02   1.200000e-01
    endloop
  endfacet
  facet normal   -0.000000e+00   0.000000e+00   1.000000e+00
    outer loop
      vertex  -3.026548e-01   1.325864e-01   1.200000e-01
      vertex  -2.448305e-01   9.955271e-02   1.200000e-01
      vertex  -2.469267e-01   1.665988e-01   1.200000e-01
    endloop
  endfacet
  facet normal    0.000000e+00  -0.000000e+00   1.000000e+00
    outer loop
      vertex  -3.026548e-01   1.325864e-01   1.200000e-01
      vertex  -2.469267e-01   1.665988e-01   1.200000e-01
      vertex  -3.061858e-01   1.984674e-01   1.200000e-01
    endloop
  endfacet
  facet normal    0.000000e+00  -0.000000e+00   1.000000e+00
    outer loop
      vertex   3.023061e-01   6.659547e-02   1.200000e-01
      vertex   3.026706e-01   1.326638e-01   1.200000e-01
      vertex   2.448980e-01   9.979947e-02   1.200000e-01
    endloop
  endfacet
  facet normal    0.000000e+00   0.000000e+00   1.000000e+00
    outer loop
      vertex   2.448980e-01   9.979947e-02   1.200000e-01
      vertex   3.026706e-01   1.326638e-01   1.200000e-01
      vertex   2.469851e-01   1.668008e-01   1.200000e-01
    endloop
  endfacet
  facet normal   -0.000000e+00   0.000000e+00   1.000000e+00
    outer loop
      vertex   2.469851e-01   1.668008e-01   1.200000e-01
      vertex   3.026706e-01   1.326638e-01   1.200000e-01
      vertex   3.062039e-01   1.985292e-01   1.200000e-01
    endloop
  endfacet
  facet normal    0.000000e+00   0.000000e+00   1.000000e+00
    outer loop
      vertex   3.022650e-01  -1.333333e-01   1.200000e-01
      vertex   2.685628e-01  -6.662886e-02   1.200000e-01
      vertex   2.482716e-01  -1.313915e-01   1.200000e-01
    endloop
  endfacet
  facet normal    0.000000e+00   0.000000e+00   1.000000e+00
    outer loop
      vertex   2.685628e-01  -6.662886e-02   1.200000e-01
      vertex   3.022650e-01  -1.333333e-01   1.200000e-01
      vertex   3.211521e-01  -6.666667e-02   1.200000e-01
    endloop
  endfacet
  facet normal    0.000000e+00   0.000000e+00   1.000000e+00
    outer loop
      vertex   3.089457e-01  -2.044037e-01   1.200000e-01
      vertex   3.022650e-01  -1.333333e-01   1.200000e-01
      vertex   2.545243e-01  -1.908580e-01   1.200000e-01
    endloop
  endfacet
  facet normal    0.000000e+00   0.000000e+00   1.000000e+00
    outer loop
      vertex   3.022650e-01  -1.333333e-01   1.200000e-01
      vertex   2.482716e-01  -1.313915e-01   1.200000e-01
      vertex   2.545243e-01  -1.908580e-01   1.200000e-01
    endloop
  endfacet
  facet normal    0.000000e+00   0.000000e+00   1.000000e+00
    outer loop
      vertex  -2.014861e-01  -2.405683e-01   1.200000e-01
      vertex  -2.400235e-01  -1.766074e-01   1.200000e-01
      vertex  -2.622403e-01  -2.447279e-01   1.200000e-01
    endloop
  endfacet
  facet normal    0.000000e+00   0.000000e+00   1.000000e+00
    outer loop
      vertex  -2.400235e-01  -1.766074e-01   1.200000e-01
      vertex  -2.014861e-01  -2.405683e-01   1.200000e-01
      vertex  -1.788808e-01  -1.886585e-01   1.200000e-01
    endloop
  endfacet
  facet normal    0.000000e+00   0.000000e+00   1.000000e+00
    outer loop
      vertex  -2.014861e-01  -2.405683e-01   1.200000e-01
      vertex  -1.308530e-01  -2.325677e-01   1.200000e-01
      vertex  -1.788808e-01  -1.886585e-01   1.200000e-01
    endloop
  endfacet
  facet normal    0.000000e+00   0.000000e+00   1.000000e+00
    outer loop
      vertex  -2.552378e-01   2.396577e-01   1.200000e-01
      vertex  -2.469267e-01   1.665988e-01   1.200000e-01
      vertex  -1.911589e-01   1.999177e-01   1.200000e-01
    endloop
  endfacet
  facet normal    0.000000e+00   0.000000e+00   1.000000e+00
    outer loop
      vertex  -2.469267e-01   1.665988e-01   1.200000e-01
      vertex  -2.552378e-01   2.396577e-01   1.200000e-01
      vertex  -3.061858e-01   1.984674e-01   1.200000e-01
    endloop
  endfacet
  facet normal   -0.000000e+00   0.000000e+00   1.000000e+00
    outer loop
      vertex  -2.552378e-01   2.396577e-01   1.200000e-01
      vertex  -1.911589e-01   1.999177e-01   1.200000e-01
      vertex  -1.939740e-01   2.561195e-01   1.200000e-01
    endloop
  endfacet
  facet normal    0.000000e+00  -0.000000e+00   1.000000e+00
    outer loop
      vertex  -3.061858e-01   1.984674e-01   1.200000e-01
      vertex  -2.552378e-01   2.396577e-01   1.200000e-01
      vertex  -3.122955e-01   2.519618e-01   1.200000e-01
    endloop
  endfacet
  facet normal    0.000000e+00  -0.000000e+00   1.000000e+00
    outer loop
      vertex   2.469851e-01   1.668008e-01   1.200000e-01
      vertex   2.552722e-01   2.397487e-01   1.200000e-01
      vertex   1.873303e-01   1.990671e-01   1.200000e-01
    endloop
  endfacet
  facet normal    0.000000e+00   0.000000e+00   1.000000e+00
    outer loop
      vertex   2.552722e-01   2.397487e-01   1.200000e-01
      vertex   2.469851e-01   1.668008e-01   1.200000e-01
      vertex   3.062039e-01   1.985292e-01   1.200000e-01
    endloop
  endfacet
  facet normal    0.000000e+00   0.000000e+00   1.000000e+00
    outer loop
      vertex   1.873303e-01   1.990671e-01   1.200000e-01
      vertex   2.552722e-01   2.397487e-01   1.200000e-01
      vertex   1.932478e-01   2.564261e-01   1.200000e-01
    endloop
  endfacet
  facet normal   -0.000000e+00   0.000000e+00   1.000000e+00
    outer loop
      vertex   2.552722e-01   2.397487e-01   1.200000e-01
      vertex   3.062039e-01   1.985292e-01   1.200000e-01
      vertex   3.122955e-01   2.519618e-01   1.200000e-01
    endloop
  endfacet
  facet normal   -0.000000e+00   0.000000e+00   1.000000e+00
    outer loop
      vertex   2.010739e-01  -2.352550e-01   1.200000e-01
      vertex   2.650990e-01  -2.475582e-01   1.200000e-01
      vertex   2.545243e-01  -1.908580e-01   1.200000e-01
    endloop
  endfacet
  facet normal    0.000000e+00   0.000000e+00   1.000000e+00
    outer loop
      vertex   3.089457e-01  -2.044037e-01   1.200000e-01
      vertex   2.650990e-01  -2.475582e-01   1.200000e-01
      vertex   3.122955e-01  -2.519618e-01   1.200000e-01
    endloop
  endfacet
  facet normal    0.000000e+00  -0.000000e+00   1.000000e+00
    outer loop
      vertex   2.650990e-01  -2.475582e-01   1.200000e-01
      vertex   3.089457e-01  -2.044037e-01   1.200000e-01
      vertex   2.545243e-01  -1.908580e-01   1.200000e-01
    endloop
  endfacet
  facet normal   -0.000000e+00   0.000000e+00   1.000000e+00
    outer loop
      vertex  -3.024210e-01   6.650703e-02   1.200000e-01
      vertex  -2.447611e-01   3.333324e-02   1.200000e-01
      vertex  -2.448305e-01   9.955271e-02   1.200000e-01
    endloop
  endfacet
  facet normal    0.000000e+00   0.000000e+00   1.000000e+00
    outer loop
      vertex  -2.447611e-01   3.333324e-02   1.200000e-01
      vertex  -2.447134e-01  -3.295029e-02   1.200000e-01
      vertex  -1.874064e-01   1.624967e-04   1.200000e-01
    endloop
  endfacet
  facet normal   -0.000000e+00   0.000000e+00   1.000000e+00
    outer loop
      vertex  -2.447611e-01   3.333324e-02   1.200000e-01
      vertex  -1.874064e-01   1.624967e-04   1.200000e-01
      vertex  -1.873549e-01   6.655628e-02   1.200000e-01
    endloop
  endfacet
  facet normal    0.000000e+00   0.000000e+00   1.000000e+00
    outer loop
      vertex  -2.448305e-01   9.955271e-02   1.200000e-01
      vertex  -2.447611e-01   3.333324e-02   1.200000e-01
      vertex  -1.873549e-01   6.655628e-02   1.200000e-01
    endloop
  endfacet
  facet normal    0.000000e+00   0.000000e+00   1.000000e+00
    outer loop
      vertex  -1.874064e-01   1.624967e-04   1.200000e-01
      vertex  -2.447134e-01  -3.295029e-02   1.200000e-01
      vertex  -1.873308e-01  -6.590841e-02   1.200000e-01
    endloop
  endfacet
  facet normal    0.000000e+00   0.000000e+00   1.000000e+00
    outer loop
      vertex  -1.873308e-01  -6.590841e-02   1.200000e-01
      vertex  -2.447134e-01  -3.295029e-02   1.200000e-01
      vertex  -2.438336e-01  -1.009263e-01   1.200000e-01
    endloop
  endfacet
  facet normal    0.000000e+00   0.000000e+00   1.000000e+00
    outer loop
      vertex  -2.447134e-01  -3.295029e-02   1.200000e-01
      vertex  -3.022849e-01  -6.639515e-02   1.200000e-01
      vertex  -2.438336e-01  -1.009263e-01   1.200000e-01
    endloop
  endfacet
  facet normal    0.000000e+00   0.000000e+00   1.000000e+00
    outer loop
      vertex  -1.874064e-01   1.624967e-04   1.200000e-01
      vertex  -1.873308e-01  -6.590841e-02   1.200000e-01
      vertex  -1.302295e-01  -3.283555e-02   1.200000e-01
    endloop
  endfacet
  facet normal   -0.000000e+00   0.000000e+00   1.000000e+00
    outer loop
      vertex  -1.874064e-01   1.624967e-04   1.200000e-01
      vertex  -1.302295e-01  -3.283555e-02   1.200000e-01
      vertex  -1.302017e-01   3.313923e-02   1.200000e-01
    endloop
  endfacet
  facet normal    0.000000e+00   0.000000e+00   1.000000e+00
    outer loop
      vertex  -1.874064e-01   1.624967e-04   1.200000e-01
      vertex  -1.302017e-01   3.313923e-02   1.200000e-01
      vertex  -1.873549e-01   6.655628e-02   1.200000e-01
    endloop
  endfacet
  facet normal    0.000000e+00   0.000000e+00   1.000000e+00
    outer loop
      vertex  -1.302295e-01  -3.283555e-02   1.200000e-01
      vertex  -1.873308e-01  -6.590841e-02   1.200000e-01
      vertex  -1.301663e-01  -9.877922e-02   1.200000e-01
    endloop
  endfacet
  facet normal    0.000000e+00   0.000000e+00   1.000000e+00
    outer loop
      vertex  -1.301663e-01  -9.877922e-02   1.200000e-01
      vertex  -1.873308e-01  -6.590841e-02   1.200000e-01
      vertex  -1.863941e-01  -1.305766e-01   1.200000e-01
    endloop
  endfacet
  facet normal    0.000000e+00   0.000000e+00   1.000000e+00
    outer loop
      vertex  -1.863941e-01  -1.305766e-01   1.200000e-01
      vertex  -1.873308e-01  -6.590841e-02   1.200000e-01
      vertex  -2.438336e-01  -1.009263e-01   1.200000e-01
    endloop
  endfacet
  facet normal    0.000000e+00   0.000000e+00   1.000000e+00
    outer loop
      vertex  -1.302017e-01   3.313923e-02   1.200000e-01
      vertex  -1.302295e-01  -3.283555e-02   1.200000e-01
      vertex  -7.312586e-02   1.390668e-04   1.200000e-01
    endloop
  endfacet
  facet normal    0.000000e+00   0.000000e+00   1.000000e+00
    outer loop
      vertex  -7.312586e-02   1.390668e-04   1.200000e-01
      vertex  -1.302295e-01  -3.283555e-02   1.200000e-01
      vertex  -7.328564e-02  -6.557197e-02   1.200000e-01
    endloop
  endfacet
  facet normal    0.000000e+00   0.000000e+00   1.000000e+00
    outer loop
      vertex  -1.302295e-01  -3.283555e-02   1.200000e-01
      vertex  -1.301663e-01  -9.877922e-02   1.200000e-01
      vertex  -7.328564e-02  -6.557197e-02   1.200000e-01
    endloop
  endfacet
  facet normal   -0.000000e+00   0.000000e+00   1.000000e+00
    outer loop
      vertex  -1.302017e-01   3.313923e-02   1.200000e-01
      vertex  -7.312586e-02   1.390668e-04   1.200000e-01
      vertex  -7.249542e-02   6.716146e-02   1.200000e-01
    endloop
  endfacet
  facet normal    0.000000e+00   0.000000e+00   1.000000e+00
    outer loop
      vertex  -1.302017e-01   3.313923e-02   1.200000e-01
      vertex  -7.249542e-02   6.716146e-02   1.200000e-01
      vertex  -1.295072e-01   1.005026e-01   1.200000e-01
    endloop
  endfacet
  facet normal    0.000000e+00  -0.000000e+00   1.000000e+00
    outer loop
      vertex  -1.302017e-01   3.313923e-02   1.200000e-01
      vertex  -1.295072e-01   1.005026e-01   1.200000e-01
      vertex  -1.873549e-01   6.655628e-02   1.200000e-01
    endloop
  endfacet
  facet normal    0.000000e+00   0.000000e+00   1.000000e+00
    outer loop
      vertex  -7.249542e-02   6.716146e-02   1.200000e-01
      vertex  -7.312586e-02   1.390668e-04   1.200000e-01
      vertex  -1.620689e-02   3.276574e-02   1.200000e-01
    endloop
  endfacet
  facet normal    0.000000e+00   0.000000e+00   1.000000e+00
    outer loop
      vertex  -1.620689e-02   3.276574e-02   1.200000e-01
      vertex  -7.312586e-02   1.390668e-04   1.200000e-01
      vertex  -1.602931e-02  -3.291836e-02   1.200000e-01
    endloop
  endfacet
  facet normal    0.000000e+00   0.000000e+00   1.000000e+00
    outer loop
      vertex  -1.602931e-02  -3.291836e-02   1.200000e-01
      vertex  -7.312586e-02   1.390668e-04   1.200000e-01
      vertex  -7.328564e-02  -6.557197e-02   1.200000e-01
    endloop
  endfacet
  facet normal   -0.000000e+00   0.000000e+00   1.000000e+00
    outer loop
      vertex  -7.249542e-02   6.716146e-02   1.200000e-01
      vertex  -1.620689e-02   3.276574e-02   1.200000e-01
      vertex  -1.393806e-02   9.861832e-02   1.200000e-01
    endloop
  endfacet
  facet normal   -0.000000e+00   0.000000e+00   1.000000e+00
    outer loop
      vertex  -1.295072e-01   1.005026e-01   1.200000e-01
      vertex  -7.249542e-02   6.716146e-02   1.200000e-01
      vertex  -7.055791e-02   1.330742e-01   1.200000e-01
    endloop
  endfacet
  facet normal    0.000000e+00   0.000000e+00   1.000000e+00
    outer loop
      vertex  -7.249542e-02   6.716146e-02   1.200000e-01
      vertex  -1.393806e-02   9.861832e-02   1.200000e-01
      vertex  -7.055791e-02   1.330742e-01   1.200000e-01
    endloop
  endfacet
  facet normal    0.000000e+00   0.000000e+00   1.000000e+00
    outer loop
      vertex  -1.620689e-02   3.276574e-02   1.200000e-01
      vertex  -1.602931e-02  -3.291836e-02   1.200000e-01
      vertex   4.078276e-02  -4.396209e-04   1.200000e-01
    endloop
  endfacet
  facet normal   -0.000000e+00   0.000000e+00   1.000000e+00
    outer loop
      vertex  -1.620689e-02   3.276574e-02   1.200000e-01
      vertex   4.078276e-02  -4.396209e-04   1.200000e-01
      vertex   3.844943e-02   6.278366e-02   1.200000e-01
    endloop
  endfacet
  facet normal    0.000000e+00   0.000000e+00   1.000000e+00
    outer loop
      vertex  -1.393806e-02   9.861832e-02   1.200000e-01
      vertex  -1.620689e-02   3.276574e-02   1.200000e-01
      vertex   3.844943e-02   6.278366e-02   1.200000e-01
    endloop
  endfacet
  facet normal    0.000000e+00   0.000000e+00   1.000000e+00
    outer loop
      vertex   4.078276e-02  -4.396209e-04   1.200000e-01
      vertex  -1.602931e-02  -3.291836e-02   1.200000e-01
      vertex   4.109484e-02  -6.594643e-02   1.200000e-01
    endloop
  endfacet
  facet normal    0.000000e+00   0.000000e+00   1.000000e+00
    outer loop
      vertex   4.109484e-02  -6.594643e-02   1.200000e-01
      vertex  -1.602931e-02  -3.291836e-02   1.200000e-01
      vertex  -1.692723e-02  -9.756798e-02   1.200000e-01
    endloop
  endfacet
  facet normal    0.000000e+00  -0.000000e+00   1.000000e+00
    outer loop
      vertex  -1.692723e-02  -9.756798e-02   1.200000e-01
      vertex  -1.602931e-02  -3.291836e-02   1.200000e-01
      vertex  -7.328564e-02  -6.557197e-02   1.200000e-01
    endloop
  endfacet
  facet normal    0.000000e+00   0.000000e+00   1.000000e+00
    outer loop
      vertex   4.078276e-02  -4.396209e-04   1.200000e-01
      vertex   4.109484e-02  -6.594643e-02   1.200000e-01
      vertex   9.820434e-02  -3.293948e-02   1.200000e-01
    endloop
  endfacet
  facet normal   -0.000000e+00   0.000000e+00   1.000000e+00
    outer loop
      vertex   4.078276e-02  -4.396209e-04   1.200000e-01
      vertex   9.820434e-02  -3.293948e-02   1.200000e-01
      vertex   9.363561e-02   2.792223e-02   1.200000e-01
    endloop
  endfacet
  facet normal    0.000000e+00  -0.000000e+00   1.000000e+00
    outer loop
      vertex   4.078276e-02  -4.396209e-04   1.200000e-01
      vertex   9.363561e-02   2.792223e-02   1.200000e-01
      vertex   3.844943e-02   6.278366e-02   1.200000e-01
    endloop
  endfacet
  facet normal    0.000000e+00   0.000000e+00   1.000000e+00
    outer loop
      vertex   9.820434e-02  -3.293948e-02   1.200000e-01
      vertex   4.109484e-02  -6.594643e-02   1.200000e-01
      vertex   9.828168e-02  -9.883027e-02   1.200000e-01
    endloop
  endfacet
  facet normal    0.000000e+00   0.000000e+00   1.000000e+00
    outer loop
      vertex   9.828168e-02  -9.883027e-02   1.200000e-01
      vertex   4.109484e-02  -6.594643e-02   1.200000e-01
      vertex   4.120576e-02  -1.317837e-01   1.200000e-01
    endloop
  endfacet
  facet normal    0.000000e+00   0.000000e+00   1.000000e+00
    outer loop
      vertex   4.120576e-02  -1.317837e-01   1.200000e-01
      vertex   4.109484e-02  -6.594643e-02   1.200000e-01
      vertex  -1.692723e-02  -9.756798e-02   1.200000e-01
    endloop
  endfacet
  facet normal    0.000000e+00   0.000000e+00   1.000000e+00
    outer loop
      vertex   9.363561e-02   2.792223e-02   1.200000e-01
      vertex   9.820434e-02  -3.293948e-02   1.200000e-01
      vertex   1.498642e-01  -6.601436e-03   1.200000e-01
    endloop
  endfacet
  facet normal    0.000000e+00   0.000000e+00   1.000000e+00
    outer loop
      vertex   9.820434e-02  -3.293948e-02   1.200000e-01
      vertex   9.828168e-02  -9.883027e-02   1.200000e-01
      vertex   1.554252e-01  -6.580654e-02   1.200000e-01
    endloop
  endfacet
  facet normal   -0.000000e+00   0.000000e+00   1.000000e+00
    outer loop
      vertex   9.820434e-02  -3.293948e-02   1.200000e-01
      vertex   1.554252e-01  -6.580654e-02   1.200000e-01
      vertex   1.498642e-01  -6.601436e-03   1.200000e-01
    endloop
  endfacet
  facet normal   -0.000000e+00   0.000000e+00   1.000000e+00
    outer loop
      vertex   9.363561e-02   2.792223e-02   1.200000e-01
      vertex   1.498642e-01  -6.601436e-03   1.200000e-01
      vertex   1.427392e-01   4.878844e-02   1.200000e-01
    endloop
  endfacet
  facet normal   -0.000000e+00   0.000000e+00   1.000000e+00
    outer loop
      vertex   3.844943e-02   6.278366e-02   1.200000e-01
      vertex   9.363561e-02   2.792223e-02   1.200000e-01
      vertex   8.640741e-02   8.962800e-02   1.200000e-01
    endloop
  endfacet
  facet normal    0.000000e+00   0.000000e+00   1.000000e+00
    outer loop
      vertex   8.640741e-02   8.962800e-02   1.200000e-01
      vertex   9.363561e-02   2.792223e-02   1.200000e-01
      vertex   1.427392e-01   4.878844e-02   1.200000e-01
    endloop
  endfacet
  facet normal    0.000000e+00   0.000000e+00   1.000000e+00
    outer loop
      vertex  -1.301663e-01  -9.877922e-02   1.200000e-01
      vertex  -1.863941e-01  -1.305766e-01   1.200000e-01
      vertex  -1.301048e-01  -1.634673e-01   1.200000e-01
    endloop
  endfacet
  facet normal    0.000000e+00   0.000000e+00   1.000000e+00
    outer loop
      vertex  -1.301663e-01  -9.877922e-02   1.200000e-01
      vertex  -1.301048e-01  -1.634673e-01   1.200000e-01
      vertex  -7.390628e-02  -1.299647e-01   1.200000e-01
    endloop
  endfacet
  facet normal   -0.000000e+00   0.000000e+00   1.000000e+00
    outer loop
      vertex  -1.301663e-01  -9.877922e-02   1.200000e-01
      vertex  -7.390628e-02  -1.299647e-01   1.200000e-01
      vertex  -7.328564e-02  -6.557197e-02   1.200000e-01
    endloop
  endfacet
  facet normal   -0.000000e+00   0.000000e+00   1.000000e+00
    outer loop
      vertex  -1.874226e-01   1.326474e-01   1.200000e-01
      vertex  -1.295072e-01   1.005026e-01   1.200000e-01
      vertex  -1.302786e-01   1.664812e-01   1.200000e-01
    endloop
  endfacet
  facet normal    0.000000e+00   0.000000e+00   1.000000e+00
    outer loop
      vertex  -1.295072e-01   1.005026e-01   1.200000e-01
      vertex  -1.874226e-01   1.326474e-01   1.200000e-01
      vertex  -1.873549e-01   6.655628e-02   1.200000e-01
    endloop
  endfacet
  facet normal    0.000000e+00   0.000000e+00   1.000000e+00
    outer loop
      vertex  -1.302786e-01   1.664812e-01   1.200000e-01
      vertex  -1.295072e-01   1.005026e-01   1.200000e-01
      vertex  -7.055791e-02   1.330742e-01   1.200000e-01
    endloop
  endfacet
  facet normal    0.000000e+00   0.000000e+00   1.000000e+00
    outer loop
      vertex   1.554252e-01  -6.580654e-02   1.200000e-01
      vertex   9.828168e-02  -9.883027e-02   1.200000e-01
      vertex   1.560950e-01  -1.306815e-01   1.200000e-01
    endloop
  endfacet
  facet normal    0.000000e+00   0.000000e+00   1.000000e+00
    outer loop
      vertex   9.828168e-02  -9.883027e-02   1.200000e-01
      vertex   4.120576e-02  -1.317837e-01   1.200000e-01
      vertex   9.836489e-02  -1.604295e-01   1.200000e-01
    endloop
  endfacet
  facet normal    0.000000e+00   0.000000e+00   1.000000e+00
    outer loop
      vertex   1.560950e-01  -1.306815e-01   1.200000e-01
      vertex   9.828168e-02  -9.883027e-02   1.200000e-01
      vertex   9.836489e-02  -1.604295e-01   1.200000e-01
    endloop
  endfacet
  facet normal    0.000000e+00   0.000000e+00   1.000000e+00
    outer loop
      vertex   1.554252e-01  -6.580654e-02   1.200000e-01
      vertex   1.560950e-01  -1.306815e-01   1.200000e-01
      vertex   2.096948e-01  -9.858635e-02   1.200000e-01
    endloop
  endfacet
  facet normal   -0.000000e+00   0.000000e+00   1.000000e+00
    outer loop
      vertex   1.554252e-01  -6.580654e-02   1.200000e-01
      vertex   2.096948e-01  -9.858635e-02   1.200000e-01
      vertex   2.090250e-01  -3.584178e-02   1.200000e-01
    endloop
  endfacet
  facet normal    0.000000e+00  -0.000000e+00   1.000000e+00
    outer loop
      vertex   1.554252e-01  -6.580654e-02   1.200000e-01
      vertex   2.090250e-01  -3.584178e-02   1.200000e-01
      vertex   1.498642e-01  -6.601436e-03   1.200000e-01
    endloop
  endfacet
  facet normal    0.000000e+00   0.000000e+00   1.000000e+00
    outer loop
      vertex   9.836489e-02  -1.604295e-01   1.200000e-01
      vertex   4.120576e-02  -1.317837e-01   1.200000e-01
      vertex   3.548587e-02  -1.962664e-01   1.200000e-01
    endloop
  endfacet
  facet normal    0.000000e+00  -0.000000e+00   1.000000e+00
    outer loop
      vertex   3.548587e-02  -1.962664e-01   1.200000e-01
      vertex   4.120576e-02  -1.317837e-01   1.200000e-01
      vertex  -2.075919e-02  -1.589614e-01   1.200000e-01
    endloop
  endfacet
  facet normal    0.000000e+00   0.000000e+00   1.000000e+00
    outer loop
      vertex  -2.075919e-02  -1.589614e-01   1.200000e-01
      vertex   4.120576e-02  -1.317837e-01   1.200000e-01
      vertex  -1.692723e-02  -9.756798e-02   1.200000e-01
    endloop
  endfacet
  facet normal   -0.000000e+00   0.000000e+00   1.000000e+00
    outer loop
      vertex  -7.055791e-02   1.330742e-01   1.200000e-01
      vertex  -1.393806e-02   9.861832e-02   1.200000e-01
      vertex  -1.029743e-02   1.646232e-01   1.200000e-01
    endloop
  endfacet
  facet normal    0.000000e+00   0.000000e+00   1.000000e+00
    outer loop
      vertex  -1.029743e-02   1.646232e-01   1.200000e-01
      vertex  -1.393806e-02   9.861832e-02   1.200000e-01
      vertex   4.243169e-02   1.267574e-01   1.200000e-01
    endloop
  endfacet
  facet normal    0.000000e+00   0.000000e+00   1.000000e+00
    outer loop
      vertex   4.243169e-02   1.267574e-01   1.200000e-01
      vertex  -1.393806e-02   9.861832e-02   1.200000e-01
      vertex   3.844943e-02   6.278366e-02   1.200000e-01
    endloop
  endfacet
  facet normal    0.000000e+00   0.000000e+00   1.000000e+00
    outer loop
      vertex   2.096948e-01  -9.858635e-02   1.200000e-01
      vertex   1.560950e-01  -1.306815e-01   1.200000e-01
      vertex   2.068206e-01  -1.648404e-01   1.200000e-01
    endloop
  endfacet
  facet normal    0.000000e+00   0.000000e+00   1.000000e+00
    outer loop
      vertex   2.068206e-01  -1.648404e-01   1.200000e-01
      vertex   1.560950e-01  -1.306815e-01   1.200000e-01
      vertex   1.476463e-01  -1.922424e-01   1.200000e-01
    endloop
  endfacet
  facet normal    0.000000e+00   0.000000e+00   1.000000e+00
    outer loop
      vertex   1.560950e-01  -1.306815e-01   1.200000e-01
      vertex   9.836489e-02  -1.604295e-01   1.200000e-01
      vertex   1.476463e-01  -1.922424e-01   1.200000e-01
    endloop
  endfacet
  facet normal    0.000000e+00   0.000000e+00   1.000000e+00
    outer loop
      vertex  -1.301048e-01  -1.634673e-01   1.200000e-01
      vertex  -1.863941e-01  -1.305766e-01   1.200000e-01
      vertex  -1.788808e-01  -1.886585e-01   1.200000e-01
    endloop
  endfacet
  facet normal    0.000000e+00  -0.000000e+00   1.000000e+00
    outer loop
      vertex  -2.400235e-01  -1.766074e-01   1.200000e-01
      vertex  -1.863941e-01  -1.305766e-01   1.200000e-01
      vertex  -2.438336e-01  -1.009263e-01   1.200000e-01
    endloop
  endfacet
  facet normal    0.000000e+00   0.000000e+00   1.000000e+00
    outer loop
      vertex  -1.863941e-01  -1.305766e-01   1.200000e-01
      vertex  -2.400235e-01  -1.766074e-01   1.200000e-01
      vertex  -1.788808e-01  -1.886585e-01   1.200000e-01
    endloop
  endfacet
  facet normal    0.000000e+00   0.000000e+00   1.000000e+00
    outer loop
      vertex  -7.390628e-02  -1.299647e-01   1.200000e-01
      vertex  -1.301048e-01  -1.634673e-01   1.200000e-01
      vertex  -7.838815e-02  -1.880953e-01   1.200000e-01
    endloop
  endfacet
  facet normal    0.000000e+00  -0.000000e+00   1.000000e+00
    outer loop
      vertex  -1.308530e-01  -2.325677e-01   1.200000e-01
      vertex  -1.301048e-01  -1.634673e-01   1.200000e-01
      vertex  -1.788808e-01  -1.886585e-01   1.200000e-01
    endloop
  endfacet
  facet normal    0.000000e+00   0.000000e+00   1.000000e+00
    outer loop
      vertex  -1.301048e-01  -1.634673e-01   1.200000e-01
      vertex  -1.308530e-01  -2.325677e-01   1.200000e-01
      vertex  -7.838815e-02  -1.880953e-01   1.200000e-01
    endloop
  endfacet
  facet normal   -0.000000e+00   0.000000e+00   1.000000e+00
    outer loop
      vertex  -7.390628e-02  -1.299647e-01   1.200000e-01
      vertex  -2.075919e-02  -1.589614e-01   1.200000e-01
      vertex  -1.692723e-02  -9.756798e-02   1.200000e-01
    endloop
  endfacet
  facet normal    0.000000e+00   0.000000e+00   1.000000e+00
    outer loop
      vertex  -2.075919e-02  -1.589614e-01   1.200000e-01
      vertex  -7.390628e-02  -1.299647e-01   1.200000e-01
      vertex  -7.838815e-02  -1.880953e-01   1.200000e-01
    endloop
  endfacet
  facet normal    0.000000e+00   0.000000e+00   1.000000e+00
    outer loop
      vertex  -7.390628e-02  -1.299647e-01   1.200000e-01
      vertex  -1.692723e-02  -9.756798e-02   1.200000e-01
      vertex  -7.328564e-02  -6.557197e-02   1.200000e-01
    endloop
  endfacet
  facet normal    0.000000e+00   0.000000e+00   1.000000e+00
    outer loop
      vertex   2.090250e-01  -3.584178e-02   1.200000e-01
      vertex   2.096948e-01  -9.858635e-02   1.200000e-01
      vertex   2.685628e-01  -6.662886e-02   1.200000e-01
    endloop
  endfacet
  facet normal    0.000000e+00   0.000000e+00   1.000000e+00
    outer loop
      vertex   2.096948e-01  -9.858635e-02   1.200000e-01
      vertex   2.068206e-01  -1.648404e-01   1.200000e-01
      vertex   2.482716e-01  -1.313915e-01   1.200000e-01
    endloop
  endfacet
  facet normal    0.000000e+00   0.000000e+00   1.000000e+00
    outer loop
      vertex   2.685628e-01  -6.662886e-02   1.200000e-01
      vertex   2.096948e-01  -9.858635e-02   1.200000e-01
      vertex   2.482716e-01  -1.313915e-01   1.200000e-01
    endloop
  endfacet
  facet normal   -0.000000e+00   0.000000e+00   1.000000e+00
    outer loop
      vertex   2.090250e-01  -3.584178e-02   1.200000e-01
      vertex   2.685628e-01  -6.662886e-02   1.200000e-01
      vertex   2.532918e-01  -1.250729e-02   1.200000e-01
    endloop
  endfacet
  facet normal   -0.000000e+00   0.000000e+00   1.000000e+00
    outer loop
      vertex   1.498642e-01  -6.601436e-03   1.200000e-01
      vertex   2.090250e-01  -3.584178e-02   1.200000e-01
      vertex   1.986358e-01   1.807032e-02   1.200000e-01
    endloop
  endfacet
  facet normal    0.000000e+00   0.000000e+00   1.000000e+00
    outer loop
      vertex   1.986358e-01   1.807032e-02   1.200000e-01
      vertex   2.090250e-01  -3.584178e-02   1.200000e-01
      vertex   2.532918e-01  -1.250729e-02   1.200000e-01
    endloop
  endfacet
  facet normal    0.000000e+00  -0.000000e+00   1.000000e+00
    outer loop
      vertex   2.010739e-01  -2.352550e-01   1.200000e-01
      vertex   2.068206e-01  -1.648404e-01   1.200000e-01
      vertex   1.476463e-01  -1.922424e-01   1.200000e-01
    endloop
  endfacet
  facet normal    0.000000e+00   0.000000e+00   1.000000e+00
    outer loop
      vertex   2.068206e-01  -1.648404e-01   1.200000e-01
      vertex   2.010739e-01  -2.352550e-01   1.200000e-01
      vertex   2.545243e-01  -1.908580e-01   1.200000e-01
    endloop
  endfacet
  facet normal    0.000000e+00   0.000000e+00   1.000000e+00
    outer loop
      vertex   2.482716e-01  -1.313915e-01   1.200000e-01
      vertex   2.068206e-01  -1.648404e-01   1.200000e-01
      vertex   2.545243e-01  -1.908580e-01   1.200000e-01
    endloop
  endfacet
  facet normal    0.000000e+00   0.000000e+00   1.000000e+00
    outer loop
      vertex  -2.469267e-01   1.665988e-01   1.200000e-01
      vertex  -2.448305e-01   9.955271e-02   1.200000e-01
      vertex  -1.874226e-01   1.326474e-01   1.200000e-01
    endloop
  endfacet
  facet normal    0.000000e+00   0.000000e+00   1.000000e+00
    outer loop
      vertex  -1.874226e-01   1.326474e-01   1.200000e-01
      vertex  -2.448305e-01   9.955271e-02   1.200000e-01
      vertex  -1.873549e-01   6.655628e-02   1.200000e-01
    endloop
  endfacet
  facet normal   -0.000000e+00   0.000000e+00   1.000000e+00
    outer loop
      vertex  -2.469267e-01   1.665988e-01   1.200000e-01
      vertex  -1.874226e-01   1.326474e-01   1.200000e-01
      vertex  -1.911589e-01   1.999177e-01   1.200000e-01
    endloop
  endfacet
  facet normal    0.000000e+00   0.000000e+00   1.000000e+00
    outer loop
      vertex  -1.911589e-01   1.999177e-01   1.200000e-01
      vertex  -1.874226e-01   1.326474e-01   1.200000e-01
      vertex  -1.302786e-01   1.664812e-01   1.200000e-01
    endloop
  endfacet
  facet normal    0.000000e+00   0.000000e+00   1.000000e+00
    outer loop
      vertex  -6.822315e-02   2.010859e-01   1.200000e-01
      vertex  -1.302786e-01   1.664812e-01   1.200000e-01
      vertex  -7.055791e-02   1.330742e-01   1.200000e-01
    endloop
  endfacet
  facet normal    0.000000e+00   0.000000e+00   1.000000e+00
    outer loop
      vertex  -6.822315e-02   2.010859e-01   1.200000e-01
      vertex  -7.055791e-02   1.330742e-01   1.200000e-01
      vertex  -1.029743e-02   1.646232e-01   1.200000e-01
    endloop
  endfacet
  facet normal   -0.000000e+00   0.000000e+00   1.000000e+00
    outer loop
      vertex  -1.029743e-02   1.646232e-01   1.200000e-01
      vertex   4.243169e-02   1.267574e-01   1.200000e-01
      vertex   4.848779e-02   1.905089e-01   1.200000e-01
    endloop
  endfacet
  facet normal    0.000000e+00   0.000000e+00   1.000000e+00
    outer loop
      vertex   4.848779e-02   1.905089e-01   1.200000e-01
      vertex   4.243169e-02   1.267574e-01   1.200000e-01
      vertex   1.040528e-01   1.493263e-01   1.200000e-01
    endloop
  endfacet
  facet normal    0.000000e+00   0.000000e+00   1.000000e+00
    outer loop
      vertex   1.040528e-01   1.493263e-01   1.200000e-01
      vertex   4.243169e-02   1.267574e-01   1.200000e-01
      vertex   8.640741e-02   8.962800e-02   1.200000e-01
    endloop
  endfacet
  facet normal    0.000000e+00   0.000000e+00   1.000000e+00
    outer loop
      vertex   4.243169e-02   1.267574e-01   1.200000e-01
      vertex   3.844943e-02   6.278366e-02   1.200000e-01
      vertex   8.640741e-02   8.962800e-02   1.200000e-01
    endloop
  endfacet
  facet normal   -0.000000e+00   0.000000e+00   1.000000e+00
    outer loop
      vertex   4.848779e-02   1.905089e-01   1.200000e-01
      vertex   1.040528e-01   1.493263e-01   1.200000e-01
      vertex   9.534758e-02   2.082873e-01   1.200000e-01
    endloop
  endfacet
  facet normal    0.000000e+00   0.000000e+00   1.000000e+00
    outer loop
      vertex   6.545455e-02   2.495072e-01   1.200000e-01
      vertex   4.848779e-02   1.905089e-01   1.200000e-01
      vertex   9.534758e-02   2.082873e-01   1.200000e-01
    endloop
  endfacet
  facet normal    0.000000e+00   0.000000e+00   1.000000e+00
    outer loop
      vertex   1.775989e-01   1.391535e-01   1.200000e-01
      vertex   1.040528e-01   1.493263e-01   1.200000e-01
      vertex   1.369161e-01   9.959589e-02   1.200000e-01
    endloop
  endfacet
  facet normal   -0.000000e+00   0.000000e+00   1.000000e+00
    outer loop
      vertex   1.040528e-01   1.493263e-01   1.200000e-01
      vertex   1.775989e-01   1.391535e-01   1.200000e-01
      vertex   1.364218e-01   1.922483e-01   1.200000e-01
    endloop
  endfacet
  facet normal    0.000000e+00   0.000000e+00   1.000000e+00
    outer loop
      vertex   1.369161e-01   9.959589e-02   1.200000e-01
      vertex   1.040528e-01   1.493263e-01   1.200000e-01
      vertex   8.640741e-02   8.962800e-02   1.200000e-01
    endloop
  endfacet
  facet normal    0.000000e+00  -0.000000e+00   1.000000e+00
    outer loop
      vertex   1.040528e-01   1.493263e-01   1.200000e-01
      vertex   1.364218e-01   1.922483e-01   1.200000e-01
      vertex   9.534758e-02   2.082873e-01   1.200000e-01
    endloop
  endfacet
  facet normal    0.000000e+00   0.000000e+00   1.000000e+00
    outer loop
      vertex   3.023061e-01   6.659547e-02   1.200000e-01
      vertex   2.448980e-01   9.979947e-02   1.200000e-01
      vertex   2.458042e-01   3.489229e-02   1.200000e-01
    endloop
  endfacet
  facet normal    0.000000e+00  -0.000000e+00   1.000000e+00
    outer loop
      vertex   2.448980e-01   9.979947e-02   1.200000e-01
      vertex   2.469851e-01   1.668008e-01   1.200000e-01
      vertex   1.775989e-01   1.391535e-01   1.200000e-01
    endloop
  endfacet
  facet normal    0.000000e+00   0.000000e+00   1.000000e+00
    outer loop
      vertex   2.448980e-01   9.979947e-02   1.200000e-01
      vertex   1.775989e-01   1.391535e-01   1.200000e-01
      vertex   1.874815e-01   6.689388e-02   1.200000e-01
    endloop
  endfacet
  facet normal    0.000000e+00   0.000000e+00   1.000000e+00
    outer loop
      vertex   2.448980e-01   9.979947e-02   1.200000e-01
      vertex   1.874815e-01   6.689388e-02   1.200000e-01
      vertex   2.458042e-01   3.489229e-02   1.200000e-01
    endloop
  endfacet
  facet normal    0.000000e+00   0.000000e+00   1.000000e+00
    outer loop
      vertex   1.775989e-01   1.391535e-01   1.200000e-01
      vertex   2.469851e-01   1.668008e-01   1.200000e-01
      vertex   1.873303e-01   1.990671e-01   1.200000e-01
    endloop
  endfacet
  facet normal    0.000000e+00   0.000000e+00   1.000000e+00
    outer loop
      vertex   1.874815e-01   6.689388e-02   1.200000e-01
      vertex   1.775989e-01   1.391535e-01   1.200000e-01
      vertex   1.369161e-01   9.959589e-02   1.200000e-01
    endloop
  endfacet
  facet normal    0.000000e+00  -0.000000e+00   1.000000e+00
    outer loop
      vertex   1.775989e-01   1.391535e-01   1.200000e-01
      vertex   1.873303e-01   1.990671e-01   1.200000e-01
      vertex   1.364218e-01   1.922483e-01   1.200000e-01
    endloop
  endfacet
  facet normal    0.000000e+00   0.000000e+00   1.000000e+00
    outer loop
      vertex   2.458042e-01   3.489229e-02   1.200000e-01
      vertex   1.874815e-01   6.689388e-02   1.200000e-01
      vertex   1.986358e-01   1.807032e-02   1.200000e-01
    endloop
  endfacet
  facet normal    0.000000e+00   0.000000e+00   1.000000e+00
    outer loop
      vertex   1.874815e-01   6.689388e-02   1.200000e-01
      vertex   1.369161e-01   9.959589e-02   1.200000e-01
      vertex   1.427392e-01   4.878844e-02   1.200000e-01
    endloop
  endfacet
  facet normal    0.000000e+00   0.000000e+00   1.000000e+00
    outer loop
      vertex   1.874815e-01   6.689388e-02   1.200000e-01
      vertex   1.427392e-01   4.878844e-02   1.200000e-01
      vertex   1.986358e-01   1.807032e-02   1.200000e-01
    endloop
  endfacet
  facet normal    0.000000e+00   0.000000e+00   1.000000e+00
    outer loop
      vertex   9.836489e-02  -1.604295e-01   1.200000e-01
      vertex   3.548587e-02  -1.962664e-01   1.200000e-01
      vertex   9.402117e-02  -2.125548e-01   1.200000e-01
    endloop
  endfacet
  facet normal    0.000000e+00   0.000000e+00   1.000000e+00
    outer loop
      vertex   1.476463e-01  -1.922424e-01   1.200000e-01
      vertex   9.836489e-02  -1.604295e-01   1.200000e-01
      vertex   9.402117e-02  -2.125548e-01   1.200000e-01
    endloop
  endfacet
  facet normal    0.000000e+00   0.000000e+00   1.000000e+00
    outer loop
      vertex   3.548587e-02  -1.962664e-01   1.200000e-01
      vertex  -2.075919e-02  -1.589614e-01   1.200000e-01
      vertex  -2.505816e-02  -2.082730e-01   1.200000e-01
    endloop
  endfacet
  facet normal    0.000000e+00   0.000000e+00   1.000000e+00
    outer loop
      vertex   3.548587e-02  -1.962664e-01   1.200000e-01
      vertex   8.922983e-04  -2.506098e-01   1.200000e-01
      vertex   6.513505e-02  -2.515207e-01   1.200000e-01
    endloop
  endfacet
  facet normal    0.000000e+00  -0.000000e+00   1.000000e+00
    outer loop
      vertex   8.922983e-04  -2.506098e-01   1.200000e-01
      vertex   3.548587e-02  -1.962664e-01   1.200000e-01
      vertex  -2.505816e-02  -2.082730e-01   1.200000e-01
    endloop
  endfacet
  facet normal    0.000000e+00   0.000000e+00   1.000000e+00
    outer loop
      vertex   3.548587e-02  -1.962664e-01   1.200000e-01
      vertex   6.513505e-02  -2.515207e-01   1.200000e-01
      vertex   9.402117e-02  -2.125548e-01   1.200000e-01
    endloop
  endfacet
  facet normal    0.000000e+00   0.000000e+00   1.000000e+00
    outer loop
      vertex  -2.075919e-02  -1.589614e-01   1.200000e-01
      vertex  -7.838815e-02  -1.880953e-01   1.200000e-01
      vertex  -2.505816e-02  -2.082730e-01   1.200000e-01
    endloop
  endfacet
  facet normal    0.000000e+00   0.000000e+00   1.000000e+00
    outer loop
      vertex  -2.400235e-01  -1.766074e-01   1.200000e-01
      vertex  -3.050751e-01  -1.995001e-01   1.200000e-01
      vertex  -2.622403e-01  -2.447279e-01   1.200000e-01
    endloop
  endfacet
  facet normal    0.000000e+00   0.000000e+00   1.000000e+00
    outer loop
      vertex  -2.622403e-01  -2.447279e-01   1.200000e-01
      vertex  -3.050751e-01  -1.995001e-01   1.200000e-01
      vertex  -3.113122e-01  -2.509964e-01   1.200000e-01
    endloop
  endfacet
  facet normal    0.000000e+00   0.000000e+00   1.000000e+00
    outer loop
      vertex   2.458042e-01   3.489229e-02   1.200000e-01
      vertex   1.986358e-01   1.807032e-02   1.200000e-01
      vertex   2.532918e-01  -1.250729e-02   1.200000e-01
    endloop
  endfacet
  facet normal    0.000000e+00   0.000000e+00   1.000000e+00
    outer loop
      vertex   1.427392e-01   4.878844e-02   1.200000e-01
      vertex   1.498642e-01  -6.601436e-03   1.200000e-01
      vertex   1.986358e-01   1.807032e-02   1.200000e-01
    endloop
  endfacet
  facet normal    0.000000e+00   0.000000e+00   1.000000e+00
    outer loop
      vertex   1.369161e-01   9.959589e-02   1.200000e-01
      vertex   8.640741e-02   8.962800e-02   1.200000e-01
      vertex   1.427392e-01   4.878844e-02   1.200000e-01
    endloop
  endfacet
  facet normal    1.000000e+00   0.000000e+00   0.000000e+00
    outer loop
      vertex  -7.200000e-01  -4.946667e-01   1.450000e-01
      vertex  -7.200000e-01  -5.300000e-01   1.700000e-01
      vertex  -7.200000e-01  -5.300000e-01   1.200000e-01
    endloop
  endfacet
  facet normal    1.000000e+00   0.000000e+00  -0.000000e+00
    outer loop
      vertex  -7.200000e-01  -4.946667e-01   1.450000e-01
      vertex  -7.200000e-01  -4.593333e-01   1.700000e-01
      vertex  -7.200000e-01  -5.300000e-01   1.700000e-01
    endloop
  endfacet
  facet normal    1.000000e+00   0.000000e+00   0.000000e+00
    outer loop
      vertex  -7.200000e-01  -4.946667e-01   1.450000e-01
      vertex  -7.200000e-01  -5.300000e-01   1.200000e-01
      vertex  -7.200000e-01  -4.593333e-01   1.200000e-01
    endloop
  endfacet
  facet normal    1.000000e+00  -0.000000e+00   0.000000e+00
    outer loop
      vertex  -7.200000e-01   4.946667e-01   1.450000e-01
      vertex  -7.200000e-01   5.300000e-01   1.200000e-01
      vertex  -7.200000e-01   5.300000e-01   1.700000e-01
    endloop
  endfacet
  facet normal    1.000000e+00   0.000000e+00  -0.000000e+00
    outer loop
      vertex  -7.200000e-01   4.946667e-01   1.450000e-01
      vertex  -7.200000e-01   5.300000e-01   1.700000e-01
      vertex  -7.200000e-01   4.593333e-01   1.700000e-01
    endloop
  endfacet
  facet normal    1.000000e+00   0.000000e+00   0.000000e+00
    outer loop
      vertex  -7.200000e-01   4.946667e-01   1.450000e-01
      vertex  -7.200000e-01   4.593333e-01   1.200000e-01
      vertex  -7.200000e-01   5.300000e-01   1.200000e-01
    endloop
  endfacet
  facet normal    1.000000e+00   0.000000e+00  -0.000000e+00
    outer loop
      vertex  -7.200000e-01  -4.240000e-01   1.450000e-01
      vertex  -7.200000e-01  -3.886667e-01   1.700000e-01
      vertex  -7.200000e-01  -4.593333e-01   1.700000e-01
    endloop
  endfacet
  facet normal    1.000000e+00  -0.000000e+00   0.000000e+00
    outer loop
      vertex  -7.200000e-01  -4.946667e-01   1.450000e-01
      vertex  -7.200000e-01  -4.593333e-01   1.200000e-01
      vertex  -7.200000e-01  -4.593333e-01   1.700000e-01
    endloop
  endfacet
  facet normal    1.000000e+00   0.000000e+00   0.000000e+00
    outer loop
      vertex  -7.200000e-01  -4.240000e-01   1.450000e-01
      vertex  -7.200000e-01  -4.593333e-01   1.700000e-01
      vertex  -7.200000e-01  -4.593333e-01   1.200000e-01
    endloop
  endfacet
  facet normal    1.000000e+00   0.000000e+00  -0.000000e+00
    outer loop
      vertex  -7.200000e-01  -3.533333e-01   1.450000e-01
      vertex  -7.200000e-01  -3.180000e-01   1.700000e-01
      vertex  -7.200000e-01  -3.886667e-01   1.700000e-01
    endloop
  endfacet
  facet normal    1.000000e+00  -0.000000e+00   0.000000e+00
    outer loop
      vertex  -7.200000e-01  -4.240000e-01   1.450000e-01
      vertex  -7.200000e-01  -3.886667e-01   1.200000e-01
      vertex  -7.200000e-01  -3.886667e-01   1.700000e-01
    endloop
  endfacet
  facet normal    1.000000e+00   0.000000e+00   0.000000e+00
    outer loop
      vertex  -7.200000e-01  -3.533333e-01   1.450000e-01
      vertex  -7.200000e-01  -3.886667e-01   1.700000e-01
      vertex  -7.200000e-01  -3.886667e-01   1.200000e-01
    endloop
  endfacet
  facet normal    1.000000e+00   0.000000e+00  -0.000000e+00
    outer loop
      vertex  -7.200000e-01  -2.826667e-01   1.450000e-01
      vertex  -7.200000e-01  -2.473333e-01   1.700000e-01
      vertex  -7.200000e-01  -3.180000e-01   1.700000e-01
    endloop
  endfacet
  facet normal    1.000000e+00  -0.000000e+00   0.000000e+00
    outer loop
      vertex  -7.200000e-01  -3.533333e-01   1.450000e-01
      vertex  -7.200000e-01  -3.180000e-01   1.200000e-01
      vertex  -7.200000e-01  -3.180000e-01   1.700000e-01
    endloop
  endfacet
  facet normal    1.000000e+00   0.000000e+00   0.000000e+00
    outer loop
      vertex  -7.200000e-01  -2.826667e-01   1.450000e-01
      vertex  -7.200000e-01  -3.180000e-01   1.700000e-01
      vertex  -7.200000e-01  -3.180000e-01   1.200000e-01
    endloop
  endfacet
  facet normal    1.000000e+00   0.000000e+00  -0.000000e+00
    outer loop
      vertex  -7.200000e-01  -2.120000e-01   1.450000e-01
      vertex  -7.200000e-01  -1.766667e-01   1.700000e-01
      vertex  -7.200000e-01  -2.473333e-01   1.700000e-01
    endloop
  endfacet
  facet normal    1.000000e+00   0.000000e+00   0.000000e+00
    outer loop
      vertex  -7.200000e-01  -2.120000e-01   1.450000e-01
      vertex  -7.200000e-01  -2.473333e-01   1.700000e-01
      vertex  -7.200000e-01  -2.473333e-01   1.200000e-01
    endloop
  endfacet
  facet normal    1.000000e+00  -0.000000e+00   0.000000e+00
    outer loop
      vertex  -7.200000e-01  -2.826667e-01   1.450000e-01
      vertex  -7.200000e-01  -2.473333e-01   1.200000e-01
      vertex  -7.200000e-01  -2.473333e-01   1.700000e-01
    endloop
  endfacet
  facet normal    1.000000e+00   0.000000e+00  -0.000000e+00
    outer loop
      vertex  -7.200000e-01  -1.413333e-01   1.450000e-01
      vertex  -7.200000e-01  -1.060000e-01   1.700000e-01
      vertex  -7.200000e-01  -1.766667e-01   1.700000e-01
    endloop
  endfacet
  facet normal    1.000000e+00   0.000000e+00   0.000000e+00
    outer loop
      vertex  -7.200000e-01  -1.413333e-01   1.450000e-01
      vertex  -7.200000e-01  -1.766667e-01   1.700000e-01
      vertex  -7.200000e-01  -1.766667e-01   1.200000e-01
    endloop
  endfacet
  facet normal    1.000000e+00  -0.000000e+00   0.000000e+00
    outer loop
      vertex  -7.200000e-01  -2.120000e-01   1.450000e-01
      vertex  -7.200000e-01  -1.766667e-01   1.200000e-01
      vertex  -7.200000e-01  -1.766667e-01   1.700000e-01
    endloop
  endfacet
  facet normal    1.000000e+00   0.000000e+00  -0.000000e+00
    outer loop
      vertex  -7.200000e-01  -7.066667e-02   1.450000e-01
      vertex  -7.200000e-01  -3.533333e-02   1.700000e-01
      vertex  -7.200000e-01  -1.060000e-01   1.700000e-01
    endloop
  endfacet
  facet normal    1.000000e+00  -0.000000e+00   0.000000e+00
    outer loop
      vertex  -7.200000e-01  -1.413333e-01   1.450000e-01
      vertex  -7.200000e-01  -1.060000e-01   1.200000e-01
      vertex  -7.200000e-01  -1.060000e-01   1.700000e-01
    endloop
  endfacet
  facet normal    1.000000e+00   0.000000e+00   0.000000e+00
    outer loop
      vertex  -7.200000e-01  -7.066667e-02   1.450000e-01
      vertex  -7.200000e-01  -1.060000e-01   1.700000e-01
      vertex  -7.200000e-01  -1.060000e-01   1.200000e-01
    endloop
  endfacet
  facet normal    1.000000e+00   0.000000e+00  -0.000000e+00
    outer loop
      vertex  -7.200000e-01   1.110223e-15   1.450000e-01
      vertex  -7.200000e-01   3.533333e-02   1.700000e-01
      vertex  -7.200000e-01  -3.533333e-02   1.700000e-01
    endloop
  endfacet
  facet normal    1.000000e+00   0.000000e+00   0.000000e+00
    outer loop
      vertex  -7.200000e-01   1.110223e-15   1.450000e-01
      vertex  -7.200000e-01  -3.533333e-02   1.700000e-01
      vertex  -7.200000e-01  -3.533333e-02   1.200000e-01
    endloop
  endfacet
  facet normal    1.000000e+00  -0.000000e+00   0.000000e+00
    outer loop
      vertex  -7.200000e-01  -7.066667e-02   1.450000e-01
      vertex  -7.200000e-01  -3.533333e-02   1.200000e-01
      vertex  -7.200000e-01  -3.533333e-02   1.700000e-01
    endloop
  endfacet
  facet normal    1.000000e+00   0.000000e+00  -0.000000e+00
    outer loop
      vertex  -7.200000e-01   7.066667e-02   1.450000e-01
      vertex  -7.200000e-01   1.060000e-01   1.700000e-01
      vertex  -7.200000e-01   3.533333e-02   1.700000e-01
    endloop
  endfacet
  facet normal    1.000000e+00  -0.000000e+00   0.000000e+00
    outer loop
      vertex  -7.200000e-01   1.110223e-15   1.450000e-01
      vertex  -7.200000e-01   3.533333e-02   1.200000e-01
      vertex  -7.200000e-01   3.533333e-02   1.700000e-01
    endloop
  endfacet
  facet normal    1.000000e+00   0.000000e+00   0.000000e+00
    outer loop
      vertex  -7.200000e-01   7.066667e-02   1.450000e-01
      vertex  -7.200000e-01   3.533333e-02   1.700000e-01
      vertex  -7.200000e-01   3.533333e-02   1.200000e-01
    endloop
  endfacet
  facet normal    1.000000e+00   0.000000e+00  -0.000000e+00
    outer loop
      vertex  -7.200000e-01   1.413333e-01   1.450000e-01
      vertex  -7.200000e-01   1.766667e-01   1.700000e-01
      vertex  -7.200000e-01   1.060000e-01   1.700000e-01
    endloop
  endfacet
  facet normal    1.000000e+00  -0.000000e+00   0.000000e+00
    outer loop
      vertex  -7.200000e-01   7.066667e-02   1.450000e-01
      vertex  -7.200000e-01   1.060000e-01   1.200000e-01
      vertex  -7.200000e-01   1.060000e-01   1.700000e-01
    endloop
  endfacet
  facet normal    1.000000e+00   0.000000e+00   0.000000e+00
    outer loop
      vertex  -7.200000e-01   1.413333e-01   1.450000e-01
      vertex  -7.200000e-01   1.060000e-01   1.700000e-01
      vertex  -7.200000e-01   1.060000e-01   1.200000e-01
    endloop
  endfacet
  facet normal    1.000000e+00   0.000000e+00  -0.000000e+00
    outer loop
      vertex  -7.200000e-01   2.120000e-01   1.450000e-01
      vertex  -7.200000e-01   2.473333e-01   1.700000e-01
      vertex  -7.200000e-01   1.766667e-01   1.700000e-01
    endloop
  endfacet
  facet normal    1.000000e+00  -0.000000e+00   0.000000e+00
    outer loop
      vertex  -7.200000e-01   1.413333e-01   1.450000e-01
      vertex  -7.200000e-01   1.766667e-01   1.200000e-01
      vertex  -7.200000e-01   1.766667e-01   1.700000e-01
    endloop
  endfacet
  facet normal    1.000000e+00   0.000000e+00   0.000000e+00
    outer loop
      vertex  -7.200000e-01   2.120000e-01   1.450000e-01
      vertex  -7.200000e-01   1.766667e-01   1.700000e-01
      vertex  -7.200000e-01   1.766667e-01   1.200000e-01
    endloop
  endfacet
  facet normal    1.000000e+00   0.000000e+00  -0.000000e+00
    outer loop
      vertex  -7.200000e-01   2.826667e-01   1.450000e-01
      vertex  -7.200000e-01   3.180000e-01   1.700000e-01
      vertex  -7.200000e-01   2.473333e-01   1.700000e-01
    endloop
  endfacet
  facet normal    1.000000e+00   0.000000e+00   0.000000e+00
    outer loop
      vertex  -7.200000e-01   2.826667e-01   1.450000e-01
      vertex  -7.200000e-01   2.473333e-01   1.700000e-01
      vertex  -7.200000e-01   2.473333e-01   1.200000e-01
    endloop
  endfacet
  facet normal    1.000000e+00  -0.000000e+00   0.000000e+00
    outer loop
      vertex  -7.200000e-01   2.120000e-01   1.450000e-01
      vertex  -7.200000e-01   2.473333e-01   1.200000e-01
      vertex  -7.200000e-01   2.473333e-01   1.700000e-01
    endloop
  endfacet
  facet normal    1.000000e+00   0.000000e+00  -0.000000e+00
    outer loop
      vertex  -7.200000e-01   3.533333e-01   1.450000e-01
      vertex  -7.200000e-01   3.886667e-01   1.700000e-01
      vertex  -7.200000e-01   3.180000e-01   1.700000e-01
    endloop
  endfacet
  facet normal    1.000000e+00  -0.000000e+00   0.000000e+00
    outer loop
      vertex  -7.200000e-01   2.826667e-01   1.450000e-01
      vertex  -7.200000e-01   3.180000e-01   1.200000e-01
      vertex  -7.200000e-01   3.180000e-01   1.700000e-01
    endloop
  endfacet
  facet normal    1.000000e+00   0.000000e+00   0.000000e+00
    outer loop
      vertex  -7.200000e-01   3.533333e-01   1.450000e-01
      vertex  -7.200000e-01   3.180000e-01   1.700000e-01
      vertex  -7.200000e-01   3.180000e-01   1.200000e-01
    endloop
  endfacet
  facet normal    1.000000e+00   0.000000e+00  -0.000000e+00
    outer loop
      vertex  -7.200000e-01   4.240000e-01   1.450000e-01
      vertex  -7.200000e-01   4.593333e-01   1.700000e-01
      vertex  -7.200000e-01   3.886667e-01   1.700000e-01
    endloop
  endfacet
  facet normal    1.000000e+00   0.000000e+00   0.000000e+00
    outer loop
      vertex  -7.200000e-01   4.240000e-01   1.450000e-01
      vertex  -7.200000e-01   3.886667e-01   1.700000e-01
      vertex  -7.200000e-01   3.886667e-01   1.200000e-01
    endloop
  endfacet
  facet normal    1.000000e+00  -0.000000e+00   0.000000e+00
    outer loop
      vertex  -7.200000e-01   3.533333e-01   1.450000e-01
      vertex  -7.200000e-01   3.886667e-01   1.200000e-01
      vertex  -7.200000e-01   3.886667e-01   1.700000e-01
    endloop
  endfacet
  facet normal    1.000000e+00  -0.000000e+00   0.000000e+00
    outer loop
      vertex  -7.200000e-01   4.240000e-01   1.450000e-01
      vertex  -7.200000e-01   4.593333e-01   1.200000e-01
      vertex  -7.200000e-01   4.593333e-01   1.700000e-01
    endloop
  endfacet
  facet normal    1.000000e+00   0.000000e+00   0.000000e+00
    outer loop
      vertex  -7.200000e-01   4.946667e-01   1.450000e-01
      vertex  -7.200000e-01   4.593333e-01   1.700000e-01
      vertex  -7.200000e-01   4.593333e-01   1.200000e-01
    endloop
  endfacet
  facet normal    1.000000e+00   0.000000e+00   0.000000e+00
    outer loop
      vertex  -7.200000e-01  -4.240000e-01   1.450000e-01
      vertex  -7.200000e-01  -4.593333e-01   1.200000e-01
      vertex  -7.200000e-01  -3.886667e-01   1.200000e-01
    endloop
  endfacet
  facet normal    1.000000e+00   0.000000e+00   0.000000e+00
    outer loop
      vertex  -7.200000e-01  -3.533333e-01   1.450000e-01
      vertex  -7.200000e-01  -3.886667e-01   1.200000e-01
      vertex  -7.200000e-01  -3.180000e-01   1.200000e-01
    endloop
  endfacet
  facet normal    1.000000e+00   0.000000e+00   0.000000e+00
    outer loop
      vertex  -7.200000e-01  -2.826667e-01   1.450000e-01
      vertex  -7.200000e-01  -3.180000e-01   1.200000e-01
      vertex  -7.200000e-01  -2.473333e-01   1.200000e-01
    endloop
  endfacet
  facet normal    1.000000e+00   0.000000e+00   0.000000e+00
    outer loop
      vertex  -7.200000e-01  -2.120000e-01   1.450000e-01
      vertex  -7.200000e-01  -2.473333e-01   1.200000e-01
      vertex  -7.200000e-01  -1.766667e-01   1.200000e-01
    endloop
  endfacet
  facet normal    1.000000e+00   0.000000e+00   0.000000e+00
    outer loop
      vertex  -7.200000e-01  -1.413333e-01   1.450000e-01
      vertex  -7.200000e-01  -1.766667e-01   1.200000e-01
      vertex  -7.200000e-01  -1.060000e-01   1.200000e-01
    endloop
  endfacet
  facet normal    1.000000e+00   0.000000e+00   0.000000e+00
    outer loop
      vertex  -7.200000e-01  -7.066667e-02   1.450000e-01
      vertex  -7.200000e-01  -1.060000e-01   1.200000e-01
      vertex  -7.200000e-01  -3.533333e-02   1.200000e-01
    endloop
  endfacet
  facet normal    1.000000e+00   0.000000e+00   0.000000e+00
    outer loop
      vertex  -7.200000e-01   1.110223e-15   1.450000e-01
      vertex  -7.200000e-01  -3.533333e-02   1.200000e-01
      vertex  -7.200000e-01   3.533333e-02   1.200000e-01
    endloop
  endfacet
  facet normal    1.000000e+00   0.000000e+00   0.000000e+00
    outer loop
      vertex  -7.200000e-01   7.066667e-02   1.450000e-01
      vertex  -7.200000e-01   3.533333e-02   1.200000e-01
      vertex  -7.200000e-01   1.060000e-01   1.200000e-01
    endloop
  endfacet
  facet normal    1.000000e+00   0.000000e+00   0.000000e+00
    outer loop
      vertex  -7.200000e-01   1.413333e-01   1.450000e-01
      vertex  -7.200000e-01   1.060000e-01   1.200000e-01
      vertex  -7.200000e-01   1.766667e-01   1.200000e-01
    endloop
  endfacet
  facet normal    1.000000e+00   0.000000e+00   0.000000e+00
    outer loop
      vertex  -7.200000e-01   2.120000e-01   1.450000e-01
      vertex  -7.200000e-01   1.766667e-01   1.200000e-01
      vertex  -7.200000e-01   2.473333e-01   1.200000e-01
    endloop
  endfacet
  facet normal    1.000000e+00   0.000000e+00   0.000000e+00
    outer loop
      vertex  -7.200000e-01   2.826667e-01   1.450000e-01
      vertex  -7.200000e-01   2.473333e-01   1.200000e-01
      vertex  -7.200000e-01   3.180000e-01   1.200000e-01
    endloop
  endfacet
  facet normal    1.000000e+00   0.000000e+00   0.000000e+00
    outer loop
      vertex  -7.200000e-01   3.533333e-01   1.450000e-01
      vertex  -7.200000e-01   3.180000e-01   1.200000e-01
      vertex  -7.200000e-01   3.886667e-01   1.200000e-01
    endloop
  endfacet
  facet normal    1.000000e+00   0.000000e+00   0.000000e+00
    outer loop
      vertex  -7.200000e-01   4.240000e-01   1.450000e-01
      vertex  -7.200000e-01   3.886667e-01   1.200000e-01
      vertex  -7.200000e-01   4.593333e-01   1.200000e-01
    endloop
  endfacet
  facet normal    0.000000e+00   1.000000e+00   0.000000e+00
    outer loop
      vertex  -6.857143e-01  -5.300000e-01   1.450000e-01
      vertex  -7.200000e-01  -5.300000e-01   1.200000e-01
      vertex  -7.200000e-01  -5.300000e-01   1.700000e-01
    endloop
  endfacet
  facet normal    0.000000e+00   1.000000e+00  -0.000000e+00
    outer loop
      vertex  -6.857143e-01  -5.300000e-01   1.450000e-01
      vertex  -7.200000e-01  -5.300000e-01   1.700000e-01
      vertex  -6.514286e-01  -5.300000e-01   1.700000e-01
    endloop
  endfacet
  facet normal    0.000000e+00   1.000000e+00   0.000000e+00
    outer loop
      vertex  -6.857143e-01  -5.300000e-01   1.450000e-01
      vertex  -6.514286e-01  -5.300000e-01   1.200000e-01
      vertex  -7.200000e-01  -5.300000e-01   1.200000e-01
    endloop
  endfacet
  facet normal   -0.000000e+00   1.000000e+00   0.000000e+00
    outer loop
      vertex   6.857143e-01  -5.300000e-01   1.450000e-01
      vertex   7.200000e-01  -5.300000e-01   1.700000e-01
      vertex   7.200000e-01  -5.300000e-01   1.200000e-01
    endloop
  endfacet
  facet normal    0.000000e+00   1.000000e+00   0.000000e+00
    outer loop
      vertex   6.857143e-01  -5.300000e-01   1.450000e-01
      vertex   7.200000e-01  -5.300000e-01   1.200000e-01
      vertex   6.514286e-01  -5.300000e-01   1.200000e-01
    endloop
  endfacet
  facet normal    0.000000e+00   1.000000e+00  -0.000000e+00
    outer loop
      vertex   6.857143e-01  -5.300000e-01   1.450000e-01
      vertex   6.514286e-01  -5.300000e-01   1.700000e-01
      vertex   7.200000e-01  -5.300000e-01   1.700000e-01
    endloop
  endfacet
  facet normal    0.000000e+00   1.000000e+00   0.000000e+00
    outer loop
      vertex  -6.171429e-01  -5.300000e-01   1.450000e-01
      vertex  -5.828571e-01  -5.300000e-01   1.200000e-01
      vertex  -6.514286e-01  -5.300000e-01   1.200000e-01
    endloop
  endfacet
  facet normal   -0.000000e+00   1.000000e+00   0.000000e+00
    outer loop
      vertex  -6.857143e-01  -5.300000e-01   1.450000e-01
      vertex  -6.514286e-01  -5.300000e-01   1.700000e-01
      vertex  -6.514286e-01  -5.300000e-01   1.200000e-01
    endloop
  endfacet
  facet normal    0.000000e+00   1.000000e+00   0.000000e+00
    outer loop
      vertex  -6.171429e-01  -5.300000e-01   1.450000e-01
      vertex  -6.514286e-01  -5.300000e-01   1.200000e-01
      vertex  -6.514286e-01  -5.300000e-01   1.700000e-01
    endloop
  endfacet
  facet normal    0.000000e+00   1.000000e+00   0.000000e+00
    outer loop
      vertex  -5.485714e-01  -5.300000e-01   1.450000e-01
      vertex  -5.142857e-01  -5.300000e-01   1.200000e-01
      vertex  -5.828571e-01  -5.300000e-01   1.200000e-01
    endloop
  endfacet
  facet normal   -0.000000e+00   1.000000e+00   0.000000e+00
    outer loop
      vertex  -6.171429e-01  -5.300000e-01   1.450000e-01
      vertex  -5.828571e-01  -5.300000e-01   1.700000e-01
      vertex  -5.828571e-01  -5.300000e-01   1.200000e-01
    endloop
  endfacet
  facet normal    0.000000e+00   1.000000e+00   0.000000e+00
    outer loop
      vertex  -5.485714e-01  -5.300000e-01   1.450000e-01
      vertex  -5.828571e-01  -5.300000e-01   1.200000e-01
      vertex  -5.828571e-01  -5.300000e-01   1.700000e-01
    endloop
  endfacet
  facet normal    0.000000e+00   1.000000e+00   0.000000e+00
    outer loop
      vertex  -4.800000e-01  -5.300000e-01   1.450000e-01
      vertex  -4.457143e-01  -5.300000e-01   1.200000e-01
      vertex  -5.142857e-01  -5.300000e-01   1.200000e-01
    endloop
  endfacet
  facet normal   -0.000000e+00   1.000000e+00   0.000000e+00
    outer loop
      vertex  -5.485714e-01  -5.300000e-01   1.450000e-01
      vertex  -5.142857e-01  -5.300000e-01   1.700000e-01
      vertex  -5.142857e-01  -5.300000e-01   1.200000e-01
    endloop
  endfacet
  facet normal    0.000000e+00   1.000000e+00   0.000000e+00
    outer loop
      vertex  -4.800000e-01  -5.300000e-01   1.450000e-01
      vertex  -5.142857e-01  -5.300000e-01   1.200000e-01
      vertex  -5.142857e-01  -5.300000e-01   1.700000e-01
    endloop
  endfacet
  facet normal    0.000000e+00   1.000000e+00   0.000000e+00
    outer loop
      vertex  -4.114286e-01  -5.300000e-01   1.450000e-01
      vertex  -3.771429e-01  -5.300000e-01   1.200000e-01
      vertex  -4.457143e-01  -5.300000e-01   1.200000e-01
    endloop
  endfacet
  facet normal   -0.000000e+00   1.000000e+00   0.000000e+00
    outer loop
      vertex  -4.800000e-01  -5.300000e-01   1.450000e-01
      vertex  -4.457143e-01  -5.300000e-01   1.700000e-01
      vertex  -4.457143e-01  -5.300000e-01   1.200000e-01
    endloop
  endfacet
  facet normal    0.000000e+00   1.000000e+00   0.000000e+00
    outer loop
      vertex  -4.114286e-01  -5.300000e-01   1.450000e-01
      vertex  -4.457143e-01  -5.300000e-01   1.200000e-01
      vertex  -4.457143e-01  -5.300000e-01   1.700000e-01
    endloop
  endfacet
  facet normal    0.000000e+00   1.000000e+00   0.000000e+00
    outer loop
      vertex  -3.428571e-01  -5.300000e-01   1.450000e-01
      vertex  -3.085714e-01  -5.300000e-01   1.200000e-01
      vertex  -3.771429e-01  -5.300000e-01   1.200000e-01
    endloop
  endfacet
  facet normal   -0.000000e+00   1.000000e+00   0.000000e+00
    outer loop
      vertex  -4.114286e-01  -5.300000e-01   1.450000e-01
      vertex  -3.771429e-01  -5.300000e-01   1.700000e-01
      vertex  -3.771429e-01  -5.300000e-01   1.200000e-01
    endloop
  endfacet
  facet normal    0.000000e+00   1.000000e+00   0.000000e+00
    outer loop
      vertex  -3.428571e-01  -5.300000e-01   1.450000e-01
      vertex  -3.771429e-01  -5.300000e-01   1.200000e-01
      vertex  -3.771429e-01  -5.300000e-01   1.700000e-01
    endloop
  endfacet
  facet normal    0.000000e+00   1.000000e+00   0.000000e+00
    outer loop
      vertex  -2.742857e-01  -5.300000e-01   1.450000e-01
      vertex  -2.400000e-01  -5.300000e-01   1.200000e-01
      vertex  -3.085714e-01  -5.300000e-01   1.200000e-01
    endloop
  endfacet
  facet normal   -0.000000e+00   1.000000e+00   0.000000e+00
    outer loop
      vertex  -3.428571e-01  -5.300000e-01   1.450000e-01
      vertex  -3.085714e-01  -5.300000e-01   1.700000e-01
      vertex  -3.085714e-01  -5.300000e-01   1.200000e-01
    endloop
  endfacet
  facet normal    0.000000e+00   1.000000e+00   0.000000e+00
    outer loop
      vertex  -2.742857e-01  -5.300000e-01   1.450000e-01
      vertex  -3.085714e-01  -5.300000e-01   1.200000e-01
      vertex  -3.085714e-01  -5.300000e-01   1.700000e-01
    endloop
  endfacet
  facet normal    0.000000e+00   1.000000e+00   0.000000e+00
    outer loop
      vertex  -2.057143e-01  -5.300000e-01   1.450000e-01
      vertex  -1.714286e-01  -5.300000e-01   1.200000e-01
      vertex  -2.400000e-01  -5.300000e-01   1.200000e-01
    endloop
  endfacet
  facet normal   -0.000000e+00   1.000000e+00   0.000000e+00
    outer loop
      vertex  -2.742857e-01  -5.300000e-01   1.450000e-01
      vertex  -2.400000e-01  -5.300000e-01   1.700000e-01
      vertex  -2.400000e-01  -5.300000e-01   1.200000e-01
    endloop
  endfacet
  facet normal    0.000000e+00   1.000000e+00   0.000000e+00
    outer loop
      vertex  -2.057143e-01  -5.300000e-01   1.450000e-01
      vertex  -2.400000e-01  -5.300000e-01   1.200000e-01
      vertex  -2.400000e-01  -5.300000e-01   1.700000e-01
    endloop
  endfacet
  facet normal    0.000000e+00   1.000000e+00   0.000000e+00
    outer loop
      vertex  -1.371429e-01  -5.300000e-01   1.450000e-01
      vertex  -1.028571e-01  -5.300000e-01   1.200000e-01
      vertex  -1.714286e-01  -5.300000e-01   1.200000e-01
    endloop
  endfacet
  facet normal    0.000000e+00   1.000000e+00   0.000000e+00
    outer loop
      vertex  -1.371429e-01  -5.300000e-01   1.450000e-01
      vertex  -1.714286e-01  -5.300000e-01   1.200000e-01
      vertex  -1.714286e-01  -5.300000e-01   1.700000e-01
    endloop
  endfacet
  facet normal   -0.000000e+00   1.000000e+00   0.000000e+00
    outer loop
      vertex  -2.057143e-01  -5.300000e-01   1.450000e-01
      vertex  -1.714286e-01  -5.300000e-01   1.700000e-01
      vertex  -1.714286e-01  -5.300000e-01   1.200000e-01
    endloop
  endfacet
  facet normal    0.000000e+00   1.000000e+00   0.000000e+00
    outer loop
      vertex  -6.857143e-02  -5.300000e-01   1.450000e-01
      vertex  -3.428571e-02  -5.300000e-01   1.200000e-01
      vertex  -1.028571e-01  -5.300000e-01   1.200000e-01
    endloop
  endfacet
  facet normal    0.000000e+00   1.000000e+00   0.000000e+00
    outer loop
      vertex  -6.857143e-02  -5.300000e-01   1.450000e-01
      vertex  -1.028571e-01  -5.300000e-01   1.200000e-01
      vertex  -1.028571e-01  -5.300000e-01   1.700000e-01
    endloop
  endfacet
  facet normal   -0.000000e+00   1.000000e+00   0.000000e+00
    outer loop
      vertex  -1.371429e-01  -5.300000e-01   1.450000e-01
      vertex  -1.028571e-01  -5.300000e-01   1.700000e-01
      vertex  -1.028571e-01  -5.300000e-01   1.200000e-01
    endloop
  endfacet
  facet normal    0.000000e+00   1.000000e+00   0.000000e+00
    outer loop
      vertex   1.110223e-16  -5.300000e-01   1.450000e-01
      vertex   3.428571e-02  -5.300000e-01   1.200000e-01
      vertex  -3.428571e-02  -5.300000e-01   1.200000e-01
    endloop
  endfacet
  facet normal    0.000000e+00   1.000000e+00   0.000000e+00
    outer loop
      vertex   1.110223e-16  -5.300000e-01   1.450000e-01
      vertex  -3.428571e-02  -5.300000e-01   1.200000e-01
      vertex  -3.428571e-02  -5.300000e-01   1.700000e-01
    endloop
  endfacet
  facet normal   -0.000000e+00   1.000000e+00   0.000000e+00
    outer loop
      vertex  -6.857143e-02  -5.300000e-01   1.450000e-01
      vertex  -3.428571e-02  -5.300000e-01   1.700000e-01
      vertex  -3.428571e-02  -5.300000e-01   1.200000e-01
    endloop
  endfacet
  facet normal    0.000000e+00   1.000000e+00   0.000000e+00
    outer loop
      vertex   6.857143e-02  -5.300000e-01   1.450000e-01
      vertex   1.028571e-01  -5.300000e-01   1.200000e-01
      vertex   3.428571e-02  -5.300000e-01   1.200000e-01
    endloop
  endfacet
  facet normal   -0.000000e+00   1.000000e+00   0.000000e+00
    outer loop
      vertex   1.110223e-16  -5.300000e-01   1.450000e-01
      vertex   3.428571e-02  -5.300000e-01   1.700000e-01
      vertex   3.428571e-02  -5.300000e-01   1.200000e-01
    endloop
  endfacet
  facet normal    0.000000e+00   1.000000e+00   0.000000e+00
    outer loop
      vertex   6.857143e-02  -5.300000e-01   1.450000e-01
      vertex   3.428571e-02  -5.300000e-01   1.200000e-01
      vertex   3.428571e-02  -5.300000e-01   1.700000e-01
    endloop
  endfacet
  facet normal    0.000000e+00   1.000000e+00   0.000000e+00
    outer loop
      vertex   1.371429e-01  -5.300000e-01   1.450000e-01
      vertex   1.714286e-01  -5.300000e-01   1.200000e-01
      vertex   1.028571e-01  -5.300000e-01   1.200000e-01
    endloop
  endfacet
  facet normal   -0.000000e+00   1.000000e+00   0.000000e+00
    outer loop
      vertex   6.857143e-02  -5.300000e-01   1.450000e-01
      vertex   1.028571e-01  -5.300000e-01   1.700000e-01
      vertex   1.028571e-01  -5.300000e-01   1.200000e-01
    endloop
  endfacet
  facet normal    0.000000e+00   1.000000e+00   0.000000e+00
    outer loop
      vertex   1.371429e-01  -5.300000e-01   1.450000e-01
      vertex   1.028571e-01  -5.300000e-01   1.200000e-01
      vertex   1.028571e-01  -5.300000e-01   1.700000e-01
    endloop
  endfacet
  facet normal    0.000000e+00   1.000000e+00   0.000000e+00
    outer loop
      vertex   2.057143e-01  -5.300000e-01   1.450000e-01
      vertex   2.400000e-01  -5.300000e-01   1.200000e-01
      vertex   1.714286e-01  -5.300000e-01   1.200000e-01
    endloop
  endfacet
  facet normal    0.000000e+00   1.000000e+00   0.000000e+00
    outer loop
      vertex   2.057143e-01  -5.300000e-01   1.450000e-01
      vertex   1.714286e-01  -5.300000e-01   1.200000e-01
      vertex   1.714286e-01  -5.300000e-01   1.700000e-01
    endloop
  endfacet
  facet normal   -0.000000e+00   1.000000e+00   0.000000e+00
    outer loop
      vertex   1.371429e-01  -5.300000e-01   1.450000e-01
      vertex   1.714286e-01  -5.300000e-01   1.700000e-01
      vertex   1.714286e-01  -5.300000e-01   1.200000e-01
    endloop
  endfacet
  facet normal    0.000000e+00   1.000000e+00   0.000000e+00
    outer loop
      vertex   2.742857e-01  -5.300000e-01   1.450000e-01
      vertex   3.085714e-01  -5.300000e-01   1.200000e-01
      vertex   2.400000e-01  -5.300000e-01   1.200000e-01
    endloop
  endfacet
  facet normal   -0.000000e+00   1.000000e+00   0.000000e+00
    outer loop
      vertex   2.057143e-01  -5.300000e-01   1.450000e-01
      vertex   2.400000e-01  -5.300000e-01   1.700000e-01
      vertex   2.400000e-01  -5.300000e-01   1.200000e-01
    endloop
  endfacet
  facet normal    0.000000e+00   1.000000e+00   0.000000e+00
    outer loop
      vertex   2.742857e-01  -5.300000e-01   1.450000e-01
      vertex   2.400000e-01  -5.300000e-01   1.200000e-01
      vertex   2.400000e-01  -5.300000e-01   1.700000e-01
    endloop
  endfacet
  facet normal    0.000000e+00   1.000000e+00   0.000000e+00
    outer loop
      vertex   3.428571e-01  -5.300000e-01   1.450000e-01
      vertex   3.771429e-01  -5.300000e-01   1.200000e-01
      vertex   3.085714e-01  -5.300000e-01   1.200000e-01
    endloop
  endfacet
  facet normal    0.000000e+00   1.000000e+00   0.000000e+00
    outer loop
      vertex   3.428571e-01  -5.300000e-01   1.450000e-01
      vertex   3.085714e-01  -5.300000e-01   1.200000e-01
      vertex   3.085714e-01  -5.300000e-01   1.700000e-01
    endloop
  endfacet
  facet normal   -0.000000e+00   1.000000e+00   0.000000e+00
    outer loop
      vertex   2.742857e-01  -5.300000e-01   1.450000e-01
      vertex   3.085714e-01  -5.300000e-01   1.700000e-01
      vertex   3.085714e-01  -5.300000e-01   1.200000e-01
    endloop
  endfacet
  facet normal    0.000000e+00   1.000000e+00   0.000000e+00
    outer loop
      vertex   4.114286e-01  -5.300000e-01   1.450000e-01
      vertex   4.457143e-01  -5.300000e-01   1.200000e-01
      vertex   3.771429e-01  -5.300000e-01   1.200000e-01
    endloop
  endfacet
  facet normal   -0.000000e+00   1.000000e+00   0.000000e+00
    outer loop
      vertex   3.428571e-01  -5.300000e-01   1.450000e-01
      vertex   3.771429e-01  -5.300000e-01   1.700000e-01
      vertex   3.771429e-01  -5.300000e-01   1.200000e-01
    endloop
  endfacet
  facet normal    0.000000e+00   1.000000e+00   0.000000e+00
    outer loop
      vertex   4.114286e-01  -5.300000e-01   1.450000e-01
      vertex   3.771429e-01  -5.300000e-01   1.200000e-01
      vertex   3.771429e-01  -5.300000e-01   1.700000e-01
    endloop
  endfacet
  facet normal    0.000000e+00   1.000000e+00   0.000000e+00
    outer loop
      vertex   4.800000e-01  -5.300000e-01   1.450000e-01
      vertex   5.142857e-01  -5.300000e-01   1.200000e-01
      vertex   4.457143e-01  -5.300000e-01   1.200000e-01
    endloop
  endfacet
  facet normal   -0.000000e+00   1.000000e+00   0.000000e+00
    outer loop
      vertex   4.114286e-01  -5.300000e-01   1.450000e-01
      vertex   4.457143e-01  -5.300000e-01   1.700000e-01
      vertex   4.457143e-01  -5.300000e-01   1.200000e-01
    endloop
  endfacet
  facet normal    0.000000e+00   1.000000e+00   0.000000e+00
    outer loop
      vertex   4.800000e-01  -5.300000e-01   1.450000e-01
      vertex   4.457143e-01  -5.300000e-01   1.200000e-01
      vertex   4.457143e-01  -5.300000e-01   1.700000e-01
    endloop
  endfacet
  facet normal    0.000000e+00   1.000000e+00   0.000000e+00
    outer loop
      vertex   5.485714e-01  -5.300000e-01   1.450000e-01
      vertex   5.828571e-01  -5.300000e-01   1.200000e-01
      vertex   5.142857e-01  -5.300000e-01   1.200000e-01
    endloop
  endfacet
  facet normal   -0.000000e+00   1.000000e+00   0.000000e+00
    outer loop
      vertex   4.800000e-01  -5.300000e-01   1.450000e-01
      vertex   5.142857e-01  -5.300000e-01   1.700000e-01
      vertex   5.142857e-01  -5.300000e-01   1.200000e-01
    endloop
  endfacet
  facet normal    0.000000e+00   1.000000e+00   0.000000e+00
    outer loop
      vertex   5.485714e-01  -5.300000e-01   1.450000e-01
      vertex   5.142857e-01  -5.300000e-01   1.200000e-01
      vertex   5.142857e-01  -5.300000e-01   1.700000e-01
    endloop
  endfacet
  facet normal    0.000000e+00   1.000000e+00   0.000000e+00
    outer loop
      vertex   6.171429e-01  -5.300000e-01   1.450000e-01
      vertex   6.514286e-01  -5.300000e-01   1.200000e-01
      vertex   5.828571e-01  -5.300000e-01   1.200000e-01
    endloop
  endfacet
  facet normal   -0.000000e+00   1.000000e+00   0.000000e+00
    outer loop
      vertex   5.485714e-01  -5.300000e-01   1.450000e-01
      vertex   5.828571e-01  -5.300000e-01   1.700000e-01
      vertex   5.828571e-01  -5.300000e-01   1.200000e-01
    endloop
  endfacet
  facet normal    0.000000e+00   1.000000e+00   0.000000e+00
    outer loop
      vertex   6.171429e-01  -5.300000e-01   1.450000e-01
      vertex   5.828571e-01  -5.300000e-01   1.200000e-01
      vertex   5.828571e-01  -5.300000e-01   1.700000e-01
    endloop
  endfacet
  facet normal    0.000000e+00   1.000000e+00   0.000000e+00
    outer loop
      vertex   6.857143e-01  -5.300000e-01   1.450000e-01
      vertex   6.514286e-01  -5.300000e-01   1.200000e-01
      vertex   6.514286e-01  -5.300000e-01   1.700000e-01
    endloop
  endfacet
  facet normal   -0.000000e+00   1.000000e+00   0.000000e+00
    outer loop
      vertex   6.171429e-01  -5.300000e-01   1.450000e-01
      vertex   6.514286e-01  -5.300000e-01   1.700000e-01
      vertex   6.514286e-01  -5.300000e-01   1.200000e-01
    endloop
  endfacet
  facet normal    0.000000e+00   1.000000e+00  -0.000000e+00
    outer loop
      vertex  -6.171429e-01  -5.300000e-01   1.450000e-01
      vertex  -6.514286e-01  -5.300000e-01   1.700000e-01
      vertex  -5.828571e-01  -5.300000e-01   1.700000e-01
    endloop
  endfacet
  facet normal    0.000000e+00   1.000000e+00  -0.000000e+00
    outer loop
      vertex  -5.485714e-01  -5.300000e-01   1.450000e-01
      vertex  -5.828571e-01  -5.300000e-01   1.700000e-01
      vertex  -5.142857e-01  -5.300000e-01   1.700000e-01
    endloop
  endfacet
  facet normal    0.000000e+00   1.000000e+00  -0.000000e+00
    outer loop
      vertex  -4.800000e-01  -5.300000e-01   1.450000e-01
      vertex  -5.142857e-01  -5.300000e-01   1.700000e-01
      vertex  -4.457143e-01  -5.300000e-01   1.700000e-01
    endloop
  endfacet
  facet normal    0.000000e+00   1.000000e+00  -0.000000e+00
    outer loop
      vertex  -4.114286e-01  -5.300000e-01   1.450000e-01
      vertex  -4.457143e-01  -5.300000e-01   1.700000e-01
      vertex  -3.771429e-01  -5.300000e-01   1.700000e-01
    endloop
  endfacet
  facet normal    0.000000e+00   1.000000e+00  -0.000000e+00
    outer loop
      vertex  -3.428571e-01  -5.300000e-01   1.450000e-01
      vertex  -3.771429e-01  -5.300000e-01   1.700000e-01
      vertex  -3.085714e-01  -5.300000e-01   1.700000e-01
    endloop
  endfacet
  facet normal    0.000000e+00   1.000000e+00  -0.000000e+00
    outer loop
      vertex  -2.742857e-01  -5.300000e-01   1.450000e-01
      vertex  -3.085714e-01  -5.300000e-01   1.700000e-01
      vertex  -2.400000e-01  -5.300000e-01   1.700000e-01
    endloop
  endfacet
  facet normal    0.000000e+00   1.000000e+00  -0.000000e+00
    outer loop
      vertex  -2.057143e-01  -5.300000e-01   1.450000e-01
      vertex  -2.400000e-01  -5.300000e-01   1.700000e-01
      vertex  -1.714286e-01  -5.300000e-01   1.700000e-01
    endloop
  endfacet
  facet normal    0.000000e+00   1.000000e+00  -0.000000e+00
    outer loop
      vertex  -1.371429e-01  -5.300000e-01   1.450000e-01
      vertex  -1.714286e-01  -5.300000e-01   1.700000e-01
      vertex  -1.028571e-01  -5.300000e-01   1.700000e-01
    endloop
  endfacet
  facet normal    0.000000e+00   1.000000e+00  -0.000000e+00
    outer loop
      vertex  -6.857143e-02  -5.300000e-01   1.450000e-01
      vertex  -1.028571e-01  -5.300000e-01   1.700000e-01
      vertex  -3.428571e-02  -5.300000e-01   1.700000e-01
    endloop
  endfacet
  facet normal    0.000000e+00   1.000000e+00  -0.000000e+00
    outer loop
      vertex   1.110223e-16  -5.300000e-01   1.450000e-01
      vertex  -3.428571e-02  -5.300000e-01   1.700000e-01
      vertex   3.428571e-02  -5.300000e-01   1.700000e-01
    endloop
  endfacet
  facet normal    0.000000e+00   1.000000e+00  -0.000000e+00
    outer loop
      vertex   6.857143e-02  -5.300000e-01   1.450000e-01
      vertex   3.428571e-02  -5.300000e-01   1.700000e-01
      vertex   1.028571e-01  -5.300000e-01   1.700000e-01
    endloop
  endfacet
  facet normal    0.000000e+00   1.000000e+00  -0.000000e+00
    outer loop
      vertex   1.371429e-01  -5.300000e-01   1.450000e-01
      vertex   1.028571e-01  -5.300000e-01   1.700000e-01
      vertex   1.714286e-01  -5.300000e-01   1.700000e-01
    endloop
  endfacet
  facet normal    0.000000e+00   1.000000e+00  -0.000000e+00
    outer loop
      vertex   2.057143e-01  -5.300000e-01   1.450000e-01
      vertex   1.714286e-01  -5.300000e-01   1.700000e-01
      vertex   2.400000e-01  -5.300000e-01   1.700000e-01
    endloop
  endfacet
  facet normal    0.000000e+00   1.000000e+00  -0.000000e+00
    outer loop
      vertex   2.742857e-01  -5.300000e-01   1.450000e-01
      vertex   2.400000e-01  -5.300000e-01   1.700000e-01
      vertex   3.085714e-01  -5.300000e-01   1.700000e-01
    endloop
  endfacet
  facet normal    0.000000e+00   1.000000e+00  -0.000000e+00
    outer loop
      vertex   3.428571e-01  -5.300000e-01   1.450000e-01
      vertex   3.085714e-01  -5.300000e-01   1.700000e-01
      vertex   3.771429e-01  -5.300000e-01   1.700000e-01
    endloop
  endfacet
  facet normal    0.000000e+00   1.000000e+00  -0.000000e+00
    outer loop
      vertex   4.114286e-01  -5.300000e-01   1.450000e-01
      vertex   3.771429e-01  -5.300000e-01   1.700000e-01
      vertex   4.457143e-01  -5.300000e-01   1.700000e-01
    endloop
  endfacet
  facet normal    0.000000e+00   1.000000e+00  -0.000000e+00
    outer loop
      vertex   4.800000e-01  -5.300000e-01   1.450000e-01
      vertex   4.457143e-01  -5.300000e-01   1.700000e-01
      vertex   5.142857e-01  -5.300000e-01   1.700000e-01
    endloop
  endfacet
  facet normal    0.000000e+00   1.000000e+00  -0.000000e+00
    outer loop
      vertex   5.485714e-01  -5.300000e-01   1.450000e-01
      vertex   5.142857e-01  -5.300000e-01   1.700000e-01
      vertex   5.828571e-01  -5.300000e-01   1.700000e-01
    endloop
  endfacet
  facet normal    0.000000e+00   1.000000e+00  -0.000000e+00
    outer loop
      vertex   6.171429e-01  -5.300000e-01   1.450000e-01
      vertex   5.828571e-01  -5.300000e-01   1.700000e-01
      vertex   6.514286e-01  -5.300000e-01   1.700000e-01
    endloop
  endfacet
  facet normal    0.000000e+00   0.000000e+00  -1.000000e+00
    outer loop
      vertex  -7.200000e-01  -4.593333e-01   1.700000e-01
      vertex  -6.700000e-01  -4.800000e-01   1.700000e-01
      vertex  -7.200000e-01  -5.300000e-01   1.700000e-01
    endloop
  endfacet
  facet normal    0.000000e+00  -0.000000e+00  -1.000000e+00
    outer loop
      vertex  -6.700000e-01  -4.800000e-01   1.700000e-01
      vertex  -6.514286e-01  -5.300000e-01   1.700000e-01
      vertex  -7.200000e-01  -5.300000e-01   1.700000e-01
    endloop
  endfacet
  facet normal    0.000000e+00  -0.000000e+00  -1.000000e+00
    outer loop
      vertex  -6.700000e-01  -4.114286e-01   1.700000e-01
      vertex  -6.700000e-01  -4.800000e-01   1.700000e-01
      vertex  -7.200000e-01  -4.593333e-01   1.700000e-01
    endloop
  endfacet
  facet normal   -0.000000e+00   0.000000e+00  -1.000000e+00
    outer loop
      vertex  -5.994737e-01  -4.800000e-01   1.700000e-01
      vertex  -6.514286e-01  -5.300000e-01   1.700000e-01
      vertex  -6.700000e-01  -4.800000e-01   1.700000e-01
    endloop
  endfacet
  facet normal    0.000000e+00   0.000000e+00  -1.000000e+00
    outer loop
      vertex  -7.200000e-01   5.300000e-01   1.700000e-01
      vertex  -6.700000e-01   4.800000e-01   1.700000e-01
      vertex  -7.200000e-01   4.593333e-01   1.700000e-01
    endloop
  endfacet
  facet normal   -0.000000e+00   0.000000e+00  -1.000000e+00
    outer loop
      vertex  -6.514286e-01   5.300000e-01   1.700000e-01
      vertex  -6.700000e-01   4.800000e-01   1.700000e-01
      vertex  -7.200000e-01   5.300000e-01   1.700000e-01
    endloop
  endfacet
  facet normal    0.000000e+00   0.000000e+00  -1.000000e+00
    outer loop
      vertex  -7.200000e-01   4.593333e-01   1.700000e-01
      vertex  -6.700000e-01   4.800000e-01   1.700000e-01
      vertex  -6.700000e-01   4.114286e-01   1.700000e-01
    endloop
  endfacet
  facet normal    0.000000e+00  -0.000000e+00  -1.000000e+00
    outer loop
      vertex  -6.514286e-01   5.300000e-01   1.700000e-01
      vertex  -5.994737e-01   4.800000e-01   1.700000e-01
      vertex  -6.700000e-01   4.800000e-01   1.700000e-01
    endloop
  endfacet
  facet normal    0.000000e+00   0.000000e+00  -1.000000e+00
    outer loop
      vertex   6.514286e-01  -5.300000e-01   1.700000e-01
      vertex   6.700000e-01  -4.800000e-01   1.700000e-01
      vertex   7.200000e-01  -5.300000e-01   1.700000e-01
    endloop
  endfacet
  facet normal    0.000000e+00   0.000000e+00  -1.000000e+00
    outer loop
      vertex   7.200000e-01  -5.300000e-01   1.700000e-01
      vertex   6.700000e-01  -4.800000e-01   1.700000e-01
      vertex   7.200000e-01  -4.593333e-01   1.700000e-01
    endloop
  endfacet
  facet normal   -0.000000e+00   0.000000e+00  -1.000000e+00
    outer loop
      vertex   7.200000e-01  -4.593333e-01   1.700000e-01
      vertex   6.700000e-01  -4.800000e-01   1.700000e-01
      vertex   6.700000e-01  -4.114286e-01   1.700000e-01
    endloop
  endfacet
  facet normal    0.000000e+00   0.000000e+00  -1.000000e+00
    outer loop
      vertex   5.994737e-01  -4.800000e-01   1.700000e-01
      vertex   6.700000e-01  -4.800000e-01   1.700000e-01
      vertex   6.514286e-01  -5.300000e-01   1.700000e-01
    endloop
  endfacet
  facet normal   -0.000000e+00   0.000000e+00  -1.000000e+00
    outer loop
      vertex   7.200000e-01   5.300000e-01   1.700000e-01
      vertex   6.700000e-01   4.800000e-01   1.700000e-01
      vertex   6.514286e-01   5.300000e-01   1.700000e-01
    endloop
  endfacet
  facet normal    0.000000e+00   0.000000e+00  -1.000000e+00
    outer loop
      vertex   7.200000e-01   4.593333e-01   1.700000e-01
      vertex   6.700000e-01   4.800000e-01   1.700000e-01
      vertex   7.200000e-01   5.300000e-01   1.700000e-01
    endloop
  endfacet
  facet normal    0.000000e+00   0.000000e+00  -1.000000e+00
    outer loop
      vertex   6.700000e-01   4.114286e-01   1.700000e-01
      vertex   6.700000e-01   4.800000e-01   1.700000e-01
      vertex   7.200000e-01   4.593333e-01   1.700000e-01
    endloop
  endfacet
  facet normal    0.000000e+00  -0.000000e+00  -1.000000e+00
    outer loop
      vertex   6.514286e-01   5.300000e-01   1.700000e-01
      vertex   6.700000e-01   4.800000e-01   1.700000e-01
      vertex   5.994737e-01   4.800000e-01   1.700000e-01
    endloop
  endfacet
  facet normal    0.000000e+00  -0.000000e+00  -1.000000e+00
    outer loop
      vertex  -6.700000e-01  -3.428571e-01   1.700000e-01
      vertex  -6.700000e-01  -4.114286e-01   1.700000e-01
      vertex  -7.200000e-01  -3.886667e-01   1.700000e-01
    endloop
  endfacet
  facet normal    0.000000e+00   0.000000e+00  -1.000000e+00
    outer loop
      vertex  -7.200000e-01  -3.886667e-01   1.700000e-01
      vertex  -6.700000e-01  -4.114286e-01   1.700000e-01
      vertex  -7.200000e-01  -4.593333e-01   1.700000e-01
    endloop
  endfacet
  facet normal    0.000000e+00  -0.000000e+00  -1.000000e+00
    outer loop
      vertex  -6.700000e-01  -2.742857e-01   1.700000e-01
      vertex  -6.700000e-01  -3.428571e-01   1.700000e-01
      vertex  -7.200000e-01  -3.180000e-01   1.700000e-01
    endloop
  endfacet
  facet normal    0.000000e+00   0.000000e+00  -1.000000e+00
    outer loop
      vertex  -7.200000e-01  -3.180000e-01   1.700000e-01
      vertex  -6.700000e-01  -3.428571e-01   1.700000e-01
      vertex  -7.200000e-01  -3.886667e-01   1.700000e-01
    endloop
  endfacet
  facet normal    0.000000e+00   0.000000e+00  -1.000000e+00
    outer loop
      vertex  -6.700000e-01  -2.742857e-01   1.700000e-01
      vertex  -7.200000e-01  -2.473333e-01   1.700000e-01
      vertex  -6.700000e-01  -2.057143e-01   1.700000e-01
    endloop
  endfacet
  facet normal    0.000000e+00   0.000000e+00  -1.000000e+00
    outer loop
      vertex  -7.200000e-01  -3.180000e-01   1.700000e-01
      vertex  -7.200000e-01  -2.473333e-01   1.700000e-01
      vertex  -6.700000e-01  -2.742857e-01   1.700000e-01
    endloop
  endfacet
  facet normal    0.000000e+00   0.000000e+00  -1.000000e+00
    outer loop
      vertex  -6.700000e-01  -2.057143e-01   1.700000e-01
      vertex  -7.200000e-01  -1.766667e-01   1.700000e-01
      vertex  -6.700000e-01  -1.371429e-01   1.700000e-01
    endloop
  endfacet
  facet normal   -0.000000e+00   0.000000e+00  -1.000000e+00
    outer loop
      vertex  -6.700000e-01  -2.057143e-01   1.700000e-01
      vertex  -7.200000e-01  -2.473333e-01   1.700000e-01
      vertex  -7.200000e-01  -1.766667e-01   1.700000e-01
    endloop
  endfacet
  facet normal    0.000000e+00   0.000000e+00  -1.000000e+00
    outer loop
      vertex  -6.700000e-01  -1.371429e-01   1.700000e-01
      vertex  -7.200000e-01  -1.060000e-01   1.700000e-01
      vertex  -6.700000e-01  -6.857143e-02   1.700000e-01
    endloop
  endfacet
  facet normal   -0.000000e+00   0.000000e+00  -1.000000e+00
    outer loop
      vertex  -6.700000e-01  -1.371429e-01   1.700000e-01
      vertex  -7.200000e-01  -1.766667e-01   1.700000e-01
      vertex  -7.200000e-01  -1.060000e-01   1.700000e-01
    endloop
  endfacet
  facet normal    0.000000e+00   0.000000e+00  -1.000000e+00
    outer loop
      vertex  -6.700000e-01  -6.857143e-02   1.700000e-01
      vertex  -7.200000e-01  -3.533333e-02   1.700000e-01
      vertex  -6.700000e-01  -1.276756e-15   1.700000e-01
    endloop
  endfacet
  facet normal    0.000000e+00   0.000000e+00  -1.000000e+00
    outer loop
      vertex  -7.200000e-01  -1.060000e-01   1.700000e-01
      vertex  -7.200000e-01  -3.533333e-02   1.700000e-01
      vertex  -6.700000e-01  -6.857143e-02   1.700000e-01
    endloop
  endfacet
  facet normal    0.000000e+00   0.000000e+00  -1.000000e+00
    outer loop
      vertex  -6.700000e-01  -1.276756e-15   1.700000e-01
      vertex  -7.200000e-01   3.533333e-02   1.700000e-01
      vertex  -6.700000e-01   6.857143e-02   1.700000e-01
    endloop
  endfacet
  facet normal   -0.000000e+00   0.000000e+00  -1.000000e+00
    outer loop
      vertex  -6.700000e-01  -1.276756e-15   1.700000e-01
      vertex  -7.200000e-01  -3.533333e-02   1.700000e-01
      vertex  -7.200000e-01   3.533333e-02   1.700000e-01
    endloop
  endfacet
  facet normal    0.000000e+00   0.000000e+00  -1.000000e+00
    outer loop
      vertex  -7.200000e-01   1.060000e-01   1.700000e-01
      vertex  -6.700000e-01   1.371429e-01   1.700000e-01
      vertex  -6.700000e-01   6.857143e-02   1.700000e-01
    endloop
  endfacet
  facet normal    0.000000e+00   0.000000e+00  -1.000000e+00
    outer loop
      vertex  -7.200000e-01   3.533333e-02   1.700000e-01
      vertex  -7.200000e-01   1.060000e-01   1.700000e-01
      vertex  -6.700000e-01   6.857143e-02   1.700000e-01
    endloop
  endfacet
  facet normal    0.000000e+00   0.000000e+00  -1.000000e+00
    outer loop
      vertex  -6.700000e-01   1.371429e-01   1.700000e-01
      vertex  -7.200000e-01   1.766667e-01   1.700000e-01
      vertex  -6.700000e-01   2.057143e-01   1.700000e-01
    endloop
  endfacet
  facet normal    0.000000e+00   0.000000e+00  -1.000000e+00
    outer loop
      vertex  -7.200000e-01   1.060000e-01   1.700000e-01
      vertex  -7.200000e-01   1.766667e-01   1.700000e-01
      vertex  -6.700000e-01   1.371429e-01   1.700000e-01
    endloop
  endfacet
  facet normal    0.000000e+00   0.000000e+00  -1.000000e+00
    outer loop
      vertex  -7.200000e-01   2.473333e-01   1.700000e-01
      vertex  -6.700000e-01   2.742857e-01   1.700000e-01
      vertex  -6.700000e-01   2.057143e-01   1.700000e-01
    endloop
  endfacet
  facet normal   -0.000000e+00   0.000000e+00  -1.000000e+00
    outer loop
      vertex  -6.700000e-01   2.057143e-01   1.700000e-01
      vertex  -7.200000e-01   1.766667e-01   1.700000e-01
      vertex  -7.200000e-01   2.473333e-01   1.700000e-01
    endloop
  endfacet
  facet normal    0.000000e+00   0.000000e+00  -1.000000e+00
    outer loop
      vertex  -6.700000e-01   2.742857e-01   1.700000e-01
      vertex  -7.200000e-01   3.180000e-01   1.700000e-01
      vertex  -6.700000e-01   3.428571e-01   1.700000e-01
    endloop
  endfacet
  facet normal    0.000000e+00   0.000000e+00  -1.000000e+00
    outer loop
      vertex  -7.200000e-01   2.473333e-01   1.700000e-01
      vertex  -7.200000e-01   3.180000e-01   1.700000e-01
      vertex  -6.700000e-01   2.742857e-01   1.700000e-01
    endloop
  endfacet
  facet normal    0.000000e+00   0.000000e+00  -1.000000e+00
    outer loop
      vertex  -6.700000e-01   3.428571e-01   1.700000e-01
      vertex  -7.200000e-01   3.886667e-01   1.700000e-01
      vertex  -6.700000e-01   4.114286e-01   1.700000e-01
    endloop
  endfacet
  facet normal    0.000000e+00   0.000000e+00  -1.000000e+00
    outer loop
      vertex  -7.200000e-01   3.180000e-01   1.700000e-01
      vertex  -7.200000e-01   3.886667e-01   1.700000e-01
      vertex  -6.700000e-01   3.428571e-01   1.700000e-01
    endloop
  endfacet
  facet normal    0.000000e+00   0.000000e+00  -1.000000e+00
    outer loop
      vertex  -7.200000e-01   3.886667e-01   1.700000e-01
      vertex  -7.200000e-01   4.593333e-01   1.700000e-01
      vertex  -6.700000e-01   4.114286e-01   1.700000e-01
    endloop
  endfacet
  facet normal    0.000000e+00   0.000000e+00  -1.000000e+00
    outer loop
      vertex   6.700000e-01  -4.114286e-01   1.700000e-01
      vertex   6.700000e-01  -3.428571e-01   1.700000e-01
      vertex   7.200000e-01  -3.886667e-01   1.700000e-01
    endloop
  endfacet
  facet normal    0.000000e+00   0.000000e+00  -1.000000e+00
    outer loop
      vertex   7.200000e-01  -4.593333e-01   1.700000e-01
      vertex   6.700000e-01  -4.114286e-01   1.700000e-01
      vertex   7.200000e-01  -3.886667e-01   1.700000e-01
    endloop
  endfacet
  facet normal    0.000000e+00   0.000000e+00  -1.000000e+00
    outer loop
      vertex   6.700000e-01  -3.428571e-01   1.700000e-01
      vertex   6.700000e-01  -2.742857e-01   1.700000e-01
      vertex   7.200000e-01  -3.180000e-01   1.700000e-01
    endloop
  endfacet
  facet normal    0.000000e+00   0.000000e+00  -1.000000e+00
    outer loop
      vertex   7.200000e-01  -3.886667e-01   1.700000e-01
      vertex   6.700000e-01  -3.428571e-01   1.700000e-01
      vertex   7.200000e-01  -3.180000e-01   1.700000e-01
    endloop
  endfacet
  facet normal    0.000000e+00   0.000000e+00  -1.000000e+00
    outer loop
      vertex   6.700000e-01  -2.742857e-01   1.700000e-01
      vertex   6.700000e-01  -2.057143e-01   1.700000e-01
      vertex   7.200000e-01  -2.473333e-01   1.700000e-01
    endloop
  endfacet
  facet normal    0.000000e+00   0.000000e+00  -1.000000e+00
    outer loop
      vertex   7.200000e-01  -3.180000e-01   1.700000e-01
      vertex   6.700000e-01  -2.742857e-01   1.700000e-01
      vertex   7.200000e-01  -2.473333e-01   1.700000e-01
    endloop
  endfacet
  facet normal    0.000000e+00   0.000000e+00  -1.000000e+00
    outer loop
      vertex   6.700000e-01  -2.057143e-01   1.700000e-01
      vertex   6.700000e-01  -1.371429e-01   1.700000e-01
      vertex   7.200000e-01  -1.766667e-01   1.700000e-01
    endloop
  endfacet
  facet normal    0.000000e+00   0.000000e+00  -1.000000e+00
    outer loop
      vertex   7.200000e-01  -2.473333e-01   1.700000e-01
      vertex   6.700000e-01  -2.057143e-01   1.700000e-01
      vertex   7.200000e-01  -1.766667e-01   1.700000e-01
    endloop
  endfacet
  facet normal   -0.000000e+00   0.000000e+00  -1.000000e+00
    outer loop
      vertex   7.200000e-01  -1.060000e-01   1.700000e-01
      vertex   6.700000e-01  -1.371429e-01   1.700000e-01
      vertex   6.700000e-01  -6.857143e-02   1.700000e-01
    endloop
  endfacet
  facet normal    0.000000e+00   0.000000e+00  -1.000000e+00
    outer loop
      vertex   7.200000e-01  -1.766667e-01   1.700000e-01
      vertex   6.700000e-01  -1.371429e-01   1.700000e-01
      vertex   7.200000e-01  -1.060000e-01   1.700000e-01
    endloop
  endfacet
  facet normal   -0.000000e+00   0.000000e+00  -1.000000e+00
    outer loop
      vertex   7.200000e-01  -3.533333e-02   1.700000e-01
      vertex   6.700000e-01  -6.857143e-02   1.700000e-01
      vertex   6.700000e-01  -1.276756e-15   1.700000e-01
    endloop
  endfacet
  facet normal    0.000000e+00   0.000000e+00  -1.000000e+00
    outer loop
      vertex   7.200000e-01  -1.060000e-01   1.700000e-01
      vertex   6.700000e-01  -6.857143e-02   1.700000e-01
      vertex   7.200000e-01  -3.533333e-02   1.700000e-01
    endloop
  endfacet
  facet normal   -0.000000e+00   0.000000e+00  -1.000000e+00
    outer loop
      vertex   7.200000e-01   3.533333e-02   1.700000e-01
      vertex   6.700000e-01  -1.276756e-15   1.700000e-01
      vertex   6.700000e-01   6.857143e-02   1.700000e-01
    endloop
  endfacet
  facet normal    0.000000e+00   0.000000e+00  -1.000000e+00
    outer loop
      vertex   7.200000e-01  -3.533333e-02   1.700000e-01
      vertex   6.700000e-01  -1.276756e-15   1.700000e-01
      vertex   7.200000e-01   3.533333e-02   1.700000e-01
    endloop
  endfacet
  facet normal   -0.000000e+00   0.000000e+00  -1.000000e+00
    outer loop
      vertex   7.200000e-01   1.060000e-01   1.700000e-01
      vertex   6.700000e-01   6.857143e-02   1.700000e-01
      vertex   6.700000e-01   1.371429e-01   1.700000e-01
    endloop
  endfacet
  facet normal    0.000000e+00   0.000000e+00  -1.000000e+00
    outer loop
      vertex   7.200000e-01   3.533333e-02   1.700000e-01
      vertex   6.700000e-01   6.857143e-02   1.700000e-01
      vertex   7.200000e-01   1.060000e-01   1.700000e-01
    endloop
  endfacet
  facet normal   -0.000000e+00   0.000000e+00  -1.000000e+00
    outer loop
      vertex   7.200000e-01   1.766667e-01   1.700000e-01
      vertex   6.700000e-01   1.371429e-01   1.700000e-01
      vertex   6.700000e-01   2.057143e-01   1.700000e-01
    endloop
  endfacet
  facet normal    0.000000e+00   0.000000e+00  -1.000000e+00
    outer loop
      vertex   7.200000e-01   1.060000e-01   1.700000e-01
      vertex   6.700000e-01   1.371429e-01   1.700000e-01
      vertex   7.200000e-01   1.766667e-01   1.700000e-01
    endloop
  endfacet
  facet normal   -0.000000e+00   0.000000e+00  -1.000000e+00
    outer loop
      vertex   7.200000e-01   2.473333e-01   1.700000e-01
      vertex   6.700000e-01   2.057143e-01   1.700000e-01
      vertex   6.700000e-01   2.742857e-01   1.700000e-01
    endloop
  endfacet
  facet normal    0.000000e+00   0.000000e+00  -1.000000e+00
    outer loop
      vertex   7.200000e-01   1.766667e-01   1.700000e-01
      vertex   6.700000e-01   2.057143e-01   1.700000e-01
      vertex   7.200000e-01   2.473333e-01   1.700000e-01
    endloop
  endfacet
  facet normal   -0.000000e+00   0.000000e+00  -1.000000e+00
    outer loop
      vertex   7.200000e-01   3.180000e-01   1.700000e-01
      vertex   6.700000e-01   2.742857e-01   1.700000e-01
      vertex   6.700000e-01   3.428571e-01   1.700000e-01
    endloop
  endfacet
  facet normal    0.000000e+00   0.000000e+00  -1.000000e+00
    outer loop
      vertex   7.200000e-01   2.473333e-01   1.700000e-01
      vertex   6.700000e-01   2.742857e-01   1.700000e-01
      vertex   7.200000e-01   3.180000e-01   1.700000e-01
    endloop
  endfacet
  facet normal   -0.000000e+00   0.000000e+00  -1.000000e+00
    outer loop
      vertex   7.200000e-01   3.886667e-01   1.700000e-01
      vertex   6.700000e-01   3.428571e-01   1.700000e-01
      vertex   6.700000e-01   4.114286e-01   1.700000e-01
    endloop
  endfacet
  facet normal    0.000000e+00   0.000000e+00  -1.000000e+00
    outer loop
      vertex   7.200000e-01   3.180000e-01   1.700000e-01
      vertex   6.700000e-01   3.428571e-01   1.700000e-01
      vertex   7.200000e-01   3.886667e-01   1.700000e-01
    endloop
  endfacet
  facet normal    0.000000e+00   0.000000e+00  -1.000000e+00
    outer loop
      vertex   7.200000e-01   3.886667e-01   1.700000e-01
      vertex   6.700000e-01   4.114286e-01   1.700000e-01
      vertex   7.200000e-01   4.593333e-01   1.700000e-01
    endloop
  endfacet
  facet normal   -0.000000e+00   0.000000e+00  -1.000000e+00
    outer loop
      vertex  -5.289474e-01  -4.800000e-01   1.700000e-01
      vertex  -5.828571e-01  -5.300000e-01   1.700000e-01
      vertex  -5.994737e-01  -4.800000e-01   1.700000e-01
    endloop
  endfacet
  facet normal    0.000000e+00  -0.000000e+00  -1.000000e+00
    outer loop
      vertex  -5.994737e-01  -4.800000e-01   1.700000e-01
      vertex  -5.828571e-01  -5.300000e-01   1.700000e-01
      vertex  -6.514286e-01  -5.300000e-01   1.700000e-01
    endloop
  endfacet
  facet normal   -0.000000e+00   0.000000e+00  -1.000000e+00
    outer loop
      vertex  -4.584211e-01  -4.800000e-01   1.700000e-01
      vertex  -5.142857e-01  -5.300000e-01   1.700000e-01
      vertex  -5.289474e-01  -4.800000e-01   1.700000e-01
    endloop
  endfacet
  facet normal    0.000000e+00  -0.000000e+00  -1.000000e+00
    outer loop
      vertex  -5.289474e-01  -4.800000e-01   1.700000e-01
      vertex  -5.142857e-01  -5.300000e-01   1.700000e-01
      vertex  -5.828571e-01  -5.300000e-01   1.700000e-01
    endloop
  endfacet
  facet normal   -0.000000e+00   0.000000e+00  -1.000000e+00
    outer loop
      vertex  -3.878947e-01  -4.800000e-01   1.700000e-01
      vertex  -4.457143e-01  -5.300000e-01   1.700000e-01
      vertex  -4.584211e-01  -4.800000e-01   1.700000e-01
    endloop
  endfacet
  facet normal    0.000000e+00   0.000000e+00  -1.000000e+00
    outer loop
      vertex  -4.457143e-01  -5.300000e-01   1.700000e-01
      vertex  -5.142857e-01  -5.300000e-01   1.700000e-01
      vertex  -4.584211e-01  -4.800000e-01   1.700000e-01
    endloop
  endfacet
  facet normal   -0.000000e+00   0.000000e+00  -1.000000e+00
    outer loop
      vertex  -3.173684e-01  -4.800000e-01   1.700000e-01
      vertex  -3.771429e-01  -5.300000e-01   1.700000e-01
      vertex  -3.878947e-01  -4.800000e-01   1.700000e-01
    endloop
  endfacet
  facet normal    0.000000e+00  -0.000000e+00  -1.000000e+00
    outer loop
      vertex  -3.878947e-01  -4.800000e-01   1.700000e-01
      vertex  -3.771429e-01  -5.300000e-01   1.700000e-01
      vertex  -4.457143e-01  -5.300000e-01   1.700000e-01
    endloop
  endfacet
  facet normal   -0.000000e+00   0.000000e+00  -1.000000e+00
    outer loop
      vertex  -2.468421e-01  -4.800000e-01   1.700000e-01
      vertex  -2.770784e-01  -5.062067e-01   1.700000e-01
      vertex  -3.173684e-01  -4.800000e-01   1.700000e-01
    endloop
  endfacet
  facet normal    0.000000e+00  -0.000000e+00  -1.000000e+00
    outer loop
      vertex  -3.173684e-01  -4.800000e-01   1.700000e-01
      vertex  -3.085714e-01  -5.300000e-01   1.700000e-01
      vertex  -3.771429e-01  -5.300000e-01   1.700000e-01
    endloop
  endfacet
  facet normal    0.000000e+00   0.000000e+00  -1.000000e+00
    outer loop
      vertex  -3.173684e-01  -4.800000e-01   1.700000e-01
      vertex  -2.770784e-01  -5.062067e-01   1.700000e-01
      vertex  -3.085714e-01  -5.300000e-01   1.700000e-01
    endloop
  endfacet
  facet normal   -0.000000e+00   0.000000e+00  -1.000000e+00
    outer loop
      vertex  -1.763158e-01  -4.800000e-01   1.700000e-01
      vertex  -2.086466e-01  -5.050000e-01   1.700000e-01
      vertex  -2.468421e-01  -4.800000e-01   1.700000e-01
    endloop
  endfacet
  facet normal    0.000000e+00   0.000000e+00  -1.000000e+00
    outer loop
      vertex  -2.468421e-01  -4.800000e-01   1.700000e-01
      vertex  -2.086466e-01  -5.050000e-01   1.700000e-01
      vertex  -2.400000e-01  -5.300000e-01   1.700000e-01
    endloop
  endfacet
  facet normal    0.000000e+00   0.000000e+00  -1.000000e+00
    outer loop
      vertex  -2.400000e-01  -5.300000e-01   1.700000e-01
      vertex  -2.770784e-01  -5.062067e-01   1.700000e-01
      vertex  -2.468421e-01  -4.800000e-01   1.700000e-01
    endloop
  endfacet
  facet normal   -0.000000e+00   0.000000e+00  -1.000000e+00
    outer loop
      vertex  -1.057895e-01  -4.800000e-01   1.700000e-01
      vertex  -1.390977e-01  -5.050000e-01   1.700000e-01
      vertex  -1.763158e-01  -4.800000e-01   1.700000e-01
    endloop
  endfacet
  facet normal    0.000000e+00   0.000000e+00  -1.000000e+00
    outer loop
      vertex  -1.763158e-01  -4.800000e-01   1.700000e-01
      vertex  -1.390977e-01  -5.050000e-01   1.700000e-01
      vertex  -1.714286e-01  -5.300000e-01   1.700000e-01
    endloop
  endfacet
  facet normal    0.000000e+00   0.000000e+00  -1.000000e+00
    outer loop
      vertex  -1.714286e-01  -5.300000e-01   1.700000e-01
      vertex  -2.086466e-01  -5.050000e-01   1.700000e-01
      vertex  -1.763158e-01  -4.800000e-01   1.700000e-01
    endloop
  endfacet
  facet normal   -0.000000e+00   0.000000e+00  -1.000000e+00
    outer loop
      vertex  -3.526316e-02  -4.800000e-01   1.700000e-01
      vertex  -6.954887e-02  -5.050000e-01   1.700000e-01
      vertex  -1.057895e-01  -4.800000e-01   1.700000e-01
    endloop
  endfacet
  facet normal    0.000000e+00   0.000000e+00  -1.000000e+00
    outer loop
      vertex  -1.057895e-01  -4.800000e-01   1.700000e-01
      vertex  -6.954887e-02  -5.050000e-01   1.700000e-01
      vertex  -1.028571e-01  -5.300000e-01   1.700000e-01
    endloop
  endfacet
  facet normal    0.000000e+00   0.000000e+00  -1.000000e+00
    outer loop
      vertex  -1.028571e-01  -5.300000e-01   1.700000e-01
      vertex  -1.390977e-01  -5.050000e-01   1.700000e-01
      vertex  -1.057895e-01  -4.800000e-01   1.700000e-01
    endloop
  endfacet
  facet normal   -0.000000e+00   0.000000e+00  -1.000000e+00
    outer loop
      vertex   3.526316e-02  -4.800000e-01   1.700000e-01
      vertex   0.000000e+00  -5.050000e-01   1.700000e-01
      vertex  -3.526316e-02  -4.800000e-01   1.700000e-01
    endloop
  endfacet
  facet normal    0.000000e+00   0.000000e+00  -1.000000e+00
    outer loop
      vertex  -3.526316e-02  -4.800000e-01   1.700000e-01
      vertex   0.000000e+00  -5.050000e-01   1.700000e-01
      vertex  -3.428571e-02  -5.300000e-01   1.700000e-01
    endloop
  endfacet
  facet normal    0.000000e+00   0.000000e+00  -1.000000e+00
    outer loop
      vertex  -3.428571e-02  -5.300000e-01   1.700000e-01
      vertex  -6.954887e-02  -5.050000e-01   1.700000e-01
      vertex  -3.526316e-02  -4.800000e-01   1.700000e-01
    endloop
  endfacet
  facet normal   -0.000000e+00   0.000000e+00  -1.000000e+00
    outer loop
      vertex   1.057895e-01  -4.800000e-01   1.700000e-01
      vertex   6.954887e-02  -5.050000e-01   1.700000e-01
      vertex   3.526316e-02  -4.800000e-01   1.700000e-01
    endloop
  endfacet
  facet normal    0.000000e+00   0.000000e+00  -1.000000e+00
    outer loop
      vertex   3.428571e-02  -5.300000e-01   1.700000e-01
      vertex   0.000000e+00  -5.050000e-01   1.700000e-01
      vertex   3.526316e-02  -4.800000e-01   1.700000e-01
    endloop
  endfacet
  facet normal    0.000000e+00  -0.000000e+00  -1.000000e+00
    outer loop
      vertex   3.526316e-02  -4.800000e-01   1.700000e-01
      vertex   6.954887e-02  -5.050000e-01   1.700000e-01
      vertex   3.428571e-02  -5.300000e-01   1.700000e-01
    endloop
  endfacet
  facet normal   -0.000000e+00   0.000000e+00  -1.000000e+00
    outer loop
      vertex   1.763158e-01  -4.800000e-01   1.700000e-01
      vertex   1.390977e-01  -5.050000e-01   1.700000e-01
      vertex   1.057895e-01  -4.800000e-01   1.700000e-01
    endloop
  endfacet
  facet normal    0.000000e+00   0.000000e+00  -1.000000e+00
    outer loop
      vertex   1.028571e-01  -5.300000e-01   1.700000e-01
      vertex   6.954887e-02  -5.050000e-01   1.700000e-01
      vertex   1.057895e-01  -4.800000e-01   1.700000e-01
    endloop
  endfacet
  facet normal    0.000000e+00  -0.000000e+00  -1.000000e+00
    outer loop
      vertex   1.057895e-01  -4.800000e-01   1.700000e-01
      vertex   1.390977e-01  -5.050000e-01   1.700000e-01
      vertex   1.028571e-01  -5.300000e-01   1.700000e-01
    endloop
  endfacet
  facet normal   -0.000000e+00   0.000000e+00  -1.000000e+00
    outer loop
      vertex   2.468421e-01  -4.800000e-01   1.700000e-01
      vertex   2.086466e-01  -5.050000e-01   1.700000e-01
      vertex   1.763158e-01  -4.800000e-01   1.700000e-01
    endloop
  endfacet
  facet normal    0.000000e+00   0.000000e+00  -1.000000e+00
    outer loop
      vertex   1.714286e-01  -5.300000e-01   1.700000e-01
      vertex   1.390977e-01  -5.050000e-01   1.700000e-01
      vertex   1.763158e-01  -4.800000e-01   1.700000e-01
    endloop
  endfacet
  facet normal    0.000000e+00  -0.000000e+00  -1.000000e+00
    outer loop
      vertex   1.763158e-01  -4.800000e-01   1.700000e-01
      vertex   2.086466e-01  -5.050000e-01   1.700000e-01
      vertex   1.714286e-01  -5.300000e-01   1.700000e-01
    endloop
  endfacet
  facet normal   -0.000000e+00   0.000000e+00  -1.000000e+00
    outer loop
      vertex   3.173684e-01  -4.800000e-01   1.700000e-01
      vertex   2.770784e-01  -5.062067e-01   1.700000e-01
      vertex   2.468421e-01  -4.800000e-01   1.700000e-01
    endloop
  endfacet
  facet normal    0.000000e+00   0.000000e+00  -1.000000e+00
    outer loop
      vertex   2.400000e-01  -5.300000e-01   1.700000e-01
      vertex   2.086466e-01  -5.050000e-01   1.700000e-01
      vertex   2.468421e-01  -4.800000e-01   1.700000e-01
    endloop
  endfacet
  facet normal    0.000000e+00  -0.000000e+00  -1.000000e+00
    outer loop
      vertex   2.468421e-01  -4.800000e-01   1.700000e-01
      vertex   2.770784e-01  -5.062067e-01   1.700000e-01
      vertex   2.400000e-01  -5.300000e-01   1.700000e-01
    endloop
  endfacet
  facet normal   -0.000000e+00   0.000000e+00  -1.000000e+00
    outer loop
      vertex   3.878947e-01  -4.800000e-01   1.700000e-01
      vertex   3.771429e-01  -5.300000e-01   1.700000e-01
      vertex   3.173684e-01  -4.800000e-01   1.700000e-01
    endloop
  endfacet
  facet normal    0.000000e+00   0.000000e+00  -1.000000e+00
    outer loop
      vertex   3.771429e-01  -5.300000e-01   1.700000e-01
      vertex   3.085714e-01  -5.300000e-01   1.700000e-01
      vertex   3.173684e-01  -4.800000e-01   1.700000e-01
    endloop
  endfacet
  facet normal    0.000000e+00   0.000000e+00  -1.000000e+00
    outer loop
      vertex   3.085714e-01  -5.300000e-01   1.700000e-01
      vertex   2.770784e-01  -5.062067e-01   1.700000e-01
      vertex   3.173684e-01  -4.800000e-01   1.700000e-01
    endloop
  endfacet
  facet normal   -0.000000e+00   0.000000e+00  -1.000000e+00
    outer loop
      vertex   4.584211e-01  -4.800000e-01   1.700000e-01
      vertex   4.457143e-01  -5.300000e-01   1.700000e-01
      vertex   3.878947e-01  -4.800000e-01   1.700000e-01
    endloop
  endfacet
  facet normal    0.000000e+00   0.000000e+00  -1.000000e+00
    outer loop
      vertex   4.457143e-01  -5.300000e-01   1.700000e-01
      vertex   3.771429e-01  -5.300000e-01   1.700000e-01
      vertex   3.878947e-01  -4.800000e-01   1.700000e-01
    endloop
  endfacet
  facet normal   -0.000000e+00   0.000000e+00  -1.000000e+00
    outer loop
      vertex   5.289474e-01  -4.800000e-01   1.700000e-01
      vertex   5.142857e-01  -5.300000e-01   1.700000e-01
      vertex   4.584211e-01  -4.800000e-01   1.700000e-01
    endloop
  endfacet
  facet normal    0.000000e+00  -0.000000e+00  -1.000000e+00
    outer loop
      vertex   4.584211e-01  -4.800000e-01   1.700000e-01
      vertex   5.142857e-01  -5.300000e-01   1.700000e-01
      vertex   4.457143e-01  -5.300000e-01   1.700000e-01
    endloop
  endfacet
  facet normal   -0.000000e+00   0.000000e+00  -1.000000e+00
    outer loop
      vertex   5.994737e-01  -4.800000e-01   1.700000e-01
      vertex   5.828571e-01  -5.300000e-01   1.700000e-01
      vertex   5.289474e-01  -4.800000e-01   1.700000e-01
    endloop
  endfacet
  facet normal    0.000000e+00   0.000000e+00  -1.000000e+00
    outer loop
      vertex   5.828571e-01  -5.300000e-01   1.700000e-01
      vertex   5.142857e-01  -5.300000e-01   1.700000e-01
      vertex   5.289474e-01  -4.800000e-01   1.700000e-01
    endloop
  endfacet
  facet normal    0.000000e+00  -0.000000e+00  -1.000000e+00
    outer loop
      vertex   5.994737e-01  -4.800000e-01   1.700000e-01
      vertex   6.514286e-01  -5.300000e-01   1.700000e-01
      vertex   5.828571e-01  -5.300000e-01   1.700000e-01
    endloop
  endfacet
  facet normal    0.000000e+00  -0.000000e+00  -1.000000e+00
    outer loop
      vertex  -5.828571e-01   5.300000e-01   1.700000e-01
      vertex  -5.289474e-01   4.800000e-01   1.700000e-01
      vertex  -5.994737e-01   4.800000e-01   1.700000e-01
    endloop
  endfacet
  facet normal   -0.000000e+00   0.000000e+00  -1.000000e+00
    outer loop
      vertex  -5.828571e-01   5.300000e-01   1.700000e-01
      vertex  -5.994737e-01   4.800000e-01   1.700000e-01
      vertex  -6.514286e-01   5.300000e-01   1.700000e-01
    endloop
  endfacet
  facet normal    0.000000e+00  -0.000000e+00  -1.000000e+00
    outer loop
      vertex  -5.142857e-01   5.300000e-01   1.700000e-01
      vertex  -4.584211e-01   4.800000e-01   1.700000e-01
      vertex  -5.289474e-01   4.800000e-01   1.700000e-01
    endloop
  endfacet
  facet normal   -0.000000e+00   0.000000e+00  -1.000000e+00
    outer loop
      vertex  -5.142857e-01   5.300000e-01   1.700000e-01
      vertex  -5.289474e-01   4.800000e-01   1.700000e-01
      vertex  -5.828571e-01   5.300000e-01   1.700000e-01
    endloop
  endfacet
  facet normal    0.000000e+00  -0.000000e+00  -1.000000e+00
    outer loop
      vertex  -4.457143e-01   5.300000e-01   1.700000e-01
      vertex  -3.878947e-01   4.800000e-01   1.700000e-01
      vertex  -4.584211e-01   4.800000e-01   1.700000e-01
    endloop
  endfacet
  facet normal   -0.000000e+00   0.000000e+00  -1.000000e+00
    outer loop
      vertex  -4.457143e-01   5.300000e-01   1.700000e-01
      vertex  -4.584211e-01   4.800000e-01   1.700000e-01
      vertex  -5.142857e-01   5.300000e-01   1.700000e-01
    endloop
  endfacet
  facet normal    0.000000e+00  -0.000000e+00  -1.000000e+00
    outer loop
      vertex  -3.771429e-01   5.300000e-01   1.700000e-01
      vertex  -3.173684e-01   4.800000e-01   1.700000e-01
      vertex  -3.878947e-01   4.800000e-01   1.700000e-01
    endloop
  endfacet
  facet normal   -0.000000e+00   0.000000e+00  -1.000000e+00
    outer loop
      vertex  -3.771429e-01   5.300000e-01   1.700000e-01
      vertex  -3.878947e-01   4.800000e-01   1.700000e-01
      vertex  -4.457143e-01   5.300000e-01   1.700000e-01
    endloop
  endfacet
  facet normal    0.000000e+00   0.000000e+00  -1.000000e+00
    outer loop
      vertex  -3.173684e-01   4.800000e-01   1.700000e-01
      vertex  -2.770784e-01   5.062067e-01   1.700000e-01
      vertex  -2.468421e-01   4.800000e-01   1.700000e-01
    endloop
  endfacet
  facet normal   -0.000000e+00   0.000000e+00  -1.000000e+00
    outer loop
      vertex  -3.085714e-01   5.300000e-01   1.700000e-01
      vertex  -3.173684e-01   4.800000e-01   1.700000e-01
      vertex  -3.771429e-01   5.300000e-01   1.700000e-01
    endloop
  endfacet
  facet normal    0.000000e+00  -0.000000e+00  -1.000000e+00
    outer loop
      vertex  -3.085714e-01   5.300000e-01   1.700000e-01
      vertex  -2.770784e-01   5.062067e-01   1.700000e-01
      vertex  -3.173684e-01   4.800000e-01   1.700000e-01
    endloop
  endfacet
  facet normal    0.000000e+00   0.000000e+00  -1.000000e+00
    outer loop
      vertex  -2.468421e-01   4.800000e-01   1.700000e-01
      vertex  -2.086466e-01   5.050000e-01   1.700000e-01
      vertex  -1.763158e-01   4.800000e-01   1.700000e-01
    endloop
  endfacet
  facet normal    0.000000e+00  -0.000000e+00  -1.000000e+00
    outer loop
      vertex  -2.400000e-01   5.300000e-01   1.700000e-01
      vertex  -2.086466e-01   5.050000e-01   1.700000e-01
      vertex  -2.468421e-01   4.800000e-01   1.700000e-01
    endloop
  endfacet
  facet normal    0.000000e+00   0.000000e+00  -1.000000e+00
    outer loop
      vertex  -2.468421e-01   4.800000e-01   1.700000e-01
      vertex  -2.770784e-01   5.062067e-01   1.700000e-01
      vertex  -2.400000e-01   5.300000e-01   1.700000e-01
    endloop
  endfacet
  facet normal    0.000000e+00   0.000000e+00  -1.000000e+00
    outer loop
      vertex  -1.763158e-01   4.800000e-01   1.700000e-01
      vertex  -1.390977e-01   5.050000e-01   1.700000e-01
      vertex  -1.057895e-01   4.800000e-01   1.700000e-01
    endloop
  endfacet
  facet normal    0.000000e+00  -0.000000e+00  -1.000000e+00
    outer loop
      vertex  -1.714286e-01   5.300000e-01   1.700000e-01
      vertex  -1.390977e-01   5.050000e-01   1.700000e-01
      vertex  -1.763158e-01   4.800000e-01   1.700000e-01
    endloop
  endfacet
  facet normal    0.000000e+00   0.000000e+00  -1.000000e+00
    outer loop
      vertex  -1.763158e-01   4.800000e-01   1.700000e-01
      vertex  -2.086466e-01   5.050000e-01   1.700000e-01
      vertex  -1.714286e-01   5.300000e-01   1.700000e-01
    endloop
  endfacet
  facet normal    0.000000e+00   0.000000e+00  -1.000000e+00
    outer loop
      vertex  -1.057895e-01   4.800000e-01   1.700000e-01
      vertex  -6.954887e-02   5.050000e-01   1.700000e-01
      vertex  -3.526316e-02   4.800000e-01   1.700000e-01
    endloop
  endfacet
  facet normal    0.000000e+00  -0.000000e+00  -1.000000e+00
    outer loop
      vertex  -1.028571e-01   5.300000e-01   1.700000e-01
      vertex  -6.954887e-02   5.050000e-01   1.700000e-01
      vertex  -1.057895e-01   4.800000e-01   1.700000e-01
    endloop
  endfacet
  facet normal    0.000000e+00   0.000000e+00  -1.000000e+00
    outer loop
      vertex  -1.057895e-01   4.800000e-01   1.700000e-01
      vertex  -1.390977e-01   5.050000e-01   1.700000e-01
      vertex  -1.028571e-01   5.300000e-01   1.700000e-01
    endloop
  endfacet
  facet normal    0.000000e+00   0.000000e+00  -1.000000e+00
    outer loop
      vertex  -3.526316e-02   4.800000e-01   1.700000e-01
      vertex   0.000000e+00   5.050000e-01   1.700000e-01
      vertex   3.526316e-02   4.800000e-01   1.700000e-01
    endloop
  endfacet
  facet normal    0.000000e+00  -0.000000e+00  -1.000000e+00
    outer loop
      vertex  -3.428571e-02   5.300000e-01   1.700000e-01
      vertex   0.000000e+00   5.050000e-01   1.700000e-01
      vertex  -3.526316e-02   4.800000e-01   1.700000e-01
    endloop
  endfacet
  facet normal    0.000000e+00   0.000000e+00  -1.000000e+00
    outer loop
      vertex  -3.526316e-02   4.800000e-01   1.700000e-01
      vertex  -6.954887e-02   5.050000e-01   1.700000e-01
      vertex  -3.428571e-02   5.300000e-01   1.700000e-01
    endloop
  endfacet
  facet normal    0.000000e+00   0.000000e+00  -1.000000e+00
    outer loop
      vertex   3.526316e-02   4.800000e-01   1.700000e-01
      vertex   6.954887e-02   5.050000e-01   1.700000e-01
      vertex   1.057895e-01   4.800000e-01   1.700000e-01
    endloop
  endfacet
  facet normal    0.000000e+00   0.000000e+00  -1.000000e+00
    outer loop
      vertex   3.526316e-02   4.800000e-01   1.700000e-01
      vertex   0.000000e+00   5.050000e-01   1.700000e-01
      vertex   3.428571e-02   5.300000e-01   1.700000e-01
    endloop
  endfacet
  facet normal    0.000000e+00   0.000000e+00  -1.000000e+00
    outer loop
      vertex   3.428571e-02   5.300000e-01   1.700000e-01
      vertex   6.954887e-02   5.050000e-01   1.700000e-01
      vertex   3.526316e-02   4.800000e-01   1.700000e-01
    endloop
  endfacet
  facet normal    0.000000e+00   0.000000e+00  -1.000000e+00
    outer loop
      vertex   1.057895e-01   4.800000e-01   1.700000e-01
      vertex   1.390977e-01   5.050000e-01   1.700000e-01
      vertex   1.763158e-01   4.800000e-01   1.700000e-01
    endloop
  endfacet
  facet normal    0.000000e+00   0.000000e+00  -1.000000e+00
    outer loop
      vertex   1.057895e-01   4.800000e-01   1.700000e-01
      vertex   6.954887e-02   5.050000e-01   1.700000e-01
      vertex   1.028571e-01   5.300000e-01   1.700000e-01
    endloop
  endfacet
  facet normal    0.000000e+00   0.000000e+00  -1.000000e+00
    outer loop
      vertex   1.028571e-01   5.300000e-01   1.700000e-01
      vertex   1.390977e-01   5.050000e-01   1.700000e-01
      vertex   1.057895e-01   4.800000e-01   1.700000e-01
    endloop
  endfacet
  facet normal    0.000000e+00   0.000000e+00  -1.000000e+00
    outer loop
      vertex   1.763158e-01   4.800000e-01   1.700000e-01
      vertex   2.086466e-01   5.050000e-01   1.700000e-01
      vertex   2.468421e-01   4.800000e-01   1.700000e-01
    endloop
  endfacet
  facet normal    0.000000e+00   0.000000e+00  -1.000000e+00
    outer loop
      vertex   1.763158e-01   4.800000e-01   1.700000e-01
      vertex   1.390977e-01   5.050000e-01   1.700000e-01
      vertex   1.714286e-01   5.300000e-01   1.700000e-01
    endloop
  endfacet
  facet normal    0.000000e+00   0.000000e+00  -1.000000e+00
    outer loop
      vertex   1.714286e-01   5.300000e-01   1.700000e-01
      vertex   2.086466e-01   5.050000e-01   1.700000e-01
      vertex   1.763158e-01   4.800000e-01   1.700000e-01
    endloop
  endfacet
  facet normal    0.000000e+00   0.000000e+00  -1.000000e+00
    outer loop
      vertex   2.468421e-01   4.800000e-01   1.700000e-01
      vertex   2.770784e-01   5.062067e-01   1.700000e-01
      vertex   3.173684e-01   4.800000e-01   1.700000e-01
    endloop
  endfacet
  facet normal    0.000000e+00   0.000000e+00  -1.000000e+00
    outer loop
      vertex   2.468421e-01   4.800000e-01   1.700000e-01
      vertex   2.086466e-01   5.050000e-01   1.700000e-01
      vertex   2.400000e-01   5.300000e-01   1.700000e-01
    endloop
  endfacet
  facet normal    0.000000e+00   0.000000e+00  -1.000000e+00
    outer loop
      vertex   2.400000e-01   5.300000e-01   1.700000e-01
      vertex   2.770784e-01   5.062067e-01   1.700000e-01
      vertex   2.468421e-01   4.800000e-01   1.700000e-01
    endloop
  endfacet
  facet normal    0.000000e+00   0.000000e+00  -1.000000e+00
    outer loop
      vertex   3.173684e-01   4.800000e-01   1.700000e-01
      vertex   3.771429e-01   5.300000e-01   1.700000e-01
      vertex   3.878947e-01   4.800000e-01   1.700000e-01
    endloop
  endfacet
  facet normal    0.000000e+00   0.000000e+00  -1.000000e+00
    outer loop
      vertex   3.085714e-01   5.300000e-01   1.700000e-01
      vertex   3.771429e-01   5.300000e-01   1.700000e-01
      vertex   3.173684e-01   4.800000e-01   1.700000e-01
    endloop
  endfacet
  facet normal    0.000000e+00   0.000000e+00  -1.000000e+00
    outer loop
      vertex   3.173684e-01   4.800000e-01   1.700000e-01
      vertex   2.770784e-01   5.062067e-01   1.700000e-01
      vertex   3.085714e-01   5.300000e-01   1.700000e-01
    endloop
  endfacet
  facet normal    0.000000e+00   0.000000e+00  -1.000000e+00
    outer loop
      vertex   3.878947e-01   4.800000e-01   1.700000e-01
      vertex   4.457143e-01   5.300000e-01   1.700000e-01
      vertex   4.584211e-01   4.800000e-01   1.700000e-01
    endloop
  endfacet
  facet normal    0.000000e+00   0.000000e+00  -1.000000e+00
    outer loop
      vertex   3.771429e-01   5.300000e-01   1.700000e-01
      vertex   4.457143e-01   5.300000e-01   1.700000e-01
      vertex   3.878947e-01   4.800000e-01   1.700000e-01
    endloop
  endfacet
  facet normal    0.000000e+00   0.000000e+00  -1.000000e+00
    outer loop
      vertex   4.584211e-01   4.800000e-01   1.700000e-01
      vertex   5.142857e-01   5.300000e-01   1.700000e-01
      vertex   5.289474e-01   4.800000e-01   1.700000e-01
    endloop
  endfacet
  facet normal    0.000000e+00   0.000000e+00  -1.000000e+00
    outer loop
      vertex   4.457143e-01   5.300000e-01   1.700000e-01
      vertex   5.142857e-01   5.300000e-01   1.700000e-01
      vertex   4.584211e-01   4.800000e-01   1.700000e-01
    endloop
  endfacet
  facet normal    0.000000e+00   0.000000e+00  -1.000000e+00
    outer loop
      vertex   5.289474e-01   4.800000e-01   1.700000e-01
      vertex   5.828571e-01   5.300000e-01   1.700000e-01
      vertex   5.994737e-01   4.800000e-01   1.700000e-01
    endloop
  endfacet
  facet normal    0.000000e+00   0.000000e+00  -1.000000e+00
    outer loop
      vertex   5.142857e-01   5.300000e-01   1.700000e-01
      vertex   5.828571e-01   5.300000e-01   1.700000e-01
      vertex   5.289474e-01   4.800000e-01   1.700000e-01
    endloop
  endfacet
  facet normal    0.000000e+00   0.000000e+00  -1.000000e+00
    outer loop
      vertex   5.828571e-01   5.300000e-01   1.700000e-01
      vertex   6.514286e-01   5.300000e-01   1.700000e-01
      vertex   5.994737e-01   4.800000e-01   1.700000e-01
    endloop
  endfacet
  facet normal    0.000000e+00   0.000000e+00  -1.000000e+00
    outer loop
      vertex  -3.085714e-01  -5.300000e-01   1.700000e-01
      vertex  -2.770784e-01  -5.062067e-01   1.700000e-01
      vertex  -2.400000e-01  -5.300000e-01   1.700000e-01
    endloop
  endfacet
  facet normal    0.000000e+00   0.000000e+00  -1.000000e+00
    outer loop
      vertex  -2.400000e-01  -5.300000e-01   1.700000e-01
      vertex  -2.086466e-01  -5.050000e-01   1.700000e-01
      vertex  -1.714286e-01  -5.300000e-01   1.700000e-01
    endloop
  endfacet
  facet normal    0.000000e+00   0.000000e+00  -1.000000e+00
    outer loop
      vertex  -1.714286e-01  -5.300000e-01   1.700000e-01
      vertex  -1.390977e-01  -5.050000e-01   1.700000e-01
      vertex  -1.028571e-01  -5.300000e-01   1.700000e-01
    endloop
  endfacet
  facet normal    0.000000e+00   0.000000e+00  -1.000000e+00
    outer loop
      vertex  -1.028571e-01  -5.300000e-01   1.700000e-01
      vertex  -6.954887e-02  -5.050000e-01   1.700000e-01
      vertex  -3.428571e-02  -5.300000e-01   1.700000e-01
    endloop
  endfacet
  facet normal    0.000000e+00   0.000000e+00  -1.000000e+00
    outer loop
      vertex  -3.428571e-02  -5.300000e-01   1.700000e-01
      vertex   0.000000e+00  -5.050000e-01   1.700000e-01
      vertex   3.428571e-02  -5.300000e-01   1.700000e-01
    endloop
  endfacet
  facet normal    0.000000e+00   0.000000e+00  -1.000000e+00
    outer loop
      vertex   3.428571e-02  -5.300000e-01   1.700000e-01
      vertex   6.954887e-02  -5.050000e-01   1.700000e-01
      vertex   1.028571e-01  -5.300000e-01   1.700000e-01
    endloop
  endfacet
  facet normal    0.000000e+00   0.000000e+00  -1.000000e+00
    outer loop
      vertex   1.028571e-01  -5.300000e-01   1.700000e-01
      vertex   1.390977e-01  -5.050000e-01   1.700000e-01
      vertex   1.714286e-01  -5.300000e-01   1.700000e-01
    endloop
  endfacet
  facet normal    0.000000e+00   0.000000e+00  -1.000000e+00
    outer loop
      vertex   1.714286e-01  -5.300000e-01   1.700000e-01
      vertex   2.086466e-01  -5.050000e-01   1.700000e-01
      vertex   2.400000e-01  -5.300000e-01   1.700000e-01
    endloop
  endfacet
  facet normal    0.000000e+00   0.000000e+00  -1.000000e+00
    outer loop
      vertex   2.400000e-01  -5.300000e-01   1.700000e-01
      vertex   2.770784e-01  -5.062067e-01   1.700000e-01
      vertex   3.085714e-01  -5.300000e-01   1.700000e-01
    endloop
  endfacet
  facet normal   -0.000000e+00   0.000000e+00  -1.000000e+00
    outer loop
      vertex  -2.400000e-01   5.300000e-01   1.700000e-01
      vertex  -2.770784e-01   5.062067e-01   1.700000e-01
      vertex  -3.085714e-01   5.300000e-01   1.700000e-01
    endloop
  endfacet
  facet normal   -0.000000e+00   0.000000e+00  -1.000000e+00
    outer loop
      vertex  -1.714286e-01   5.300000e-01   1.700000e-01
      vertex  -2.086466e-01   5.050000e-01   1.700000e-01
      vertex  -2.400000e-01   5.300000e-01   1.700000e-01
    endloop
  endfacet
  facet normal   -0.000000e+00   0.000000e+00  -1.000000e+00
    outer loop
      vertex  -1.028571e-01   5.300000e-01   1.700000e-01
      vertex  -1.390977e-01   5.050000e-01   1.700000e-01
      vertex  -1.714286e-01   5.300000e-01   1.700000e-01
    endloop
  endfacet
  facet normal   -0.000000e+00   0.000000e+00  -1.000000e+00
    outer loop
      vertex  -3.428571e-02   5.300000e-01   1.700000e-01
      vertex  -6.954887e-02   5.050000e-01   1.700000e-01
      vertex  -1.028571e-01   5.300000e-01   1.700000e-01
    endloop
  endfacet
  facet normal   -0.000000e+00   0.000000e+00  -1.000000e+00
    outer loop
      vertex   3.428571e-02   5.300000e-01   1.700000e-01
      vertex   0.000000e+00   5.050000e-01   1.700000e-01
      vertex  -3.428571e-02   5.300000e-01   1.700000e-01
    endloop
  endfacet
  facet normal   -0.000000e+00   0.000000e+00  -1.000000e+00
    outer loop
      vertex   1.028571e-01   5.300000e-01   1.700000e-01
      vertex   6.954887e-02   5.050000e-01   1.700000e-01
      vertex   3.428571e-02   5.300000e-01   1.700000e-01
    endloop
  endfacet
  facet normal   -0.000000e+00   0.000000e+00  -1.000000e+00
    outer loop
      vertex   1.714286e-01   5.300000e-01   1.700000e-01
      vertex   1.390977e-01   5.050000e-01   1.700000e-01
      vertex   1.028571e-01   5.300000e-01   1.700000e-01
    endloop
  endfacet
  facet normal   -0.000000e+00   0.000000e+00  -1.000000e+00
    outer loop
      vertex   2.400000e-01   5.300000e-01   1.700000e-01
      vertex   2.086466e-01   5.050000e-01   1.700000e-01
      vertex   1.714286e-01   5.300000e-01   1.700000e-01
    endloop
  endfacet
  facet normal   -0.000000e+00   0.000000e+00  -1.000000e+00
    outer loop
      vertex   3.085714e-01   5.300000e-01   1.700000e-01
      vertex   2.770784e-01   5.062067e-01   1.700000e-01
      vertex   2.400000e-01   5.300000e-01   1.700000e-01
    endloop
  endfacet
  facet normal    0.000000e+00  -1.000000e+00   0.000000e+00
    outer loop
      vertex  -7.200000e-01   5.300000e-01   1.200000e-01
      vertex  -6.857143e-01   5.300000e-01   1.450000e-01
      vertex  -7.200000e-01   5.300000e-01   1.700000e-01
    endloop
  endfacet
  facet normal    0.000000e+00  -1.000000e+00   0.000000e+00
    outer loop
      vertex  -7.200000e-01   5.300000e-01   1.700000e-01
      vertex  -6.857143e-01   5.300000e-01   1.450000e-01
      vertex  -6.514286e-01   5.300000e-01   1.700000e-01
    endloop
  endfacet
  facet normal    0.000000e+00  -1.000000e+00   0.000000e+00
    outer loop
      vertex  -6.514286e-01   5.300000e-01   1.200000e-01
      vertex  -6.857143e-01   5.300000e-01   1.450000e-01
      vertex  -7.200000e-01   5.300000e-01   1.200000e-01
    endloop
  endfacet
  facet normal    0.000000e+00  -1.000000e+00  -0.000000e+00
    outer loop
      vertex   7.200000e-01   5.300000e-01   1.700000e-01
      vertex   6.857143e-01   5.300000e-01   1.450000e-01
      vertex   7.200000e-01   5.300000e-01   1.200000e-01
    endloop
  endfacet
  facet normal    0.000000e+00  -1.000000e+00   0.000000e+00
    outer loop
      vertex   6.514286e-01   5.300000e-01   1.700000e-01
      vertex   6.857143e-01   5.300000e-01   1.450000e-01
      vertex   7.200000e-01   5.300000e-01   1.700000e-01
    endloop
  endfacet
  facet normal    0.000000e+00  -1.000000e+00   0.000000e+00
    outer loop
      vertex   7.200000e-01   5.300000e-01   1.200000e-01
      vertex   6.857143e-01   5.300000e-01   1.450000e-01
      vertex   6.514286e-01   5.300000e-01   1.200000e-01
    endloop
  endfacet
  facet normal    0.000000e+00  -1.000000e+00   0.000000e+00
    outer loop
      vertex  -6.514286e-01   5.300000e-01   1.700000e-01
      vertex  -6.171429e-01   5.300000e-01   1.450000e-01
      vertex  -5.828571e-01   5.300000e-01   1.700000e-01
    endloop
  endfacet
  facet normal    0.000000e+00  -1.000000e+00  -0.000000e+00
    outer loop
      vertex  -6.514286e-01   5.300000e-01   1.700000e-01
      vertex  -6.857143e-01   5.300000e-01   1.450000e-01
      vertex  -6.514286e-01   5.300000e-01   1.200000e-01
    endloop
  endfacet
  facet normal    0.000000e+00  -1.000000e+00   0.000000e+00
    outer loop
      vertex  -6.514286e-01   5.300000e-01   1.200000e-01
      vertex  -6.171429e-01   5.300000e-01   1.450000e-01
      vertex  -6.514286e-01   5.300000e-01   1.700000e-01
    endloop
  endfacet
  facet normal    0.000000e+00  -1.000000e+00   0.000000e+00
    outer loop
      vertex  -5.828571e-01   5.300000e-01   1.700000e-01
      vertex  -5.485714e-01   5.300000e-01   1.450000e-01
      vertex  -5.142857e-01   5.300000e-01   1.700000e-01
    endloop
  endfacet
  facet normal    0.000000e+00  -1.000000e+00  -0.000000e+00
    outer loop
      vertex  -5.828571e-01   5.300000e-01   1.700000e-01
      vertex  -6.171429e-01   5.300000e-01   1.450000e-01
      vertex  -5.828571e-01   5.300000e-01   1.200000e-01
    endloop
  endfacet
  facet normal    0.000000e+00  -1.000000e+00   0.000000e+00
    outer loop
      vertex  -5.828571e-01   5.300000e-01   1.200000e-01
      vertex  -5.485714e-01   5.300000e-01   1.450000e-01
      vertex  -5.828571e-01   5.300000e-01   1.700000e-01
    endloop
  endfacet
  facet normal    0.000000e+00  -1.000000e+00   0.000000e+00
    outer loop
      vertex  -5.142857e-01   5.300000e-01   1.700000e-01
      vertex  -4.800000e-01   5.300000e-01   1.450000e-01
      vertex  -4.457143e-01   5.300000e-01   1.700000e-01
    endloop
  endfacet
  facet normal    0.000000e+00  -1.000000e+00  -0.000000e+00
    outer loop
      vertex  -5.142857e-01   5.300000e-01   1.700000e-01
      vertex  -5.485714e-01   5.300000e-01   1.450000e-01
      vertex  -5.142857e-01   5.300000e-01   1.200000e-01
    endloop
  endfacet
  facet normal    0.000000e+00  -1.000000e+00   0.000000e+00
    outer loop
      vertex  -5.142857e-01   5.300000e-01   1.200000e-01
      vertex  -4.800000e-01   5.300000e-01   1.450000e-01
      vertex  -5.142857e-01   5.300000e-01   1.700000e-01
    endloop
  endfacet
  facet normal    0.000000e+00  -1.000000e+00   0.000000e+00
    outer loop
      vertex  -4.457143e-01   5.300000e-01   1.700000e-01
      vertex  -4.114286e-01   5.300000e-01   1.450000e-01
      vertex  -3.771429e-01   5.300000e-01   1.700000e-01
    endloop
  endfacet
  facet normal    0.000000e+00  -1.000000e+00  -0.000000e+00
    outer loop
      vertex  -4.457143e-01   5.300000e-01   1.700000e-01
      vertex  -4.800000e-01   5.300000e-01   1.450000e-01
      vertex  -4.457143e-01   5.300000e-01   1.200000e-01
    endloop
  endfacet
  facet normal    0.000000e+00  -1.000000e+00   0.000000e+00
    outer loop
      vertex  -4.457143e-01   5.300000e-01   1.200000e-01
      vertex  -4.114286e-01   5.300000e-01   1.450000e-01
      vertex  -4.457143e-01   5.300000e-01   1.700000e-01
    endloop
  endfacet
  facet normal    0.000000e+00  -1.000000e+00   0.000000e+00
    outer loop
      vertex  -3.771429e-01   5.300000e-01   1.700000e-01
      vertex  -3.428571e-01   5.300000e-01   1.450000e-01
      vertex  -3.085714e-01   5.300000e-01   1.700000e-01
    endloop
  endfacet
  facet normal    0.000000e+00  -1.000000e+00  -0.000000e+00
    outer loop
      vertex  -3.771429e-01   5.300000e-01   1.700000e-01
      vertex  -4.114286e-01   5.300000e-01   1.450000e-01
      vertex  -3.771429e-01   5.300000e-01   1.200000e-01
    endloop
  endfacet
  facet normal    0.000000e+00  -1.000000e+00   0.000000e+00
    outer loop
      vertex  -3.771429e-01   5.300000e-01   1.200000e-01
      vertex  -3.428571e-01   5.300000e-01   1.450000e-01
      vertex  -3.771429e-01   5.300000e-01   1.700000e-01
    endloop
  endfacet
  facet normal    0.000000e+00  -1.000000e+00   0.000000e+00
    outer loop
      vertex  -3.085714e-01   5.300000e-01   1.700000e-01
      vertex  -2.742857e-01   5.300000e-01   1.450000e-01
      vertex  -2.400000e-01   5.300000e-01   1.700000e-01
    endloop
  endfacet
  facet normal    0.000000e+00  -1.000000e+00  -0.000000e+00
    outer loop
      vertex  -3.085714e-01   5.300000e-01   1.700000e-01
      vertex  -3.428571e-01   5.300000e-01   1.450000e-01
      vertex  -3.085714e-01   5.300000e-01   1.200000e-01
    endloop
  endfacet
  facet normal    0.000000e+00  -1.000000e+00   0.000000e+00
    outer loop
      vertex  -3.085714e-01   5.300000e-01   1.200000e-01
      vertex  -2.742857e-01   5.300000e-01   1.450000e-01
      vertex  -3.085714e-01   5.300000e-01   1.700000e-01
    endloop
  endfacet
  facet normal    0.000000e+00  -1.000000e+00   0.000000e+00
    outer loop
      vertex  -2.400000e-01   5.300000e-01   1.700000e-01
      vertex  -2.057143e-01   5.300000e-01   1.450000e-01
      vertex  -1.714286e-01   5.300000e-01   1.700000e-01
    endloop
  endfacet
  facet normal    0.000000e+00  -1.000000e+00  -0.000000e+00
    outer loop
      vertex  -2.400000e-01   5.300000e-01   1.700000e-01
      vertex  -2.742857e-01   5.300000e-01   1.450000e-01
      vertex  -2.400000e-01   5.300000e-01   1.200000e-01
    endloop
  endfacet
  facet normal    0.000000e+00  -1.000000e+00   0.000000e+00
    outer loop
      vertex  -2.400000e-01   5.300000e-01   1.200000e-01
      vertex  -2.057143e-01   5.300000e-01   1.450000e-01
      vertex  -2.400000e-01   5.300000e-01   1.700000e-01
    endloop
  endfacet
  facet normal    0.000000e+00  -1.000000e+00   0.000000e+00
    outer loop
      vertex  -1.714286e-01   5.300000e-01   1.700000e-01
      vertex  -1.371429e-01   5.300000e-01   1.450000e-01
      vertex  -1.028571e-01   5.300000e-01   1.700000e-01
    endloop
  endfacet
  facet normal    0.000000e+00  -1.000000e+00   0.000000e+00
    outer loop
      vertex  -1.714286e-01   5.300000e-01   1.200000e-01
      vertex  -1.371429e-01   5.300000e-01   1.450000e-01
      vertex  -1.714286e-01   5.300000e-01   1.700000e-01
    endloop
  endfacet
  facet normal    0.000000e+00  -1.000000e+00  -0.000000e+00
    outer loop
      vertex  -1.714286e-01   5.300000e-01   1.700000e-01
      vertex  -2.057143e-01   5.300000e-01   1.450000e-01
      vertex  -1.714286e-01   5.300000e-01   1.200000e-01
    endloop
  endfacet
  facet normal    0.000000e+00  -1.000000e+00   0.000000e+00
    outer loop
      vertex  -1.028571e-01   5.300000e-01   1.700000e-01
      vertex  -6.857143e-02   5.300000e-01   1.450000e-01
      vertex  -3.428571e-02   5.300000e-01   1.700000e-01
    endloop
  endfacet
  facet normal    0.000000e+00  -1.000000e+00   0.000000e+00
    outer loop
      vertex  -1.028571e-01   5.300000e-01   1.200000e-01
      vertex  -6.857143e-02   5.300000e-01   1.450000e-01
      vertex  -1.028571e-01   5.300000e-01   1.700000e-01
    endloop
  endfacet
  facet normal    0.000000e+00  -1.000000e+00  -0.000000e+00
    outer loop
      vertex  -1.028571e-01   5.300000e-01   1.700000e-01
      vertex  -1.371429e-01   5.300000e-01   1.450000e-01
      vertex  -1.028571e-01   5.300000e-01   1.200000e-01
    endloop
  endfacet
  facet normal    0.000000e+00  -1.000000e+00   0.000000e+00
    outer loop
      vertex  -3.428571e-02   5.300000e-01   1.700000e-01
      vertex   1.110223e-16   5.300000e-01   1.450000e-01
      vertex   3.428571e-02   5.300000e-01   1.700000e-01
    endloop
  endfacet
  facet normal    0.000000e+00  -1.000000e+00   0.000000e+00
    outer loop
      vertex  -3.428571e-02   5.300000e-01   1.200000e-01
      vertex   1.110223e-16   5.300000e-01   1.450000e-01
      vertex  -3.428571e-02   5.300000e-01   1.700000e-01
    endloop
  endfacet
  facet normal    0.000000e+00  -1.000000e+00  -0.000000e+00
    outer loop
      vertex  -3.428571e-02   5.300000e-01   1.700000e-01
      vertex  -6.857143e-02   5.300000e-01   1.450000e-01
      vertex  -3.428571e-02   5.300000e-01   1.200000e-01
    endloop
  endfacet
  facet normal    0.000000e+00  -1.000000e+00   0.000000e+00
    outer loop
      vertex   3.428571e-02   5.300000e-01   1.700000e-01
      vertex   6.857143e-02   5.300000e-01   1.450000e-01
      vertex   1.028571e-01   5.300000e-01   1.700000e-01
    endloop
  endfacet
  facet normal    0.000000e+00  -1.000000e+00  -0.000000e+00
    outer loop
      vertex   3.428571e-02   5.300000e-01   1.700000e-01
      vertex   1.110223e-16   5.300000e-01   1.450000e-01
      vertex   3.428571e-02   5.300000e-01   1.200000e-01
    endloop
  endfacet
  facet normal    0.000000e+00  -1.000000e+00   0.000000e+00
    outer loop
      vertex   3.428571e-02   5.300000e-01   1.200000e-01
      vertex   6.857143e-02   5.300000e-01   1.450000e-01
      vertex   3.428571e-02   5.300000e-01   1.700000e-01
    endloop
  endfacet
  facet normal    0.000000e+00  -1.000000e+00   0.000000e+00
    outer loop
      vertex   1.028571e-01   5.300000e-01   1.700000e-01
      vertex   1.371429e-01   5.300000e-01   1.450000e-01
      vertex   1.714286e-01   5.300000e-01   1.700000e-01
    endloop
  endfacet
  facet normal    0.000000e+00  -1.000000e+00  -0.000000e+00
    outer loop
      vertex   1.028571e-01   5.300000e-01   1.700000e-01
      vertex   6.857143e-02   5.300000e-01   1.450000e-01
      vertex   1.028571e-01   5.300000e-01   1.200000e-01
    endloop
  endfacet
  facet normal    0.000000e+00  -1.000000e+00   0.000000e+00
    outer loop
      vertex   1.028571e-01   5.300000e-01   1.200000e-01
      vertex   1.371429e-01   5.300000e-01   1.450000e-01
      vertex   1.028571e-01   5.300000e-01   1.700000e-01
    endloop
  endfacet
  facet normal    0.000000e+00  -1.000000e+00   0.000000e+00
    outer loop
      vertex   1.714286e-01   5.300000e-01   1.700000e-01
      vertex   2.057143e-01   5.300000e-01   1.450000e-01
      vertex   2.400000e-01   5.300000e-01   1.700000e-01
    endloop
  endfacet
  facet normal    0.000000e+00  -1.000000e+00   0.000000e+00
    outer loop
      vertex   1.714286e-01   5.300000e-01   1.200000e-01
      vertex   2.057143e-01   5.300000e-01   1.450000e-01
      vertex   1.714286e-01   5.300000e-01   1.700000e-01
    endloop
  endfacet
  facet normal    0.000000e+00  -1.000000e+00  -0.000000e+00
    outer loop
      vertex   1.714286e-01   5.300000e-01   1.700000e-01
      vertex   1.371429e-01   5.300000e-01   1.450000e-01
      vertex   1.714286e-01   5.300000e-01   1.200000e-01
    endloop
  endfacet
  facet normal    0.000000e+00  -1.000000e+00   0.000000e+00
    outer loop
      vertex   2.400000e-01   5.300000e-01   1.700000e-01
      vertex   2.742857e-01   5.300000e-01   1.450000e-01
      vertex   3.085714e-01   5.300000e-01   1.700000e-01
    endloop
  endfacet
  facet normal    0.000000e+00  -1.000000e+00  -0.000000e+00
    outer loop
      vertex   2.400000e-01   5.300000e-01   1.700000e-01
      vertex   2.057143e-01   5.300000e-01   1.450000e-01
      vertex   2.400000e-01   5.300000e-01   1.200000e-01
    endloop
  endfacet
  facet normal    0.000000e+00  -1.000000e+00   0.000000e+00
    outer loop
      vertex   2.400000e-01   5.300000e-01   1.200000e-01
      vertex   2.742857e-01   5.300000e-01   1.450000e-01
      vertex   2.400000e-01   5.300000e-01   1.700000e-01
    endloop
  endfacet
  facet normal    0.000000e+00  -1.000000e+00   0.000000e+00
    outer loop
      vertex   3.085714e-01   5.300000e-01   1.700000e-01
      vertex   3.428571e-01   5.300000e-01   1.450000e-01
      vertex   3.771429e-01   5.300000e-01   1.700000e-01
    endloop
  endfacet
  facet normal    0.000000e+00  -1.000000e+00   0.000000e+00
    outer loop
      vertex   3.085714e-01   5.300000e-01   1.200000e-01
      vertex   3.428571e-01   5.300000e-01   1.450000e-01
      vertex   3.085714e-01   5.300000e-01   1.700000e-01
    endloop
  endfacet
  facet normal    0.000000e+00  -1.000000e+00  -0.000000e+00
    outer loop
      vertex   3.085714e-01   5.300000e-01   1.700000e-01
      vertex   2.742857e-01   5.300000e-01   1.450000e-01
      vertex   3.085714e-01   5.300000e-01   1.200000e-01
    endloop
  endfacet
  facet normal    0.000000e+00  -1.000000e+00   0.000000e+00
    outer loop
      vertex   3.771429e-01   5.300000e-01   1.700000e-01
      vertex   4.114286e-01   5.300000e-01   1.450000e-01
      vertex   4.457143e-01   5.300000e-01   1.700000e-01
    endloop
  endfacet
  facet normal    0.000000e+00  -1.000000e+00  -0.000000e+00
    outer loop
      vertex   3.771429e-01   5.300000e-01   1.700000e-01
      vertex   3.428571e-01   5.300000e-01   1.450000e-01
      vertex   3.771429e-01   5.300000e-01   1.200000e-01
    endloop
  endfacet
  facet normal    0.000000e+00  -1.000000e+00   0.000000e+00
    outer loop
      vertex   3.771429e-01   5.300000e-01   1.200000e-01
      vertex   4.114286e-01   5.300000e-01   1.450000e-01
      vertex   3.771429e-01   5.300000e-01   1.700000e-01
    endloop
  endfacet
  facet normal    0.000000e+00  -1.000000e+00   0.000000e+00
    outer loop
      vertex   4.457143e-01   5.300000e-01   1.700000e-01
      vertex   4.800000e-01   5.300000e-01   1.450000e-01
      vertex   5.142857e-01   5.300000e-01   1.700000e-01
    endloop
  endfacet
  facet normal    0.000000e+00  -1.000000e+00  -0.000000e+00
    outer loop
      vertex   4.457143e-01   5.300000e-01   1.700000e-01
      vertex   4.114286e-01   5.300000e-01   1.450000e-01
      vertex   4.457143e-01   5.300000e-01   1.200000e-01
    endloop
  endfacet
  facet normal    0.000000e+00  -1.000000e+00   0.000000e+00
    outer loop
      vertex   4.457143e-01   5.300000e-01   1.200000e-01
      vertex   4.800000e-01   5.300000e-01   1.450000e-01
      vertex   4.457143e-01   5.300000e-01   1.700000e-01
    endloop
  endfacet
  facet normal    0.000000e+00  -1.000000e+00   0.000000e+00
    outer loop
      vertex   5.142857e-01   5.300000e-01   1.700000e-01
      vertex   5.485714e-01   5.300000e-01   1.450000e-01
      vertex   5.828571e-01   5.300000e-01   1.700000e-01
    endloop
  endfacet
  facet normal    0.000000e+00  -1.000000e+00  -0.000000e+00
    outer loop
      vertex   5.142857e-01   5.300000e-01   1.700000e-01
      vertex   4.800000e-01   5.300000e-01   1.450000e-01
      vertex   5.142857e-01   5.300000e-01   1.200000e-01
    endloop
  endfacet
  facet normal    0.000000e+00  -1.000000e+00   0.000000e+00
    outer loop
      vertex   5.142857e-01   5.300000e-01   1.200000e-01
      vertex   5.485714e-01   5.300000e-01   1.450000e-01
      vertex   5.142857e-01   5.300000e-01   1.700000e-01
    endloop
  endfacet
  facet normal    0.000000e+00  -1.000000e+00   0.000000e+00
    outer loop
      vertex   5.828571e-01   5.300000e-01   1.700000e-01
      vertex   6.171429e-01   5.300000e-01   1.450000e-01
      vertex   6.514286e-01   5.300000e-01   1.700000e-01
    endloop
  endfacet
  facet normal    0.000000e+00  -1.000000e+00  -0.000000e+00
    outer loop
      vertex   5.828571e-01   5.300000e-01   1.700000e-01
      vertex   5.485714e-01   5.300000e-01   1.450000e-01
      vertex   5.828571e-01   5.300000e-01   1.200000e-01
    endloop
  endfacet
  facet normal    0.000000e+00  -1.000000e+00   0.000000e+00
    outer loop
      vertex   5.828571e-01   5.300000e-01   1.200000e-01
      vertex   6.171429e-01   5.300000e-01   1.450000e-01
      vertex   5.828571e-01   5.300000e-01   1.700000e-01
    endloop
  endfacet
  facet normal    0.000000e+00  -1.000000e+00   0.000000e+00
    outer loop
      vertex   6.514286e-01   5.300000e-01   1.200000e-01
      vertex   6.857143e-01   5.300000e-01   1.450000e-01
      vertex   6.514286e-01   5.300000e-01   1.700000e-01
    endloop
  endfacet
  facet normal    0.000000e+00  -1.000000e+00  -0.000000e+00
    outer loop
      vertex   6.514286e-01   5.300000e-01   1.700000e-01
      vertex   6.171429e-01   5.300000e-01   1.450000e-01
      vertex   6.514286e-01   5.300000e-01   1.200000e-01
    endloop
  endfacet
  facet normal    0.000000e+00  -1.000000e+00   0.000000e+00
    outer loop
      vertex  -5.828571e-01   5.300000e-01   1.200000e-01
      vertex  -6.171429e-01   5.300000e-01   1.450000e-01
      vertex  -6.514286e-01   5.300000e-01   1.200000e-01
    endloop
  endfacet
  facet normal    0.000000e+00  -1.000000e+00   0.000000e+00
    outer loop
      vertex  -5.142857e-01   5.300000e-01   1.200000e-01
      vertex  -5.485714e-01   5.300000e-01   1.450000e-01
      vertex  -5.828571e-01   5.300000e-01   1.200000e-01
    endloop
  endfacet
  facet normal    0.000000e+00  -1.000000e+00   0.000000e+00
    outer loop
      vertex  -4.457143e-01   5.300000e-01   1.200000e-01
      vertex  -4.800000e-01   5.300000e-01   1.450000e-01
      vertex  -5.142857e-01   5.300000e-01   1.200000e-01
    endloop
  endfacet
  facet normal    0.000000e+00  -1.000000e+00   0.000000e+00
    outer loop
      vertex  -3.771429e-01   5.300000e-01   1.200000e-01
      vertex  -4.114286e-01   5.300000e-01   1.450000e-01
      vertex  -4.457143e-01   5.300000e-01   1.200000e-01
    endloop
  endfacet
  facet normal    0.000000e+00  -1.000000e+00   0.000000e+00
    outer loop
      vertex  -3.085714e-01   5.300000e-01   1.200000e-01
      vertex  -3.428571e-01   5.300000e-01   1.450000e-01
      vertex  -3.771429e-01   5.300000e-01   1.200000e-01
    endloop
  endfacet
  facet normal    0.000000e+00  -1.000000e+00   0.000000e+00
    outer loop
      vertex  -2.400000e-01   5.300000e-01   1.200000e-01
      vertex  -2.742857e-01   5.300000e-01   1.450000e-01
      vertex  -3.085714e-01   5.300000e-01   1.200000e-01
    endloop
  endfacet
  facet normal    0.000000e+00  -1.000000e+00   0.000000e+00
    outer loop
      vertex  -1.714286e-01   5.300000e-01   1.200000e-01
      vertex  -2.057143e-01   5.300000e-01   1.450000e-01
      vertex  -2.400000e-01   5.300000e-01   1.200000e-01
    endloop
  endfacet
  facet normal    0.000000e+00  -1.000000e+00   0.000000e+00
    outer loop
      vertex  -1.028571e-01   5.300000e-01   1.200000e-01
      vertex  -1.371429e-01   5.300000e-01   1.450000e-01
      vertex  -1.714286e-01   5.300000e-01   1.200000e-01
    endloop
  endfacet
  facet normal    0.000000e+00  -1.000000e+00   0.000000e+00
    outer loop
      vertex  -3.428571e-02   5.300000e-01   1.200000e-01
      vertex  -6.857143e-02   5.300000e-01   1.450000e-01
      vertex  -1.028571e-01   5.300000e-01   1.200000e-01
    endloop
  endfacet
  facet normal    0.000000e+00  -1.000000e+00   0.000000e+00
    outer loop
      vertex   3.428571e-02   5.300000e-01   1.200000e-01
      vertex   1.110223e-16   5.300000e-01   1.450000e-01
      vertex  -3.428571e-02   5.300000e-01   1.200000e-01
    endloop
  endfacet
  facet normal    0.000000e+00  -1.000000e+00   0.000000e+00
    outer loop
      vertex   1.028571e-01   5.300000e-01   1.200000e-01
      vertex   6.857143e-02   5.300000e-01   1.450000e-01
      vertex   3.428571e-02   5.300000e-01   1.200000e-01
    endloop
  endfacet
  facet normal    0.000000e+00  -1.000000e+00   0.000000e+00
    outer loop
      vertex   1.714286e-01   5.300000e-01   1.200000e-01
      vertex   1.371429e-01   5.300000e-01   1.450000e-01
      vertex   1.028571e-01   5.300000e-01   1.200000e-01
    endloop
  endfacet
  facet normal    0.000000e+00  -1.000000e+00   0.000000e+00
    outer loop
      vertex   2.400000e-01   5.300000e-01   1.200000e-01
      vertex   2.057143e-01   5.300000e-01   1.450000e-01
      vertex   1.714286e-01   5.300000e-01   1.200000e-01
    endloop
  endfacet
  facet normal    0.000000e+00  -1.000000e+00   0.000000e+00
    outer loop
      vertex   3.085714e-01   5.300000e-01   1.200000e-01
      vertex   2.742857e-01   5.300000e-01   1.450000e-01
      vertex   2.400000e-01   5.300000e-01   1.200000e-01
    endloop
  endfacet
  facet normal    0.000000e+00  -1.000000e+00   0.000000e+00
    outer loop
      vertex   3.771429e-01   5.300000e-01   1.200000e-01
      vertex   3.428571e-01   5.300000e-01   1.450000e-01
      vertex   3.085714e-01   5.300000e-01   1.200000e-01
    endloop
  endfacet
  facet normal    0.000000e+00  -1.000000e+00   0.000000e+00
    outer loop
      vertex   4.457143e-01   5.300000e-01   1.200000e-01
      vertex   4.114286e-01   5.300000e-01   1.450000e-01
      vertex   3.771429e-01   5.300000e-01   1.200000e-01
    endloop
  endfacet
  facet normal    0.000000e+00  -1.000000e+00   0.000000e+00
    outer loop
      vertex   5.142857e-01   5.300000e-01   1.200000e-01
      vertex   4.800000e-01   5.300000e-01   1.450000e-01
      vertex   4.457143e-01   5.300000e-01   1.200000e-01
    endloop
  endfacet
  facet normal    0.000000e+00  -1.000000e+00   0.000000e+00
    outer loop
      vertex   5.828571e-01   5.300000e-01   1.200000e-01
      vertex   5.485714e-01   5.300000e-01   1.450000e-01
      vertex   5.142857e-01   5.300000e-01   1.200000e-01
    endloop
  endfacet
  facet normal    0.000000e+00  -1.000000e+00   0.000000e+00
    outer loop
      vertex   6.514286e-01   5.300000e-01   1.200000e-01
      vertex   6.171429e-01   5.300000e-01   1.450000e-01
      vertex   5.828571e-01   5.300000e-01   1.200000e-01
    endloop
  endfacet
  facet normal    0.000000e+00   0.000000e+00   1.000000e+00
    outer loop
      vertex  -6.700000e-01  -4.800000e-01   1.200000e-01
      vertex  -7.200000e-01  -4.593333e-01   1.200000e-01
      vertex  -7.200000e-01  -5.300000e-01   1.200000e-01
    endloop
  endfacet
  facet normal    0.000000e+00   0.000000e+00   1.000000e+00
    outer loop
      vertex  -6.514286e-01  -5.300000e-01   1.200000e-01
      vertex  -6.700000e-01  -4.800000e-01   1.200000e-01
      vertex  -7.200000e-01  -5.300000e-01   1.200000e-01
    endloop
  endfacet
  facet normal    0.000000e+00   0.000000e+00   1.000000e+00
    outer loop
      vertex  -6.700000e-01  -4.114286e-01   1.200000e-01
      vertex  -7.200000e-01  -4.593333e-01   1.200000e-01
      vertex  -6.700000e-01  -4.800000e-01   1.200000e-01
    endloop
  endfacet
  facet normal    0.000000e+00   0.000000e+00   1.000000e+00
    outer loop
      vertex  -5.994737e-01  -4.800000e-01   1.200000e-01
      vertex  -6.700000e-01  -4.800000e-01   1.200000e-01
      vertex  -6.514286e-01  -5.300000e-01   1.200000e-01
    endloop
  endfacet
  facet normal    0.000000e+00   0.000000e+00   1.000000e+00
    outer loop
      vertex  -6.700000e-01   4.800000e-01   1.200000e-01
      vertex  -7.200000e-01   5.300000e-01   1.200000e-01
      vertex  -7.200000e-01   4.593333e-01   1.200000e-01
    endloop
  endfacet
  facet normal    0.000000e+00  -0.000000e+00   1.000000e+00
    outer loop
      vertex  -6.700000e-01   4.800000e-01   1.200000e-01
      vertex  -6.514286e-01   5.300000e-01   1.200000e-01
      vertex  -7.200000e-01   5.300000e-01   1.200000e-01
    endloop
  endfacet
  facet normal    0.000000e+00  -0.000000e+00   1.000000e+00
    outer loop
      vertex  -6.700000e-01   4.114286e-01   1.200000e-01
      vertex  -6.700000e-01   4.800000e-01   1.200000e-01
      vertex  -7.200000e-01   4.593333e-01   1.200000e-01
    endloop
  endfacet
  facet normal    0.000000e+00   0.000000e+00   1.000000e+00
    outer loop
      vertex  -6.700000e-01   4.800000e-01   1.200000e-01
      vertex  -5.994737e-01   4.800000e-01   1.200000e-01
      vertex  -6.514286e-01   5.300000e-01   1.200000e-01
    endloop
  endfacet
  facet normal    0.000000e+00   0.000000e+00   1.000000e+00
    outer loop
      vertex   6.700000e-01  -4.800000e-01   1.200000e-01
      vertex   6.514286e-01  -5.300000e-01   1.200000e-01
      vertex   7.200000e-01  -5.300000e-01   1.200000e-01
    endloop
  endfacet
  facet normal   -0.000000e+00   0.000000e+00   1.000000e+00
    outer loop
      vertex   6.700000e-01  -4.800000e-01   1.200000e-01
      vertex   7.200000e-01  -5.300000e-01   1.200000e-01
      vertex   7.200000e-01  -4.593333e-01   1.200000e-01
    endloop
  endfacet
  facet normal    0.000000e+00   0.000000e+00   1.000000e+00
    outer loop
      vertex   6.700000e-01  -4.114286e-01   1.200000e-01
      vertex   6.700000e-01  -4.800000e-01   1.200000e-01
      vertex   7.200000e-01  -4.593333e-01   1.200000e-01
    endloop
  endfacet
  facet normal    0.000000e+00   0.000000e+00   1.000000e+00
    outer loop
      vertex   6.700000e-01  -4.800000e-01   1.200000e-01
      vertex   5.994737e-01  -4.800000e-01   1.200000e-01
      vertex   6.514286e-01  -5.300000e-01   1.200000e-01
    endloop
  endfacet
  facet normal   -0.000000e+00   0.000000e+00   1.000000e+00
    outer loop
      vertex   6.514286e-01   5.300000e-01   1.200000e-01
      vertex   6.700000e-01   4.800000e-01   1.200000e-01
      vertex   7.200000e-01   5.300000e-01   1.200000e-01
    endloop
  endfacet
  facet normal   -0.000000e+00   0.000000e+00   1.000000e+00
    outer loop
      vertex   6.700000e-01   4.800000e-01   1.200000e-01
      vertex   7.200000e-01   4.593333e-01   1.200000e-01
      vertex   7.200000e-01   5.300000e-01   1.200000e-01
    endloop
  endfacet
  facet normal    0.000000e+00   0.000000e+00   1.000000e+00
    outer loop
      vertex   6.700000e-01   4.800000e-01   1.200000e-01
      vertex   6.700000e-01   4.114286e-01   1.200000e-01
      vertex   7.200000e-01   4.593333e-01   1.200000e-01
    endloop
  endfacet
  facet normal    0.000000e+00   0.000000e+00   1.000000e+00
    outer loop
      vertex   6.514286e-01   5.300000e-01   1.200000e-01
      vertex   5.994737e-01   4.800000e-01   1.200000e-01
      vertex   6.700000e-01   4.800000e-01   1.200000e-01
    endloop
  endfacet
  facet normal    0.000000e+00   0.000000e+00   1.000000e+00
    outer loop
      vertex  -6.700000e-01  -3.428571e-01   1.200000e-01
      vertex  -7.200000e-01  -3.886667e-01   1.200000e-01
      vertex  -6.700000e-01  -4.114286e-01   1.200000e-01
    endloop
  endfacet
  facet normal    0.000000e+00   0.000000e+00   1.000000e+00
    outer loop
      vertex  -6.700000e-01  -4.114286e-01   1.200000e-01
      vertex  -7.200000e-01  -3.886667e-01   1.200000e-01
      vertex  -7.200000e-01  -4.593333e-01   1.200000e-01
    endloop
  endfacet
  facet normal    0.000000e+00   0.000000e+00   1.000000e+00
    outer loop
      vertex  -6.700000e-01  -2.742857e-01   1.200000e-01
      vertex  -7.200000e-01  -3.180000e-01   1.200000e-01
      vertex  -6.700000e-01  -3.428571e-01   1.200000e-01
    endloop
  endfacet
  facet normal    0.000000e+00   0.000000e+00   1.000000e+00
    outer loop
      vertex  -6.700000e-01  -3.428571e-01   1.200000e-01
      vertex  -7.200000e-01  -3.180000e-01   1.200000e-01
      vertex  -7.200000e-01  -3.886667e-01   1.200000e-01
    endloop
  endfacet
  facet normal    0.000000e+00   0.000000e+00   1.000000e+00
    outer loop
      vertex  -6.700000e-01  -2.057143e-01   1.200000e-01
      vertex  -7.200000e-01  -2.473333e-01   1.200000e-01
      vertex  -6.700000e-01  -2.742857e-01   1.200000e-01
    endloop
  endfacet
  facet normal    0.000000e+00   0.000000e+00   1.000000e+00
    outer loop
      vertex  -6.700000e-01  -2.742857e-01   1.200000e-01
      vertex  -7.200000e-01  -2.473333e-01   1.200000e-01
      vertex  -7.200000e-01  -3.180000e-01   1.200000e-01
    endloop
  endfacet
  facet normal    0.000000e+00   0.000000e+00   1.000000e+00
    outer loop
      vertex  -6.700000e-01  -1.371429e-01   1.200000e-01
      vertex  -7.200000e-01  -1.766667e-01   1.200000e-01
      vertex  -6.700000e-01  -2.057143e-01   1.200000e-01
    endloop
  endfacet
  facet normal    0.000000e+00   0.000000e+00   1.000000e+00
    outer loop
      vertex  -6.700000e-01  -2.057143e-01   1.200000e-01
      vertex  -7.200000e-01  -1.766667e-01   1.200000e-01
      vertex  -7.200000e-01  -2.473333e-01   1.200000e-01
    endloop
  endfacet
  facet normal    0.000000e+00   0.000000e+00   1.000000e+00
    outer loop
      vertex  -6.700000e-01  -6.857143e-02   1.200000e-01
      vertex  -7.200000e-01  -1.060000e-01   1.200000e-01
      vertex  -6.700000e-01  -1.371429e-01   1.200000e-01
    endloop
  endfacet
  facet normal    0.000000e+00   0.000000e+00   1.000000e+00
    outer loop
      vertex  -6.700000e-01  -1.371429e-01   1.200000e-01
      vertex  -7.200000e-01  -1.060000e-01   1.200000e-01
      vertex  -7.200000e-01  -1.766667e-01   1.200000e-01
    endloop
  endfacet
  facet normal    0.000000e+00   0.000000e+00   1.000000e+00
    outer loop
      vertex  -6.700000e-01  -1.276756e-15   1.200000e-01
      vertex  -7.200000e-01  -3.533333e-02   1.200000e-01
      vertex  -6.700000e-01  -6.857143e-02   1.200000e-01
    endloop
  endfacet
  facet normal    0.000000e+00   0.000000e+00   1.000000e+00
    outer loop
      vertex  -6.700000e-01  -6.857143e-02   1.200000e-01
      vertex  -7.200000e-01  -3.533333e-02   1.200000e-01
      vertex  -7.200000e-01  -1.060000e-01   1.200000e-01
    endloop
  endfacet
  facet normal    0.000000e+00   0.000000e+00   1.000000e+00
    outer loop
      vertex  -6.700000e-01   6.857143e-02   1.200000e-01
      vertex  -7.200000e-01   3.533333e-02   1.200000e-01
      vertex  -6.700000e-01  -1.276756e-15   1.200000e-01
    endloop
  endfacet
  facet normal    0.000000e+00   0.000000e+00   1.000000e+00
    outer loop
      vertex  -6.700000e-01  -1.276756e-15   1.200000e-01
      vertex  -7.200000e-01   3.533333e-02   1.200000e-01
      vertex  -7.200000e-01  -3.533333e-02   1.200000e-01
    endloop
  endfacet
  facet normal    0.000000e+00   0.000000e+00   1.000000e+00
    outer loop
      vertex  -6.700000e-01   1.371429e-01   1.200000e-01
      vertex  -7.200000e-01   1.060000e-01   1.200000e-01
      vertex  -6.700000e-01   6.857143e-02   1.200000e-01
    endloop
  endfacet
  facet normal    0.000000e+00   0.000000e+00   1.000000e+00
    outer loop
      vertex  -6.700000e-01   6.857143e-02   1.200000e-01
      vertex  -7.200000e-01   1.060000e-01   1.200000e-01
      vertex  -7.200000e-01   3.533333e-02   1.200000e-01
    endloop
  endfacet
  facet normal    0.000000e+00   0.000000e+00   1.000000e+00
    outer loop
      vertex  -6.700000e-01   2.057143e-01   1.200000e-01
      vertex  -7.200000e-01   1.766667e-01   1.200000e-01
      vertex  -6.700000e-01   1.371429e-01   1.200000e-01
    endloop
  endfacet
  facet normal    0.000000e+00   0.000000e+00   1.000000e+00
    outer loop
      vertex  -6.700000e-01   1.371429e-01   1.200000e-01
      vertex  -7.200000e-01   1.766667e-01   1.200000e-01
      vertex  -7.200000e-01   1.060000e-01   1.200000e-01
    endloop
  endfacet
  facet normal    0.000000e+00   0.000000e+00   1.000000e+00
    outer loop
      vertex  -6.700000e-01   2.742857e-01   1.200000e-01
      vertex  -7.200000e-01   2.473333e-01   1.200000e-01
      vertex  -6.700000e-01   2.057143e-01   1.200000e-01
    endloop
  endfacet
  facet normal    0.000000e+00   0.000000e+00   1.000000e+00
    outer loop
      vertex  -6.700000e-01   2.057143e-01   1.200000e-01
      vertex  -7.200000e-01   2.473333e-01   1.200000e-01
      vertex  -7.200000e-01   1.766667e-01   1.200000e-01
    endloop
  endfacet
  facet normal    0.000000e+00   0.000000e+00   1.000000e+00
    outer loop
      vertex  -6.700000e-01   3.428571e-01   1.200000e-01
      vertex  -7.200000e-01   3.180000e-01   1.200000e-01
      vertex  -6.700000e-01   2.742857e-01   1.200000e-01
    endloop
  endfacet
  facet normal    0.000000e+00   0.000000e+00   1.000000e+00
    outer loop
      vertex  -6.700000e-01   2.742857e-01   1.200000e-01
      vertex  -7.200000e-01   3.180000e-01   1.200000e-01
      vertex  -7.200000e-01   2.473333e-01   1.200000e-01
    endloop
  endfacet
  facet normal    0.000000e+00   0.000000e+00   1.000000e+00
    outer loop
      vertex  -6.700000e-01   4.114286e-01   1.200000e-01
      vertex  -7.200000e-01   3.886667e-01   1.200000e-01
      vertex  -6.700000e-01   3.428571e-01   1.200000e-01
    endloop
  endfacet
  facet normal    0.000000e+00   0.000000e+00   1.000000e+00
    outer loop
      vertex  -6.700000e-01   3.428571e-01   1.200000e-01
      vertex  -7.200000e-01   3.886667e-01   1.200000e-01
      vertex  -7.200000e-01   3.180000e-01   1.200000e-01
    endloop
  endfacet
  facet normal    0.000000e+00   0.000000e+00   1.000000e+00
    outer loop
      vertex  -6.700000e-01   4.114286e-01   1.200000e-01
      vertex  -7.200000e-01   4.593333e-01   1.200000e-01
      vertex  -7.200000e-01   3.886667e-01   1.200000e-01
    endloop
  endfacet
  facet normal    0.000000e+00   0.000000e+00   1.000000e+00
    outer loop
      vertex   6.700000e-01  -3.428571e-01   1.200000e-01
      vertex   6.700000e-01  -4.114286e-01   1.200000e-01
      vertex   7.200000e-01  -3.886667e-01   1.200000e-01
    endloop
  endfacet
  facet normal   -0.000000e+00   0.000000e+00   1.000000e+00
    outer loop
      vertex   6.700000e-01  -4.114286e-01   1.200000e-01
      vertex   7.200000e-01  -4.593333e-01   1.200000e-01
      vertex   7.200000e-01  -3.886667e-01   1.200000e-01
    endloop
  endfacet
  facet normal    0.000000e+00   0.000000e+00   1.000000e+00
    outer loop
      vertex   6.700000e-01  -2.742857e-01   1.200000e-01
      vertex   6.700000e-01  -3.428571e-01   1.200000e-01
      vertex   7.200000e-01  -3.180000e-01   1.200000e-01
    endloop
  endfacet
  facet normal   -0.000000e+00   0.000000e+00   1.000000e+00
    outer loop
      vertex   6.700000e-01  -3.428571e-01   1.200000e-01
      vertex   7.200000e-01  -3.886667e-01   1.200000e-01
      vertex   7.200000e-01  -3.180000e-01   1.200000e-01
    endloop
  endfacet
  facet normal    0.000000e+00   0.000000e+00   1.000000e+00
    outer loop
      vertex   6.700000e-01  -2.057143e-01   1.200000e-01
      vertex   6.700000e-01  -2.742857e-01   1.200000e-01
      vertex   7.200000e-01  -2.473333e-01   1.200000e-01
    endloop
  endfacet
  facet normal   -0.000000e+00   0.000000e+00   1.000000e+00
    outer loop
      vertex   6.700000e-01  -2.742857e-01   1.200000e-01
      vertex   7.200000e-01  -3.180000e-01   1.200000e-01
      vertex   7.200000e-01  -2.473333e-01   1.200000e-01
    endloop
  endfacet
  facet normal    0.000000e+00   0.000000e+00   1.000000e+00
    outer loop
      vertex   6.700000e-01  -1.371429e-01   1.200000e-01
      vertex   6.700000e-01  -2.057143e-01   1.200000e-01
      vertex   7.200000e-01  -1.766667e-01   1.200000e-01
    endloop
  endfacet
  facet normal   -0.000000e+00   0.000000e+00   1.000000e+00
    outer loop
      vertex   6.700000e-01  -2.057143e-01   1.200000e-01
      vertex   7.200000e-01  -2.473333e-01   1.200000e-01
      vertex   7.200000e-01  -1.766667e-01   1.200000e-01
    endloop
  endfacet
  facet normal    0.000000e+00   0.000000e+00   1.000000e+00
    outer loop
      vertex   6.700000e-01  -6.857143e-02   1.200000e-01
      vertex   6.700000e-01  -1.371429e-01   1.200000e-01
      vertex   7.200000e-01  -1.060000e-01   1.200000e-01
    endloop
  endfacet
  facet normal   -0.000000e+00   0.000000e+00   1.000000e+00
    outer loop
      vertex   6.700000e-01  -1.371429e-01   1.200000e-01
      vertex   7.200000e-01  -1.766667e-01   1.200000e-01
      vertex   7.200000e-01  -1.060000e-01   1.200000e-01
    endloop
  endfacet
  facet normal    0.000000e+00   0.000000e+00   1.000000e+00
    outer loop
      vertex   6.700000e-01  -6.857143e-02   1.200000e-01
      vertex   7.200000e-01  -3.533333e-02   1.200000e-01
      vertex   6.700000e-01  -1.276756e-15   1.200000e-01
    endloop
  endfacet
  facet normal   -0.000000e+00   0.000000e+00   1.000000e+00
    outer loop
      vertex   6.700000e-01  -6.857143e-02   1.200000e-01
      vertex   7.200000e-01  -1.060000e-01   1.200000e-01
      vertex   7.200000e-01  -3.533333e-02   1.200000e-01
    endloop
  endfacet
  facet normal    0.000000e+00   0.000000e+00   1.000000e+00
    outer loop
      vertex   6.700000e-01  -1.276756e-15   1.200000e-01
      vertex   7.200000e-01   3.533333e-02   1.200000e-01
      vertex   6.700000e-01   6.857143e-02   1.200000e-01
    endloop
  endfacet
  facet normal   -0.000000e+00   0.000000e+00   1.000000e+00
    outer loop
      vertex   6.700000e-01  -1.276756e-15   1.200000e-01
      vertex   7.200000e-01  -3.533333e-02   1.200000e-01
      vertex   7.200000e-01   3.533333e-02   1.200000e-01
    endloop
  endfacet
  facet normal    0.000000e+00   0.000000e+00   1.000000e+00
    outer loop
      vertex   6.700000e-01   6.857143e-02   1.200000e-01
      vertex   7.200000e-01   1.060000e-01   1.200000e-01
      vertex   6.700000e-01   1.371429e-01   1.200000e-01
    endloop
  endfacet
  facet normal   -0.000000e+00   0.000000e+00   1.000000e+00
    outer loop
      vertex   6.700000e-01   6.857143e-02   1.200000e-01
      vertex   7.200000e-01   3.533333e-02   1.200000e-01
      vertex   7.200000e-01   1.060000e-01   1.200000e-01
    endloop
  endfacet
  facet normal    0.000000e+00   0.000000e+00   1.000000e+00
    outer loop
      vertex   6.700000e-01   1.371429e-01   1.200000e-01
      vertex   7.200000e-01   1.766667e-01   1.200000e-01
      vertex   6.700000e-01   2.057143e-01   1.200000e-01
    endloop
  endfacet
  facet normal   -0.000000e+00   0.000000e+00   1.000000e+00
    outer loop
      vertex   6.700000e-01   1.371429e-01   1.200000e-01
      vertex   7.200000e-01   1.060000e-01   1.200000e-01
      vertex   7.200000e-01   1.766667e-01   1.200000e-01
    endloop
  endfacet
  facet normal    0.000000e+00   0.000000e+00   1.000000e+00
    outer loop
      vertex   7.200000e-01   2.473333e-01   1.200000e-01
      vertex   6.700000e-01   2.742857e-01   1.200000e-01
      vertex   6.700000e-01   2.057143e-01   1.200000e-01
    endloop
  endfacet
  facet normal    0.000000e+00   0.000000e+00   1.000000e+00
    outer loop
      vertex   7.200000e-01   2.473333e-01   1.200000e-01
      vertex   6.700000e-01   2.057143e-01   1.200000e-01
      vertex   7.200000e-01   1.766667e-01   1.200000e-01
    endloop
  endfacet
  facet normal    0.000000e+00   0.000000e+00   1.000000e+00
    outer loop
      vertex   7.200000e-01   3.180000e-01   1.200000e-01
      vertex   6.700000e-01   3.428571e-01   1.200000e-01
      vertex   6.700000e-01   2.742857e-01   1.200000e-01
    endloop
  endfacet
  facet normal    0.000000e+00  -0.000000e+00   1.000000e+00
    outer loop
      vertex   7.200000e-01   2.473333e-01   1.200000e-01
      vertex   7.200000e-01   3.180000e-01   1.200000e-01
      vertex   6.700000e-01   2.742857e-01   1.200000e-01
    endloop
  endfacet
  facet normal    0.000000e+00   0.000000e+00   1.000000e+00
    outer loop
      vertex   7.200000e-01   3.886667e-01   1.200000e-01
      vertex   6.700000e-01   4.114286e-01   1.200000e-01
      vertex   6.700000e-01   3.428571e-01   1.200000e-01
    endloop
  endfacet
  facet normal    0.000000e+00  -0.000000e+00   1.000000e+00
    outer loop
      vertex   7.200000e-01   3.180000e-01   1.200000e-01
      vertex   7.200000e-01   3.886667e-01   1.200000e-01
      vertex   6.700000e-01   3.428571e-01   1.200000e-01
    endloop
  endfacet
  facet normal    0.000000e+00  -0.000000e+00   1.000000e+00
    outer loop
      vertex   7.200000e-01   3.886667e-01   1.200000e-01
      vertex   7.200000e-01   4.593333e-01   1.200000e-01
      vertex   6.700000e-01   4.114286e-01   1.200000e-01
    endloop
  endfacet
  facet normal    0.000000e+00   0.000000e+00   1.000000e+00
    outer loop
      vertex  -5.289474e-01  -4.800000e-01   1.200000e-01
      vertex  -5.994737e-01  -4.800000e-01   1.200000e-01
      vertex  -5.828571e-01  -5.300000e-01   1.200000e-01
    endloop
  endfacet
  facet normal    0.000000e+00   0.000000e+00   1.000000e+00
    outer loop
      vertex  -5.994737e-01  -4.800000e-01   1.200000e-01
      vertex  -6.514286e-01  -5.300000e-01   1.200000e-01
      vertex  -5.828571e-01  -5.300000e-01   1.200000e-01
    endloop
  endfacet
  facet normal    0.000000e+00   0.000000e+00   1.000000e+00
    outer loop
      vertex  -4.584211e-01  -4.800000e-01   1.200000e-01
      vertex  -5.289474e-01  -4.800000e-01   1.200000e-01
      vertex  -5.142857e-01  -5.300000e-01   1.200000e-01
    endloop
  endfacet
  facet normal    0.000000e+00   0.000000e+00   1.000000e+00
    outer loop
      vertex  -5.289474e-01  -4.800000e-01   1.200000e-01
      vertex  -5.828571e-01  -5.300000e-01   1.200000e-01
      vertex  -5.142857e-01  -5.300000e-01   1.200000e-01
    endloop
  endfacet
  facet normal    0.000000e+00   0.000000e+00   1.000000e+00
    outer loop
      vertex  -3.878947e-01  -4.800000e-01   1.200000e-01
      vertex  -4.584211e-01  -4.800000e-01   1.200000e-01
      vertex  -4.457143e-01  -5.300000e-01   1.200000e-01
    endloop
  endfacet
  facet normal    0.000000e+00   0.000000e+00   1.000000e+00
    outer loop
      vertex  -4.584211e-01  -4.800000e-01   1.200000e-01
      vertex  -5.142857e-01  -5.300000e-01   1.200000e-01
      vertex  -4.457143e-01  -5.300000e-01   1.200000e-01
    endloop
  endfacet
  facet normal    0.000000e+00   0.000000e+00   1.000000e+00
    outer loop
      vertex  -3.173684e-01  -4.800000e-01   1.200000e-01
      vertex  -3.878947e-01  -4.800000e-01   1.200000e-01
      vertex  -3.771429e-01  -5.300000e-01   1.200000e-01
    endloop
  endfacet
  facet normal    0.000000e+00   0.000000e+00   1.000000e+00
    outer loop
      vertex  -3.878947e-01  -4.800000e-01   1.200000e-01
      vertex  -4.457143e-01  -5.300000e-01   1.200000e-01
      vertex  -3.771429e-01  -5.300000e-01   1.200000e-01
    endloop
  endfacet
  facet normal    0.000000e+00  -0.000000e+00   1.000000e+00
    outer loop
      vertex  -2.770784e-01  -5.062067e-01   1.200000e-01
      vertex  -2.468421e-01  -4.800000e-01   1.200000e-01
      vertex  -3.173684e-01  -4.800000e-01   1.200000e-01
    endloop
  endfacet
  facet normal    0.000000e+00   0.000000e+00   1.000000e+00
    outer loop
      vertex  -3.173684e-01  -4.800000e-01   1.200000e-01
      vertex  -3.771429e-01  -5.300000e-01   1.200000e-01
      vertex  -3.085714e-01  -5.300000e-01   1.200000e-01
    endloop
  endfacet
  facet normal    0.000000e+00   0.000000e+00   1.000000e+00
    outer loop
      vertex  -2.770784e-01  -5.062067e-01   1.200000e-01
      vertex  -3.173684e-01  -4.800000e-01   1.200000e-01
      vertex  -3.085714e-01  -5.300000e-01   1.200000e-01
    endloop
  endfacet
  facet normal    0.000000e+00  -0.000000e+00   1.000000e+00
    outer loop
      vertex  -2.086466e-01  -5.050000e-01   1.200000e-01
      vertex  -1.763158e-01  -4.800000e-01   1.200000e-01
      vertex  -2.468421e-01  -4.800000e-01   1.200000e-01
    endloop
  endfacet
  facet normal    0.000000e+00   0.000000e+00   1.000000e+00
    outer loop
      vertex  -2.086466e-01  -5.050000e-01   1.200000e-01
      vertex  -2.468421e-01  -4.800000e-01   1.200000e-01
      vertex  -2.400000e-01  -5.300000e-01   1.200000e-01
    endloop
  endfacet
  facet normal   -0.000000e+00   0.000000e+00   1.000000e+00
    outer loop
      vertex  -2.770784e-01  -5.062067e-01   1.200000e-01
      vertex  -2.400000e-01  -5.300000e-01   1.200000e-01
      vertex  -2.468421e-01  -4.800000e-01   1.200000e-01
    endloop
  endfacet
  facet normal    0.000000e+00  -0.000000e+00   1.000000e+00
    outer loop
      vertex  -1.390977e-01  -5.050000e-01   1.200000e-01
      vertex  -1.057895e-01  -4.800000e-01   1.200000e-01
      vertex  -1.763158e-01  -4.800000e-01   1.200000e-01
    endloop
  endfacet
  facet normal    0.000000e+00   0.000000e+00   1.000000e+00
    outer loop
      vertex  -1.390977e-01  -5.050000e-01   1.200000e-01
      vertex  -1.763158e-01  -4.800000e-01   1.200000e-01
      vertex  -1.714286e-01  -5.300000e-01   1.200000e-01
    endloop
  endfacet
  facet normal   -0.000000e+00   0.000000e+00   1.000000e+00
    outer loop
      vertex  -2.086466e-01  -5.050000e-01   1.200000e-01
      vertex  -1.714286e-01  -5.300000e-01   1.200000e-01
      vertex  -1.763158e-01  -4.800000e-01   1.200000e-01
    endloop
  endfacet
  facet normal    0.000000e+00  -0.000000e+00   1.000000e+00
    outer loop
      vertex  -6.954887e-02  -5.050000e-01   1.200000e-01
      vertex  -3.526316e-02  -4.800000e-01   1.200000e-01
      vertex  -1.057895e-01  -4.800000e-01   1.200000e-01
    endloop
  endfacet
  facet normal    0.000000e+00   0.000000e+00   1.000000e+00
    outer loop
      vertex  -6.954887e-02  -5.050000e-01   1.200000e-01
      vertex  -1.057895e-01  -4.800000e-01   1.200000e-01
      vertex  -1.028571e-01  -5.300000e-01   1.200000e-01
    endloop
  endfacet
  facet normal   -0.000000e+00   0.000000e+00   1.000000e+00
    outer loop
      vertex  -1.390977e-01  -5.050000e-01   1.200000e-01
      vertex  -1.028571e-01  -5.300000e-01   1.200000e-01
      vertex  -1.057895e-01  -4.800000e-01   1.200000e-01
    endloop
  endfacet
  facet normal    0.000000e+00  -0.000000e+00   1.000000e+00
    outer loop
      vertex   0.000000e+00  -5.050000e-01   1.200000e-01
      vertex   3.526316e-02  -4.800000e-01   1.200000e-01
      vertex  -3.526316e-02  -4.800000e-01   1.200000e-01
    endloop
  endfacet
  facet normal    0.000000e+00   0.000000e+00   1.000000e+00
    outer loop
      vertex   0.000000e+00  -5.050000e-01   1.200000e-01
      vertex  -3.526316e-02  -4.800000e-01   1.200000e-01
      vertex  -3.428571e-02  -5.300000e-01   1.200000e-01
    endloop
  endfacet
  facet normal   -0.000000e+00   0.000000e+00   1.000000e+00
    outer loop
      vertex  -6.954887e-02  -5.050000e-01   1.200000e-01
      vertex  -3.428571e-02  -5.300000e-01   1.200000e-01
      vertex  -3.526316e-02  -4.800000e-01   1.200000e-01
    endloop
  endfacet
  facet normal    0.000000e+00  -0.000000e+00   1.000000e+00
    outer loop
      vertex   6.954887e-02  -5.050000e-01   1.200000e-01
      vertex   1.057895e-01  -4.800000e-01   1.200000e-01
      vertex   3.526316e-02  -4.800000e-01   1.200000e-01
    endloop
  endfacet
  facet normal   -0.000000e+00   0.000000e+00   1.000000e+00
    outer loop
      vertex   0.000000e+00  -5.050000e-01   1.200000e-01
      vertex   3.428571e-02  -5.300000e-01   1.200000e-01
      vertex   3.526316e-02  -4.800000e-01   1.200000e-01
    endloop
  endfacet
  facet normal    0.000000e+00   0.000000e+00   1.000000e+00
    outer loop
      vertex   6.954887e-02  -5.050000e-01   1.200000e-01
      vertex   3.526316e-02  -4.800000e-01   1.200000e-01
      vertex   3.428571e-02  -5.300000e-01   1.200000e-01
    endloop
  endfacet
  facet normal    0.000000e+00  -0.000000e+00   1.000000e+00
    outer loop
      vertex   1.390977e-01  -5.050000e-01   1.200000e-01
      vertex   1.763158e-01  -4.800000e-01   1.200000e-01
      vertex   1.057895e-01  -4.800000e-01   1.200000e-01
    endloop
  endfacet
  facet normal   -0.000000e+00   0.000000e+00   1.000000e+00
    outer loop
      vertex   6.954887e-02  -5.050000e-01   1.200000e-01
      vertex   1.028571e-01  -5.300000e-01   1.200000e-01
      vertex   1.057895e-01  -4.800000e-01   1.200000e-01
    endloop
  endfacet
  facet normal    0.000000e+00   0.000000e+00   1.000000e+00
    outer loop
      vertex   1.390977e-01  -5.050000e-01   1.200000e-01
      vertex   1.057895e-01  -4.800000e-01   1.200000e-01
      vertex   1.028571e-01  -5.300000e-01   1.200000e-01
    endloop
  endfacet
  facet normal    0.000000e+00  -0.000000e+00   1.000000e+00
    outer loop
      vertex   2.086466e-01  -5.050000e-01   1.200000e-01
      vertex   2.468421e-01  -4.800000e-01   1.200000e-01
      vertex   1.763158e-01  -4.800000e-01   1.200000e-01
    endloop
  endfacet
  facet normal   -0.000000e+00   0.000000e+00   1.000000e+00
    outer loop
      vertex   1.390977e-01  -5.050000e-01   1.200000e-01
      vertex   1.714286e-01  -5.300000e-01   1.200000e-01
      vertex   1.763158e-01  -4.800000e-01   1.200000e-01
    endloop
  endfacet
  facet normal    0.000000e+00   0.000000e+00   1.000000e+00
    outer loop
      vertex   2.086466e-01  -5.050000e-01   1.200000e-01
      vertex   1.763158e-01  -4.800000e-01   1.200000e-01
      vertex   1.714286e-01  -5.300000e-01   1.200000e-01
    endloop
  endfacet
  facet normal    0.000000e+00  -0.000000e+00   1.000000e+00
    outer loop
      vertex   2.770784e-01  -5.062067e-01   1.200000e-01
      vertex   3.173684e-01  -4.800000e-01   1.200000e-01
      vertex   2.468421e-01  -4.800000e-01   1.200000e-01
    endloop
  endfacet
  facet normal   -0.000000e+00   0.000000e+00   1.000000e+00
    outer loop
      vertex   2.086466e-01  -5.050000e-01   1.200000e-01
      vertex   2.400000e-01  -5.300000e-01   1.200000e-01
      vertex   2.468421e-01  -4.800000e-01   1.200000e-01
    endloop
  endfacet
  facet normal    0.000000e+00   0.000000e+00   1.000000e+00
    outer loop
      vertex   2.770784e-01  -5.062067e-01   1.200000e-01
      vertex   2.468421e-01  -4.800000e-01   1.200000e-01
      vertex   2.400000e-01  -5.300000e-01   1.200000e-01
    endloop
  endfacet
  facet normal    0.000000e+00  -0.000000e+00   1.000000e+00
    outer loop
      vertex   3.771429e-01  -5.300000e-01   1.200000e-01
      vertex   3.878947e-01  -4.800000e-01   1.200000e-01
      vertex   3.173684e-01  -4.800000e-01   1.200000e-01
    endloop
  endfacet
  facet normal    0.000000e+00   0.000000e+00   1.000000e+00
    outer loop
      vertex   3.085714e-01  -5.300000e-01   1.200000e-01
      vertex   3.771429e-01  -5.300000e-01   1.200000e-01
      vertex   3.173684e-01  -4.800000e-01   1.200000e-01
    endloop
  endfacet
  facet normal   -0.000000e+00   0.000000e+00   1.000000e+00
    outer loop
      vertex   2.770784e-01  -5.062067e-01   1.200000e-01
      vertex   3.085714e-01  -5.300000e-01   1.200000e-01
      vertex   3.173684e-01  -4.800000e-01   1.200000e-01
    endloop
  endfacet
  facet normal    0.000000e+00  -0.000000e+00   1.000000e+00
    outer loop
      vertex   4.457143e-01  -5.300000e-01   1.200000e-01
      vertex   4.584211e-01  -4.800000e-01   1.200000e-01
      vertex   3.878947e-01  -4.800000e-01   1.200000e-01
    endloop
  endfacet
  facet normal    0.000000e+00   0.000000e+00   1.000000e+00
    outer loop
      vertex   3.771429e-01  -5.300000e-01   1.200000e-01
      vertex   4.457143e-01  -5.300000e-01   1.200000e-01
      vertex   3.878947e-01  -4.800000e-01   1.200000e-01
    endloop
  endfacet
  facet normal    0.000000e+00  -0.000000e+00   1.000000e+00
    outer loop
      vertex   5.142857e-01  -5.300000e-01   1.200000e-01
      vertex   5.289474e-01  -4.800000e-01   1.200000e-01
      vertex   4.584211e-01  -4.800000e-01   1.200000e-01
    endloop
  endfacet
  facet normal    0.000000e+00   0.000000e+00   1.000000e+00
    outer loop
      vertex   4.457143e-01  -5.300000e-01   1.200000e-01
      vertex   5.142857e-01  -5.300000e-01   1.200000e-01
      vertex   4.584211e-01  -4.800000e-01   1.200000e-01
    endloop
  endfacet
  facet normal    0.000000e+00  -0.000000e+00   1.000000e+00
    outer loop
      vertex   5.828571e-01  -5.300000e-01   1.200000e-01
      vertex   5.994737e-01  -4.800000e-01   1.200000e-01
      vertex   5.289474e-01  -4.800000e-01   1.200000e-01
    endloop
  endfacet
  facet normal    0.000000e+00   0.000000e+00   1.000000e+00
    outer loop
      vertex   5.142857e-01  -5.300000e-01   1.200000e-01
      vertex   5.828571e-01  -5.300000e-01   1.200000e-01
      vertex   5.289474e-01  -4.800000e-01   1.200000e-01
    endloop
  endfacet
  facet normal    0.000000e+00   0.000000e+00   1.000000e+00
    outer loop
      vertex   5.828571e-01  -5.300000e-01   1.200000e-01
      vertex   6.514286e-01  -5.300000e-01   1.200000e-01
      vertex   5.994737e-01  -4.800000e-01   1.200000e-01
    endloop
  endfacet
  facet normal    0.000000e+00   0.000000e+00   1.000000e+00
    outer loop
      vertex  -5.289474e-01   4.800000e-01   1.200000e-01
      vertex  -5.828571e-01   5.300000e-01   1.200000e-01
      vertex  -5.994737e-01   4.800000e-01   1.200000e-01
    endloop
  endfacet
  facet normal    0.000000e+00  -0.000000e+00   1.000000e+00
    outer loop
      vertex  -5.994737e-01   4.800000e-01   1.200000e-01
      vertex  -5.828571e-01   5.300000e-01   1.200000e-01
      vertex  -6.514286e-01   5.300000e-01   1.200000e-01
    endloop
  endfacet
  facet normal    0.000000e+00   0.000000e+00   1.000000e+00
    outer loop
      vertex  -4.584211e-01   4.800000e-01   1.200000e-01
      vertex  -5.142857e-01   5.300000e-01   1.200000e-01
      vertex  -5.289474e-01   4.800000e-01   1.200000e-01
    endloop
  endfacet
  facet normal    0.000000e+00  -0.000000e+00   1.000000e+00
    outer loop
      vertex  -5.289474e-01   4.800000e-01   1.200000e-01
      vertex  -5.142857e-01   5.300000e-01   1.200000e-01
      vertex  -5.828571e-01   5.300000e-01   1.200000e-01
    endloop
  endfacet
  facet normal    0.000000e+00   0.000000e+00   1.000000e+00
    outer loop
      vertex  -4.584211e-01   4.800000e-01   1.200000e-01
      vertex  -3.878947e-01   4.800000e-01   1.200000e-01
      vertex  -4.457143e-01   5.300000e-01   1.200000e-01
    endloop
  endfacet
  facet normal    0.000000e+00  -0.000000e+00   1.000000e+00
    outer loop
      vertex  -4.584211e-01   4.800000e-01   1.200000e-01
      vertex  -4.457143e-01   5.300000e-01   1.200000e-01
      vertex  -5.142857e-01   5.300000e-01   1.200000e-01
    endloop
  endfacet
  facet normal    0.000000e+00   0.000000e+00   1.000000e+00
    outer loop
      vertex  -3.173684e-01   4.800000e-01   1.200000e-01
      vertex  -3.771429e-01   5.300000e-01   1.200000e-01
      vertex  -3.878947e-01   4.800000e-01   1.200000e-01
    endloop
  endfacet
  facet normal    0.000000e+00  -0.000000e+00   1.000000e+00
    outer loop
      vertex  -3.878947e-01   4.800000e-01   1.200000e-01
      vertex  -3.771429e-01   5.300000e-01   1.200000e-01
      vertex  -4.457143e-01   5.300000e-01   1.200000e-01
    endloop
  endfacet
  facet normal    0.000000e+00   0.000000e+00   1.000000e+00
    outer loop
      vertex  -2.770784e-01   5.062067e-01   1.200000e-01
      vertex  -3.173684e-01   4.800000e-01   1.200000e-01
      vertex  -2.468421e-01   4.800000e-01   1.200000e-01
    endloop
  endfacet
  facet normal    0.000000e+00  -0.000000e+00   1.000000e+00
    outer loop
      vertex  -3.173684e-01   4.800000e-01   1.200000e-01
      vertex  -3.085714e-01   5.300000e-01   1.200000e-01
      vertex  -3.771429e-01   5.300000e-01   1.200000e-01
    endloop
  endfacet
  facet normal    0.000000e+00   0.000000e+00   1.000000e+00
    outer loop
      vertex  -2.770784e-01   5.062067e-01   1.200000e-01
      vertex  -3.085714e-01   5.300000e-01   1.200000e-01
      vertex  -3.173684e-01   4.800000e-01   1.200000e-01
    endloop
  endfacet
  facet normal    0.000000e+00   0.000000e+00   1.000000e+00
    outer loop
      vertex  -2.086466e-01   5.050000e-01   1.200000e-01
      vertex  -2.468421e-01   4.800000e-01   1.200000e-01
      vertex  -1.763158e-01   4.800000e-01   1.200000e-01
    endloop
  endfacet
  facet normal    0.000000e+00   0.000000e+00   1.000000e+00
    outer loop
      vertex  -2.086466e-01   5.050000e-01   1.200000e-01
      vertex  -2.400000e-01   5.300000e-01   1.200000e-01
      vertex  -2.468421e-01   4.800000e-01   1.200000e-01
    endloop
  endfacet
  facet normal   -0.000000e+00   0.000000e+00   1.000000e+00
    outer loop
      vertex  -2.770784e-01   5.062067e-01   1.200000e-01
      vertex  -2.468421e-01   4.800000e-01   1.200000e-01
      vertex  -2.400000e-01   5.300000e-01   1.200000e-01
    endloop
  endfacet
  facet normal    0.000000e+00   0.000000e+00   1.000000e+00
    outer loop
      vertex  -1.390977e-01   5.050000e-01   1.200000e-01
      vertex  -1.763158e-01   4.800000e-01   1.200000e-01
      vertex  -1.057895e-01   4.800000e-01   1.200000e-01
    endloop
  endfacet
  facet normal    0.000000e+00   0.000000e+00   1.000000e+00
    outer loop
      vertex  -1.390977e-01   5.050000e-01   1.200000e-01
      vertex  -1.714286e-01   5.300000e-01   1.200000e-01
      vertex  -1.763158e-01   4.800000e-01   1.200000e-01
    endloop
  endfacet
  facet normal   -0.000000e+00   0.000000e+00   1.000000e+00
    outer loop
      vertex  -2.086466e-01   5.050000e-01   1.200000e-01
      vertex  -1.763158e-01   4.800000e-01   1.200000e-01
      vertex  -1.714286e-01   5.300000e-01   1.200000e-01
    endloop
  endfacet
  facet normal    0.000000e+00   0.000000e+00   1.000000e+00
    outer loop
      vertex  -6.954887e-02   5.050000e-01   1.200000e-01
      vertex  -1.057895e-01   4.800000e-01   1.200000e-01
      vertex  -3.526316e-02   4.800000e-01   1.200000e-01
    endloop
  endfacet
  facet normal    0.000000e+00   0.000000e+00   1.000000e+00
    outer loop
      vertex  -6.954887e-02   5.050000e-01   1.200000e-01
      vertex  -1.028571e-01   5.300000e-01   1.200000e-01
      vertex  -1.057895e-01   4.800000e-01   1.200000e-01
    endloop
  endfacet
  facet normal   -0.000000e+00   0.000000e+00   1.000000e+00
    outer loop
      vertex  -1.390977e-01   5.050000e-01   1.200000e-01
      vertex  -1.057895e-01   4.800000e-01   1.200000e-01
      vertex  -1.028571e-01   5.300000e-01   1.200000e-01
    endloop
  endfacet
  facet normal    0.000000e+00   0.000000e+00   1.000000e+00
    outer loop
      vertex   0.000000e+00   5.050000e-01   1.200000e-01
      vertex  -3.526316e-02   4.800000e-01   1.200000e-01
      vertex   3.526316e-02   4.800000e-01   1.200000e-01
    endloop
  endfacet
  facet normal    0.000000e+00   0.000000e+00   1.000000e+00
    outer loop
      vertex   0.000000e+00   5.050000e-01   1.200000e-01
      vertex  -3.428571e-02   5.300000e-01   1.200000e-01
      vertex  -3.526316e-02   4.800000e-01   1.200000e-01
    endloop
  endfacet
  facet normal   -0.000000e+00   0.000000e+00   1.000000e+00
    outer loop
      vertex  -6.954887e-02   5.050000e-01   1.200000e-01
      vertex  -3.526316e-02   4.800000e-01   1.200000e-01
      vertex  -3.428571e-02   5.300000e-01   1.200000e-01
    endloop
  endfacet
  facet normal    0.000000e+00   0.000000e+00   1.000000e+00
    outer loop
      vertex   6.954887e-02   5.050000e-01   1.200000e-01
      vertex   3.526316e-02   4.800000e-01   1.200000e-01
      vertex   1.057895e-01   4.800000e-01   1.200000e-01
    endloop
  endfacet
  facet normal   -0.000000e+00   0.000000e+00   1.000000e+00
    outer loop
      vertex   0.000000e+00   5.050000e-01   1.200000e-01
      vertex   3.526316e-02   4.800000e-01   1.200000e-01
      vertex   3.428571e-02   5.300000e-01   1.200000e-01
    endloop
  endfacet
  facet normal    0.000000e+00   0.000000e+00   1.000000e+00
    outer loop
      vertex   6.954887e-02   5.050000e-01   1.200000e-01
      vertex   3.428571e-02   5.300000e-01   1.200000e-01
      vertex   3.526316e-02   4.800000e-01   1.200000e-01
    endloop
  endfacet
  facet normal    0.000000e+00   0.000000e+00   1.000000e+00
    outer loop
      vertex   1.390977e-01   5.050000e-01   1.200000e-01
      vertex   1.057895e-01   4.800000e-01   1.200000e-01
      vertex   1.763158e-01   4.800000e-01   1.200000e-01
    endloop
  endfacet
  facet normal   -0.000000e+00   0.000000e+00   1.000000e+00
    outer loop
      vertex   6.954887e-02   5.050000e-01   1.200000e-01
      vertex   1.057895e-01   4.800000e-01   1.200000e-01
      vertex   1.028571e-01   5.300000e-01   1.200000e-01
    endloop
  endfacet
  facet normal    0.000000e+00   0.000000e+00   1.000000e+00
    outer loop
      vertex   1.390977e-01   5.050000e-01   1.200000e-01
      vertex   1.028571e-01   5.300000e-01   1.200000e-01
      vertex   1.057895e-01   4.800000e-01   1.200000e-01
    endloop
  endfacet
  facet normal    0.000000e+00   0.000000e+00   1.000000e+00
    outer loop
      vertex   2.086466e-01   5.050000e-01   1.200000e-01
      vertex   1.763158e-01   4.800000e-01   1.200000e-01
      vertex   2.468421e-01   4.800000e-01   1.200000e-01
    endloop
  endfacet
  facet normal   -0.000000e+00   0.000000e+00   1.000000e+00
    outer loop
      vertex   1.390977e-01   5.050000e-01   1.200000e-01
      vertex   1.763158e-01   4.800000e-01   1.200000e-01
      vertex   1.714286e-01   5.300000e-01   1.200000e-01
    endloop
  endfacet
  facet normal    0.000000e+00   0.000000e+00   1.000000e+00
    outer loop
      vertex   2.086466e-01   5.050000e-01   1.200000e-01
      vertex   1.714286e-01   5.300000e-01   1.200000e-01
      vertex   1.763158e-01   4.800000e-01   1.200000e-01
    endloop
  endfacet
  facet normal    0.000000e+00   0.000000e+00   1.000000e+00
    outer loop
      vertex   2.770784e-01   5.062067e-01   1.200000e-01
      vertex   2.468421e-01   4.800000e-01   1.200000e-01
      vertex   3.173684e-01   4.800000e-01   1.200000e-01
    endloop
  endfacet
  facet normal   -0.000000e+00   0.000000e+00   1.000000e+00
    outer loop
      vertex   2.086466e-01   5.050000e-01   1.200000e-01
      vertex   2.468421e-01   4.800000e-01   1.200000e-01
      vertex   2.400000e-01   5.300000e-01   1.200000e-01
    endloop
  endfacet
  facet normal    0.000000e+00   0.000000e+00   1.000000e+00
    outer loop
      vertex   2.770784e-01   5.062067e-01   1.200000e-01
      vertex   2.400000e-01   5.300000e-01   1.200000e-01
      vertex   2.468421e-01   4.800000e-01   1.200000e-01
    endloop
  endfacet
  facet normal    0.000000e+00   0.000000e+00   1.000000e+00
    outer loop
      vertex   3.771429e-01   5.300000e-01   1.200000e-01
      vertex   3.173684e-01   4.800000e-01   1.200000e-01
      vertex   3.878947e-01   4.800000e-01   1.200000e-01
    endloop
  endfacet
  facet normal    0.000000e+00   0.000000e+00   1.000000e+00
    outer loop
      vertex   3.771429e-01   5.300000e-01   1.200000e-01
      vertex   3.085714e-01   5.300000e-01   1.200000e-01
      vertex   3.173684e-01   4.800000e-01   1.200000e-01
    endloop
  endfacet
  facet normal   -0.000000e+00   0.000000e+00   1.000000e+00
    outer loop
      vertex   2.770784e-01   5.062067e-01   1.200000e-01
      vertex   3.173684e-01   4.800000e-01   1.200000e-01
      vertex   3.085714e-01   5.300000e-01   1.200000e-01
    endloop
  endfacet
  facet normal    0.000000e+00   0.000000e+00   1.000000e+00
    outer loop
      vertex   4.457143e-01   5.300000e-01   1.200000e-01
      vertex   3.878947e-01   4.800000e-01   1.200000e-01
      vertex   4.584211e-01   4.800000e-01   1.200000e-01
    endloop
  endfacet
  facet normal    0.000000e+00   0.000000e+00   1.000000e+00
    outer loop
      vertex   4.457143e-01   5.300000e-01   1.200000e-01
      vertex   3.771429e-01   5.300000e-01   1.200000e-01
      vertex   3.878947e-01   4.800000e-01   1.200000e-01
    endloop
  endfacet
  facet normal    0.000000e+00   0.000000e+00   1.000000e+00
    outer loop
      vertex   5.142857e-01   5.300000e-01   1.200000e-01
      vertex   4.584211e-01   4.800000e-01   1.200000e-01
      vertex   5.289474e-01   4.800000e-01   1.200000e-01
    endloop
  endfacet
  facet normal    0.000000e+00   0.000000e+00   1.000000e+00
    outer loop
      vertex   5.142857e-01   5.300000e-01   1.200000e-01
      vertex   4.457143e-01   5.300000e-01   1.200000e-01
      vertex   4.584211e-01   4.800000e-01   1.200000e-01
    endloop
  endfacet
  facet normal    0.000000e+00   0.000000e+00   1.000000e+00
    outer loop
      vertex   5.828571e-01   5.300000e-01   1.200000e-01
      vertex   5.289474e-01   4.800000e-01   1.200000e-01
      vertex   5.994737e-01   4.800000e-01   1.200000e-01
    endloop
  endfacet
  facet normal    0.000000e+00   0.000000e+00   1.000000e+00
    outer loop
      vertex   5.828571e-01   5.300000e-01   1.200000e-01
      vertex   5.142857e-01   5.300000e-01   1.200000e-01
      vertex   5.289474e-01   4.800000e-01   1.200000e-01
    endloop
  endfacet
  facet normal    0.000000e+00   0.000000e+00   1.000000e+00
    outer loop
      vertex   6.514286e-01   5.300000e-01   1.200000e-01
      vertex   5.828571e-01   5.300000e-01   1.200000e-01
      vertex   5.994737e-01   4.800000e-01   1.200000e-01
    endloop
  endfacet
  facet normal    0.000000e+00   0.000000e+00   1.000000e+00
    outer loop
      vertex  -2.770784e-01  -5.062067e-01   1.200000e-01
      vertex  -3.085714e-01  -5.300000e-01   1.200000e-01
      vertex  -2.400000e-01  -5.300000e-01   1.200000e-01
    endloop
  endfacet
  facet normal    0.000000e+00   0.000000e+00   1.000000e+00
    outer loop
      vertex  -2.086466e-01  -5.050000e-01   1.200000e-01
      vertex  -2.400000e-01  -5.300000e-01   1.200000e-01
      vertex  -1.714286e-01  -5.300000e-01   1.200000e-01
    endloop
  endfacet
  facet normal    0.000000e+00   0.000000e+00   1.000000e+00
    outer loop
      vertex  -1.390977e-01  -5.050000e-01   1.200000e-01
      vertex  -1.714286e-01  -5.300000e-01   1.200000e-01
      vertex  -1.028571e-01  -5.300000e-01   1.200000e-01
    endloop
  endfacet
  facet normal    0.000000e+00   0.000000e+00   1.000000e+00
    outer loop
      vertex  -6.954887e-02  -5.050000e-01   1.200000e-01
      vertex  -1.028571e-01  -5.300000e-01   1.200000e-01
      vertex  -3.428571e-02  -5.300000e-01   1.200000e-01
    endloop
  endfacet
  facet normal    0.000000e+00   0.000000e+00   1.000000e+00
    outer loop
      vertex   0.000000e+00  -5.050000e-01   1.200000e-01
      vertex  -3.428571e-02  -5.300000e-01   1.200000e-01
      vertex   3.428571e-02  -5.300000e-01   1.200000e-01
    endloop
  endfacet
  facet normal    0.000000e+00   0.000000e+00   1.000000e+00
    outer loop
      vertex   6.954887e-02  -5.050000e-01   1.200000e-01
      vertex   3.428571e-02  -5.300000e-01   1.200000e-01
      vertex   1.028571e-01  -5.300000e-01   1.200000e-01
    endloop
  endfacet
  facet normal    0.000000e+00   0.000000e+00   1.000000e+00
    outer loop
      vertex   1.390977e-01  -5.050000e-01   1.200000e-01
      vertex   1.028571e-01  -5.300000e-01   1.200000e-01
      vertex   1.714286e-01  -5.300000e-01   1.200000e-01
    endloop
  endfacet
  facet normal    0.000000e+00   0.000000e+00   1.000000e+00
    outer loop
      vertex   2.086466e-01  -5.050000e-01   1.200000e-01
      vertex   1.714286e-01  -5.300000e-01   1.200000e-01
      vertex   2.400000e-01  -5.300000e-01   1.200000e-01
    endloop
  endfacet
  facet normal    0.000000e+00   0.000000e+00   1.000000e+00
    outer loop
      vertex   2.770784e-01  -5.062067e-01   1.200000e-01
      vertex   2.400000e-01  -5.300000e-01   1.200000e-01
      vertex   3.085714e-01  -5.300000e-01   1.200000e-01
    endloop
  endfacet
  facet normal    0.000000e+00  -0.000000e+00   1.000000e+00
    outer loop
      vertex  -2.770784e-01   5.062067e-01   1.200000e-01
      vertex  -2.400000e-01   5.300000e-01   1.200000e-01
      vertex  -3.085714e-01   5.300000e-01   1.200000e-01
    endloop
  endfacet
  facet normal    0.000000e+00  -0.000000e+00   1.000000e+00
    outer loop
      vertex  -2.086466e-01   5.050000e-01   1.200000e-01
      vertex  -1.714286e-01   5.300000e-01   1.200000e-01
      vertex  -2.400000e-01   5.300000e-01   1.200000e-01
    endloop
  endfacet
  facet normal    0.000000e+00  -0.000000e+00   1.000000e+00
    outer loop
      vertex  -1.390977e-01   5.050000e-01   1.200000e-01
      vertex  -1.028571e-01   5.300000e-01   1.200000e-01
      vertex  -1.714286e-01   5.300000e-01   1.200000e-01
    endloop
  endfacet
  facet normal    0.000000e+00  -0.000000e+00   1.000000e+00
    outer loop
      vertex  -6.954887e-02   5.050000e-01   1.200000e-01
      vertex  -3.428571e-02   5.300000e-01   1.200000e-01
      vertex  -1.028571e-01   5.300000e-01   1.200000e-01
    endloop
  endfacet
  facet normal    0.000000e+00  -0.000000e+00   1.000000e+00
    outer loop
      vertex   0.000000e+00   5.050000e-01   1.200000e-01
      vertex   3.428571e-02   5.300000e-01   1.200000e-01
      vertex  -3.428571e-02   5.300000e-01   1.200000e-01
    endloop
  endfacet
  facet normal    0.000000e+00  -0.000000e+00   1.000000e+00
    outer loop
      vertex   6.954887e-02   5.050000e-01   1.200000e-01
      vertex   1.028571e-01   5.300000e-01   1.200000e-01
      vertex   3.428571e-02   5.300000e-01   1.200000e-01
    endloop
  endfacet
  facet normal    0.000000e+00  -0.000000e+00   1.000000e+00
    outer loop
      vertex   1.390977e-01   5.050000e-01   1.200000e-01
      vertex   1.714286e-01   5.300000e-01   1.200000e-01
      vertex   1.028571e-01   5.300000e-01   1.200000e-01
    endloop
  endfacet
  facet normal    0.000000e+00  -0.000000e+00   1.000000e+00
    outer loop
      vertex   2.086466e-01   5.050000e-01   1.200000e-01
      vertex   2.400000e-01   5.300000e-01   1.200000e-01
      vertex   1.714286e-01   5.300000e-01   1.200000e-01
    endloop
  endfacet
  facet normal    0.000000e+00  -0.000000e+00   1.000000e+00
    outer loop
      vertex   2.770784e-01   5.062067e-01   1.200000e-01
      vertex   3.085714e-01   5.300000e-01   1.200000e-01
      vertex   2.400000e-01   5.300000e-01   1.200000e-01
    endloop
  endfacet
  facet normal   -1.000000e+00   0.000000e+00   0.000000e+00
    outer loop
      vertex   7.200000e-01  -5.300000e-01   1.700000e-01
      vertex   7.200000e-01  -4.946667e-01   1.450000e-01
      vertex   7.200000e-01  -5.300000e-01   1.200000e-01
    endloop
  endfacet
  facet normal   -1.000000e+00   0.000000e+00   0.000000e+00
    outer loop
      vertex   7.200000e-01  -5.300000e-01   1.200000e-01
      vertex   7.200000e-01  -4.946667e-01   1.450000e-01
      vertex   7.200000e-01  -4.593333e-01   1.200000e-01
    endloop
  endfacet
  facet normal   -1.000000e+00  -0.000000e+00   0.000000e+00
    outer loop
      vertex   7.200000e-01  -4.593333e-01   1.700000e-01
      vertex   7.200000e-01  -4.946667e-01   1.450000e-01
      vertex   7.200000e-01  -5.300000e-01   1.700000e-01
    endloop
  endfacet
  facet normal   -1.000000e+00   0.000000e+00   0.000000e+00
    outer loop
      vertex   7.200000e-01   5.300000e-01   1.200000e-01
      vertex   7.200000e-01   4.946667e-01   1.450000e-01
      vertex   7.200000e-01   5.300000e-01   1.700000e-01
    endloop
  endfacet
  facet normal   -1.000000e+00  -0.000000e+00   0.000000e+00
    outer loop
      vertex   7.200000e-01   5.300000e-01   1.700000e-01
      vertex   7.200000e-01   4.946667e-01   1.450000e-01
      vertex   7.200000e-01   4.593333e-01   1.700000e-01
    endloop
  endfacet
  facet normal   -1.000000e+00   0.000000e+00   0.000000e+00
    outer loop
      vertex   7.200000e-01   4.593333e-01   1.200000e-01
      vertex   7.200000e-01   4.946667e-01   1.450000e-01
      vertex   7.200000e-01   5.300000e-01   1.200000e-01
    endloop
  endfacet
  facet normal   -1.000000e+00  -0.000000e+00   0.000000e+00
    outer loop
      vertex   7.200000e-01  -3.886667e-01   1.700000e-01
      vertex   7.200000e-01  -4.240000e-01   1.450000e-01
      vertex   7.200000e-01  -4.593333e-01   1.700000e-01
    endloop
  endfacet
  facet normal   -1.000000e+00   0.000000e+00   0.000000e+00
    outer loop
      vertex   7.200000e-01  -4.593333e-01   1.200000e-01
      vertex   7.200000e-01  -4.946667e-01   1.450000e-01
      vertex   7.200000e-01  -4.593333e-01   1.700000e-01
    endloop
  endfacet
  facet normal   -1.000000e+00   0.000000e+00   0.000000e+00
    outer loop
      vertex   7.200000e-01  -4.593333e-01   1.700000e-01
      vertex   7.200000e-01  -4.240000e-01   1.450000e-01
      vertex   7.200000e-01  -4.593333e-01   1.200000e-01
    endloop
  endfacet
  facet normal   -1.000000e+00  -0.000000e+00   0.000000e+00
    outer loop
      vertex   7.200000e-01  -3.180000e-01   1.700000e-01
      vertex   7.200000e-01  -3.533333e-01   1.450000e-01
      vertex   7.200000e-01  -3.886667e-01   1.700000e-01
    endloop
  endfacet
  facet normal   -1.000000e+00   0.000000e+00   0.000000e+00
    outer loop
      vertex   7.200000e-01  -3.886667e-01   1.200000e-01
      vertex   7.200000e-01  -4.240000e-01   1.450000e-01
      vertex   7.200000e-01  -3.886667e-01   1.700000e-01
    endloop
  endfacet
  facet normal   -1.000000e+00   0.000000e+00   0.000000e+00
    outer loop
      vertex   7.200000e-01  -3.886667e-01   1.700000e-01
      vertex   7.200000e-01  -3.533333e-01   1.450000e-01
      vertex   7.200000e-01  -3.886667e-01   1.200000e-01
    endloop
  endfacet
  facet normal   -1.000000e+00  -0.000000e+00   0.000000e+00
    outer loop
      vertex   7.200000e-01  -2.473333e-01   1.700000e-01
      vertex   7.200000e-01  -2.826667e-01   1.450000e-01
      vertex   7.200000e-01  -3.180000e-01   1.700000e-01
    endloop
  endfacet
  facet normal   -1.000000e+00   0.000000e+00   0.000000e+00
    outer loop
      vertex   7.200000e-01  -3.180000e-01   1.200000e-01
      vertex   7.200000e-01  -3.533333e-01   1.450000e-01
      vertex   7.200000e-01  -3.180000e-01   1.700000e-01
    endloop
  endfacet
  facet normal   -1.000000e+00   0.000000e+00   0.000000e+00
    outer loop
      vertex   7.200000e-01  -3.180000e-01   1.700000e-01
      vertex   7.200000e-01  -2.826667e-01   1.450000e-01
      vertex   7.200000e-01  -3.180000e-01   1.200000e-01
    endloop
  endfacet
  facet normal   -1.000000e+00  -0.000000e+00   0.000000e+00
    outer loop
      vertex   7.200000e-01  -1.766667e-01   1.700000e-01
      vertex   7.200000e-01  -2.120000e-01   1.450000e-01
      vertex   7.200000e-01  -2.473333e-01   1.700000e-01
    endloop
  endfacet
  facet normal   -1.000000e+00   0.000000e+00   0.000000e+00
    outer loop
      vertex   7.200000e-01  -2.473333e-01   1.700000e-01
      vertex   7.200000e-01  -2.120000e-01   1.450000e-01
      vertex   7.200000e-01  -2.473333e-01   1.200000e-01
    endloop
  endfacet
  facet normal   -1.000000e+00   0.000000e+00   0.000000e+00
    outer loop
      vertex   7.200000e-01  -2.473333e-01   1.200000e-01
      vertex   7.200000e-01  -2.826667e-01   1.450000e-01
      vertex   7.200000e-01  -2.473333e-01   1.700000e-01
    endloop
  endfacet
  facet normal   -1.000000e+00  -0.000000e+00   0.000000e+00
    outer loop
      vertex   7.200000e-01  -1.060000e-01   1.700000e-01
      vertex   7.200000e-01  -1.413333e-01   1.450000e-01
      vertex   7.200000e-01  -1.766667e-01   1.700000e-01
    endloop
  endfacet
  facet normal   -1.000000e+00   0.000000e+00   0.000000e+00
    outer loop
      vertex   7.200000e-01  -1.766667e-01   1.700000e-01
      vertex   7.200000e-01  -1.413333e-01   1.450000e-01
      vertex   7.200000e-01  -1.766667e-01   1.200000e-01
    endloop
  endfacet
  facet normal   -1.000000e+00   0.000000e+00   0.000000e+00
    outer loop
      vertex   7.200000e-01  -1.766667e-01   1.200000e-01
      vertex   7.200000e-01  -2.120000e-01   1.450000e-01
      vertex   7.200000e-01  -1.766667e-01   1.700000e-01
    endloop
  endfacet
  facet normal   -1.000000e+00  -0.000000e+00   0.000000e+00
    outer loop
      vertex   7.200000e-01  -3.533333e-02   1.700000e-01
      vertex   7.200000e-01  -7.066667e-02   1.450000e-01
      vertex   7.200000e-01  -1.060000e-01   1.700000e-01
    endloop
  endfacet
  facet normal   -1.000000e+00   0.000000e+00   0.000000e+00
    outer loop
      vertex   7.200000e-01  -1.060000e-01   1.200000e-01
      vertex   7.200000e-01  -1.413333e-01   1.450000e-01
      vertex   7.200000e-01  -1.060000e-01   1.700000e-01
    endloop
  endfacet
  facet normal   -1.000000e+00   0.000000e+00   0.000000e+00
    outer loop
      vertex   7.200000e-01  -1.060000e-01   1.700000e-01
      vertex   7.200000e-01  -7.066667e-02   1.450000e-01
      vertex   7.200000e-01  -1.060000e-01   1.200000e-01
    endloop
  endfacet
  facet normal   -1.000000e+00  -0.000000e+00   0.000000e+00
    outer loop
      vertex   7.200000e-01   3.533333e-02   1.700000e-01
      vertex   7.200000e-01   1.110223e-15   1.450000e-01
      vertex   7.200000e-01  -3.533333e-02   1.700000e-01
    endloop
  endfacet
  facet normal   -1.000000e+00   0.000000e+00   0.000000e+00
    outer loop
      vertex   7.200000e-01  -3.533333e-02   1.700000e-01
      vertex   7.200000e-01   1.110223e-15   1.450000e-01
      vertex   7.200000e-01  -3.533333e-02   1.200000e-01
    endloop
  endfacet
  facet normal   -1.000000e+00   0.000000e+00   0.000000e+00
    outer loop
      vertex   7.200000e-01  -3.533333e-02   1.200000e-01
      vertex   7.200000e-01  -7.066667e-02   1.450000e-01
      vertex   7.200000e-01  -3.533333e-02   1.700000e-01
    endloop
  endfacet
  facet normal   -1.000000e+00  -0.000000e+00   0.000000e+00
    outer loop
      vertex   7.200000e-01   1.060000e-01   1.700000e-01
      vertex   7.200000e-01   7.066667e-02   1.450000e-01
      vertex   7.200000e-01   3.533333e-02   1.700000e-01
    endloop
  endfacet
  facet normal   -1.000000e+00   0.000000e+00   0.000000e+00
    outer loop
      vertex   7.200000e-01   3.533333e-02   1.200000e-01
      vertex   7.200000e-01   1.110223e-15   1.450000e-01
      vertex   7.200000e-01   3.533333e-02   1.700000e-01
    endloop
  endfacet
  facet normal   -1.000000e+00   0.000000e+00   0.000000e+00
    outer loop
      vertex   7.200000e-01   3.533333e-02   1.700000e-01
      vertex   7.200000e-01   7.066667e-02   1.450000e-01
      vertex   7.200000e-01   3.533333e-02   1.200000e-01
    endloop
  endfacet
  facet normal   -1.000000e+00  -0.000000e+00   0.000000e+00
    outer loop
      vertex   7.200000e-01   1.766667e-01   1.700000e-01
      vertex   7.200000e-01   1.413333e-01   1.450000e-01
      vertex   7.200000e-01   1.060000e-01   1.700000e-01
    endloop
  endfacet
  facet normal   -1.000000e+00   0.000000e+00   0.000000e+00
    outer loop
      vertex   7.200000e-01   1.060000e-01   1.200000e-01
      vertex   7.200000e-01   7.066667e-02   1.450000e-01
      vertex   7.200000e-01   1.060000e-01   1.700000e-01
    endloop
  endfacet
  facet normal   -1.000000e+00   0.000000e+00   0.000000e+00
    outer loop
      vertex   7.200000e-01   1.060000e-01   1.700000e-01
      vertex   7.200000e-01   1.413333e-01   1.450000e-01
      vertex   7.200000e-01   1.060000e-01   1.200000e-01
    endloop
  endfacet
  facet normal   -1.000000e+00  -0.000000e+00   0.000000e+00
    outer loop
      vertex   7.200000e-01   2.473333e-01   1.700000e-01
      vertex   7.200000e-01   2.120000e-01   1.450000e-01
      vertex   7.200000e-01   1.766667e-01   1.700000e-01
    endloop
  endfacet
  facet normal   -1.000000e+00   0.000000e+00   0.000000e+00
    outer loop
      vertex   7.200000e-01   1.766667e-01   1.200000e-01
      vertex   7.200000e-01   1.413333e-01   1.450000e-01
      vertex   7.200000e-01   1.766667e-01   1.700000e-01
    endloop
  endfacet
  facet normal   -1.000000e+00   0.000000e+00   0.000000e+00
    outer loop
      vertex   7.200000e-01   1.766667e-01   1.700000e-01
      vertex   7.200000e-01   2.120000e-01   1.450000e-01
      vertex   7.200000e-01   1.766667e-01   1.200000e-01
    endloop
  endfacet
  facet normal   -1.000000e+00  -0.000000e+00   0.000000e+00
    outer loop
      vertex   7.200000e-01   3.180000e-01   1.700000e-01
      vertex   7.200000e-01   2.826667e-01   1.450000e-01
      vertex   7.200000e-01   2.473333e-01   1.700000e-01
    endloop
  endfacet
  facet normal   -1.000000e+00   0.000000e+00   0.000000e+00
    outer loop
      vertex   7.200000e-01   2.473333e-01   1.700000e-01
      vertex   7.200000e-01   2.826667e-01   1.450000e-01
      vertex   7.200000e-01   2.473333e-01   1.200000e-01
    endloop
  endfacet
  facet normal   -1.000000e+00   0.000000e+00   0.000000e+00
    outer loop
      vertex   7.200000e-01   2.473333e-01   1.200000e-01
      vertex   7.200000e-01   2.120000e-01   1.450000e-01
      vertex   7.200000e-01   2.473333e-01   1.700000e-01
    endloop
  endfacet
  facet normal   -1.000000e+00  -0.000000e+00   0.000000e+00
    outer loop
      vertex   7.200000e-01   3.886667e-01   1.700000e-01
      vertex   7.200000e-01   3.533333e-01   1.450000e-01
      vertex   7.200000e-01   3.180000e-01   1.700000e-01
    endloop
  endfacet
  facet normal   -1.000000e+00   0.000000e+00   0.000000e+00
    outer loop
      vertex   7.200000e-01   3.180000e-01   1.200000e-01
      vertex   7.200000e-01   2.826667e-01   1.450000e-01
      vertex   7.200000e-01   3.180000e-01   1.700000e-01
    endloop
  endfacet
  facet normal   -1.000000e+00   0.000000e+00   0.000000e+00
    outer loop
      vertex   7.200000e-01   3.180000e-01   1.700000e-01
      vertex   7.200000e-01   3.533333e-01   1.450000e-01
      vertex   7.200000e-01   3.180000e-01   1.200000e-01
    endloop
  endfacet
  facet normal   -1.000000e+00  -0.000000e+00   0.000000e+00
    outer loop
      vertex   7.200000e-01   4.593333e-01   1.700000e-01
      vertex   7.200000e-01   4.240000e-01   1.450000e-01
      vertex   7.200000e-01   3.886667e-01   1.700000e-01
    endloop
  endfacet
  facet normal   -1.000000e+00   0.000000e+00   0.000000e+00
    outer loop
      vertex   7.200000e-01   3.886667e-01   1.700000e-01
      vertex   7.200000e-01   4.240000e-01   1.450000e-01
      vertex   7.200000e-01   3.886667e-01   1.200000e-01
    endloop
  endfacet
  facet normal   -1.000000e+00   0.000000e+00   0.000000e+00
    outer loop
      vertex   7.200000e-01   3.886667e-01   1.200000e-01
      vertex   7.200000e-01   3.533333e-01   1.450000e-01
      vertex   7.200000e-01   3.886667e-01   1.700000e-01
    endloop
  endfacet
  facet normal   -1.000000e+00   0.000000e+00   0.000000e+00
    outer loop
      vertex   7.200000e-01   4.593333e-01   1.200000e-01
      vertex   7.200000e-01   4.240000e-01   1.450000e-01
      vertex   7.200000e-01   4.593333e-01   1.700000e-01
    endloop
  endfacet
  facet normal   -1.000000e+00   0.000000e+00   0.000000e+00
    outer loop
      vertex   7.200000e-01   4.593333e-01   1.700000e-01
      vertex   7.200000e-01   4.946667e-01   1.450000e-01
      vertex   7.200000e-01   4.593333e-01   1.200000e-01
    endloop
  endfacet
  facet normal   -1.000000e+00   0.000000e+00   0.000000e+00
    outer loop
      vertex   7.200000e-01  -4.593333e-01   1.200000e-01
      vertex   7.200000e-01  -4.240000e-01   1.450000e-01
      vertex   7.200000e-01  -3.886667e-01   1.200000e-01
    endloop
  endfacet
  facet normal   -1.000000e+00   0.000000e+00   0.000000e+00
    outer loop
      vertex   7.200000e-01  -3.886667e-01   1.200000e-01
      vertex   7.200000e-01  -3.533333e-01   1.450000e-01
      vertex   7.200000e-01  -3.180000e-01   1.200000e-01
    endloop
  endfacet
  facet normal   -1.000000e+00   0.000000e+00   0.000000e+00
    outer loop
      vertex   7.200000e-01  -3.180000e-01   1.200000e-01
      vertex   7.200000e-01  -2.826667e-01   1.450000e-01
      vertex   7.200000e-01  -2.473333e-01   1.200000e-01
    endloop
  endfacet
  facet normal   -1.000000e+00   0.000000e+00   0.000000e+00
    outer loop
      vertex   7.200000e-01  -2.473333e-01   1.200000e-01
      vertex   7.200000e-01  -2.120000e-01   1.450000e-01
      vertex   7.200000e-01  -1.766667e-01   1.200000e-01
    endloop
  endfacet
  facet normal   -1.000000e+00   0.000000e+00   0.000000e+00
    outer loop
      vertex   7.200000e-01  -1.766667e-01   1.200000e-01
      vertex   7.200000e-01  -1.413333e-01   1.450000e-01
      vertex   7.200000e-01  -1.060000e-01   1.200000e-01
    endloop
  endfacet
  facet normal   -1.000000e+00   0.000000e+00   0.000000e+00
    outer loop
      vertex   7.200000e-01  -1.060000e-01   1.200000e-01
      vertex   7.200000e-01  -7.066667e-02   1.450000e-01
      vertex   7.200000e-01  -3.533333e-02   1.200000e-01
    endloop
  endfacet
  facet normal   -1.000000e+00   0.000000e+00   0.000000e+00
    outer loop
      vertex   7.200000e-01  -3.533333e-02   1.200000e-01
      vertex   7.200000e-01   1.110223e-15   1.450000e-01
      vertex   7.200000e-01   3.533333e-02   1.200000e-01
    endloop
  endfacet
  facet normal   -1.000000e+00   0.000000e+00   0.000000e+00
    outer loop
      vertex   7.200000e-01   3.533333e-02   1.200000e-01
      vertex   7.200000e-01   7.066667e-02   1.450000e-01
      vertex   7.200000e-01   1.060000e-01   1.200000e-01
    endloop
  endfacet
  facet normal   -1.000000e+00   0.000000e+00   0.000000e+00
    outer loop
      vertex   7.200000e-01   1.060000e-01   1.200000e-01
      vertex   7.200000e-01   1.413333e-01   1.450000e-01
      vertex   7.200000e-01   1.766667e-01   1.200000e-01
    endloop
  endfacet
  facet normal   -1.000000e+00   0.000000e+00   0.000000e+00
    outer loop
      vertex   7.200000e-01   1.766667e-01   1.200000e-01
      vertex   7.200000e-01   2.120000e-01   1.450000e-01
      vertex   7.200000e-01   2.473333e-01   1.200000e-01
    endloop
  endfacet
  facet normal   -1.000000e+00   0.000000e+00   0.000000e+00
    outer loop
      vertex   7.200000e-01   2.473333e-01   1.200000e-01
      vertex   7.200000e-01   2.826667e-01   1.450000e-01
      vertex   7.200000e-01   3.180000e-01   1.200000e-01
    endloop
  endfacet
  facet normal   -1.000000e+00   0.000000e+00   0.000000e+00
    outer loop
      vertex   7.200000e-01   3.180000e-01   1.200000e-01
      vertex   7.200000e-01   3.533333e-01   1.450000e-01
      vertex   7.200000e-01   3.886667e-01   1.200000e-01
    endloop
  endfacet
  facet normal   -1.000000e+00   0.000000e+00   0.000000e+00
    outer loop
      vertex   7.200000e-01   3.886667e-01   1.200000e-01
      vertex   7.200000e-01   4.240000e-01   1.450000e-01
      vertex   7.200000e-01   4.593333e-01   1.200000e-01
    endloop
  endfacet
endsolid meshmagick
